country,year,duration_std,value,total_value,percent_of_total
Austria,2023,0-1,208,14721,0.014129474899803002
Austria,2023,0-1,649,14721,0.04408667889409687
Austria,2023,1-2,683,14721,0.04639630459887236
Austria,2023,3-4,825,14721,0.056042388424699406
Austria,2023,3-4,950,14721,0.06453365939813871
Austria,2023,5-9,872,14721,0.05923510631071259
Austria,2023,5-9,787,14721,0.05346104204877386
Austria,2023,5-9,757,14721,0.051423137015148425
Austria,2023,5-9,738,14721,0.050132463827185655
Austria,2023,5-9,625,14721,0.042456354867196525
Austria,2023,10+,2578,14721,0.1751239725562122
Austria,2023,10+,1913,14721,0.1299504109775151
Austria,2023,10+,1245,14721,0.08457305889545547
Austria,2023,10+,1891,14721,0.1284559472861898
Austria,2019,0-1,306,16319,0.018751148967461242
Austria,2019,0-1,742,16319,0.04546847233286353
Austria,2019,1-2,985,16319,0.06035909063055334
Austria,2019,3-4,1098,16319,0.0672835345303021
Austria,2019,3-4,944,16319,0.057846681781971936
Austria,2019,5-9,789,16319,0.04834855076904222
Austria,2019,5-9,841,16319,0.05153502052821864
Austria,2019,5-9,746,16319,0.04571358539126172
Austria,2019,5-9,706,16319,0.04326245480727986
Austria,2019,5-9,693,16319,0.04246583736748575
Austria,2019,10+,2722,16319,0.16679943623996568
Austria,2019,10+,2001,16319,0.12261780746369262
Austria,2019,10+,1545,16319,0.0946749188062994
Austria,2019,10+,2201,16319,0.13487346038360193
Austria,2018,0-1,244,16304,0.014965652600588812
Austria,2018,0-1,779,16304,0.047779685966633956
Austria,2018,1-2,977,16304,0.059923945044160945
Austria,2018,3-4,1038,16304,0.06366535819430814
Austria,2018,3-4,954,16304,0.05851324828263003
Austria,2018,5-9,866,16304,0.053115799803729144
Austria,2018,5-9,836,16304,0.05127576054955839
Austria,2018,5-9,761,16304,0.0466756624141315
Austria,2018,5-9,667,16304,0.04091020608439647
Austria,2018,5-9,650,16304,0.039867517173699706
Austria,2018,10+,2703,16304,0.1657875368007851
Austria,2018,10+,1990,16304,0.12205593719332679
Austria,2018,10+,1554,16304,0.09531403336604514
Austria,2018,10+,2285,16304,0.1401496565260059
Austria,2017,0-1,268,16180,0.016563658838071694
Austria,2017,0-1,760,16180,0.04697156983930779
Austria,2017,1-2,983,16180,0.060754017305315204
Austria,2017,3-4,1032,16180,0.06378244746600742
Austria,2017,3-4,945,16180,0.058405438813349815
Austria,2017,5-9,865,16180,0.0534610630407911
Austria,2017,5-9,809,16180,0.05
Austria,2017,5-9,732,16180,0.045241038318912234
Austria,2017,5-9,669,16180,0.04134734239802225
Austria,2017,5-9,644,16180,0.03980222496909765
Austria,2017,10+,2648,16180,0.16365883807169346
Austria,2017,10+,2084,16180,0.1288009888751545
Austria,2017,10+,1611,16180,0.0995673671199011
Austria,2017,10+,2130,16180,0.13164400494437578
Austria,2016,0-1,241,15919,0.015139141905898611
Austria,2016,0-1,715,15919,0.04491488158803945
Austria,2016,1-2,976,15919,0.061310383818079024
Austria,2016,3-4,969,15919,0.06087065770462969
Austria,2016,3-4,842,15919,0.05289276964633457
Austria,2016,5-9,921,15919,0.057855392926691375
Austria,2016,5-9,767,15919,0.04818141843080596
Austria,2016,5-9,686,15919,0.04309315911803505
Austria,2016,5-9,673,15919,0.042276524907343425
Austria,2016,5-9,596,15919,0.037439537659400716
Austria,2016,10+,2760,15919,0.173377724731453
Austria,2016,10+,2070,15919,0.13003329354858972
Austria,2016,10+,1540,15919,0.09673974495885419
Austria,2016,10+,2163,15919,0.1358753690558452
Austria,2012,0-1,282,17006,0.016582382688462894
Austria,2012,0-1,818,17006,0.0481006703516406
Austria,2012,1-2,982,17006,0.05774432553216512
Austria,2012,3-4,959,17006,0.05639186169587204
Austria,2012,3-4,912,17006,0.0536281312477949
Austria,2012,5-9,892,17006,0.052452075737974835
Austria,2012,5-9,954,17006,0.05609784781841703
Austria,2012,5-9,919,17006,0.054039750676231915
Austria,2012,5-9,825,17006,0.04851228978007762
Austria,2012,5-9,594,17006,0.03492884864165589
Austria,2012,10+,608,17006,0.03575208749852993
Austria,2012,10+,536,17006,0.0315182876631777
Austria,2012,10+,534,17006,0.031400682112195696
Austria,2012,10+,484,17006,0.028460543337645538
Austria,2012,10+,481,17006,0.028284135011172527
Austria,2012,10+,505,17006,0.029695401622956603
Austria,2012,10+,488,17006,0.02869575443960955
Austria,2012,10+,455,17006,0.026755262848406444
Austria,2012,10+,419,17006,0.02463836293073033
Austria,2012,10+,405,17006,0.023815124073856286
Austria,2012,10+,440,17006,0.0258732212160414
Austria,2012,10+,340,17006,0.019992943666941078
Austria,2012,10+,338,17006,0.01987533811595907
Austria,2012,10+,303,17006,0.017817240973773962
Austria,2012,10+,432,17006,0.025402799012113373
Austria,2012,10+,282,17006,0.016582382688462894
Austria,2012,10+,206,17006,0.012113371751146655
Austria,2012,10+,194,17006,0.011407738445254617
Austria,2012,10+,180,17006,0.010584499588380572
Austria,2012,10+,150,17006,0.008820416323650476
Austria,2012,10+,133,17006,0.007820769140303422
Austria,2012,10+,132,17006,0.007761966364812419
Austria,2012,10+,94,17006,0.005527460896154299
Austria,2012,10+,93,17006,0.005468658120663296
Austria,2012,10+,91,17006,0.005351052569681289
Austria,2012,10+,546,17006,0.032106315418087734
Austria,2011,0-1,283,17295,0.01636311072564325
Austria,2011,0-1,803,17295,0.04642960393177219
Austria,2011,1-2,992,17295,0.05735761780861521
Austria,2011,3-4,1069,17295,0.06180977161029199
Austria,2011,3-4,924,17295,0.05342584562012142
Austria,2011,5-9,997,17295,0.05764671870482799
Austria,2011,5-9,945,17295,0.05464006938421509
Austria,2011,5-9,844,17295,0.04880023128071697
Austria,2011,5-9,731,17295,0.042266551026308184
Austria,2011,5-9,656,17295,0.037930037583116506
Austria,2011,10+,580,17295,0.03353570396068228
Austria,2011,10+,615,17295,0.03555941023417172
Austria,2011,10+,539,17295,0.031165076611737497
Austria,2011,10+,553,17295,0.03197455912113328
Austria,2011,10+,549,17295,0.03174327840416305
Austria,2011,10+,464,17295,0.026828563168545823
Austria,2011,10+,491,17295,0.028389708008094827
Austria,2011,10+,475,17295,0.027464585140213934
Austria,2011,10+,439,17295,0.025383058687481933
Austria,2011,10+,446,17295,0.02578779994217982
Austria,2011,10+,362,17295,0.020930904885805145
Austria,2011,10+,338,17295,0.01954322058398381
Austria,2011,10+,313,17295,0.01809771610291992
Austria,2011,10+,439,17295,0.025383058687481933
Austria,2011,10+,315,17295,0.01821335646140503
Austria,2011,10+,240,17295,0.013876843018213356
Austria,2011,10+,244,17295,0.01410812373518358
Austria,2011,10+,226,17295,0.013067360508817577
Austria,2011,10+,208,17295,0.012026597282451576
Austria,2011,10+,159,17295,0.009193408499566348
Austria,2011,10+,170,17295,0.009829430471234461
Austria,2011,10+,140,17295,0.008094825093957791
Austria,2011,10+,94,17295,0.005435096848800231
Austria,2011,10+,79,17295,0.004567794160161897
Austria,2011,10+,82,17295,0.004741254697889563
Austria,2011,10+,491,17295,0.028389708008094827
Austria,2010,0-1,285,17474,0.016309946205791463
Austria,2010,0-1,810,17474,0.046354583953302046
Austria,2010,1-2,1016,17474,0.058143527526610964
Austria,2010,3-4,1028,17474,0.05883026210369692
Austria,2010,3-4,1074,17474,0.06146274464919309
Austria,2010,5-9,1132,17474,0.06478196177177521
Austria,2010,5-9,984,17474,0.05631223532104841
Austria,2010,5-9,771,17474,0.044122696577772694
Austria,2010,5-9,699,17474,0.04000228911525695
Austria,2010,5-9,633,17474,0.03622524894128419
Austria,2010,10+,647,17474,0.03702643928121781
Austria,2010,10+,582,17474,0.03330662698866888
Austria,2010,10+,574,17474,0.032848803937278244
Austria,2010,10+,529,17474,0.030273549273205906
Austria,2010,10+,502,17474,0.028728396474762503
Austria,2010,10+,494,17474,0.028270573423371866
Austria,2010,10+,482,17474,0.02758383884628591
Austria,2010,10+,453,17474,0.02592423028499485
Austria,2010,10+,409,17474,0.023406203502346342
Austria,2010,10+,435,17474,0.024894128419365915
Austria,2010,10+,375,17474,0.021460455533936135
Austria,2010,10+,316,17474,0.01808401052993018
Austria,2010,10+,521,17474,0.02981572622181527
Austria,2010,10+,320,17474,0.0183129220556255
Austria,2010,10+,286,17474,0.016367174087215292
Austria,2010,10+,249,17474,0.014249742474533592
Austria,2010,10+,251,17474,0.014364198237381252
Austria,2010,10+,195,17474,0.01115943687764679
Austria,2010,10+,193,17474,0.01104498111479913
Austria,2010,10+,150,17474,0.008584182213574454
Austria,2010,10+,176,17474,0.010072107130594025
Austria,2010,10+,117,17474,0.006695662126588074
Austria,2010,10+,89,17474,0.0050932814467208425
Austria,2010,10+,94,17474,0.005379420853839991
Austria,2010,10+,73,17474,0.004177635343939568
Austria,2010,10+,530,17474,0.030330777154629736
Austria,2009,0-1,364,18806,0.019355524832500266
Austria,2009,0-1,873,18806,0.04642135488673828
Austria,2009,1-2,1093,18806,0.058119749016271406
Austria,2009,3-4,1390,18806,0.07391258109114113
Austria,2009,3-4,1259,18806,0.06694671913219186
Austria,2009,5-9,1166,18806,0.062001488886525576
Austria,2009,5-9,909,18806,0.048335637562480056
Austria,2009,5-9,791,18806,0.042061044347548655
Austria,2009,5-9,742,18806,0.039455492927789
Austria,2009,5-9,721,18806,0.0383388280336063
Austria,2009,10+,654,18806,0.034776135275975756
Austria,2009,10+,622,18806,0.03307455067531639
Austria,2009,10+,578,18806,0.03073487184940976
Austria,2009,10+,572,18806,0.030415824736786133
Austria,2009,10+,541,18806,0.028767414654897374
Austria,2009,10+,537,18806,0.028554716579814954
Austria,2009,10+,528,18806,0.028076145910879508
Austria,2009,10+,482,18806,0.02563011804743167
Austria,2009,10+,416,18806,0.02212059980857173
Austria,2009,10+,443,18806,0.02355631181537807
Austria,2009,10+,378,18806,0.020099968095288738
Austria,2009,10+,540,18806,0.028714240136126768
Austria,2009,10+,381,18806,0.020259491651600552
Austria,2009,10+,317,18806,0.016856322450281826
Austria,2009,10+,296,18806,0.01573965755609912
Austria,2009,10+,290,18806,0.015420610443475487
Austria,2009,10+,252,18806,0.013399978730192491
Austria,2009,10+,222,18806,0.011804743167074338
Austria,2009,10+,188,18806,0.009996809528873763
Austria,2009,10+,180,18806,0.009571413378708923
Austria,2009,10+,149,18806,0.007923003296820164
Austria,2009,10+,127,18806,0.006753163883866851
Austria,2009,10+,114,18806,0.006061895139848984
Austria,2009,10+,91,18806,0.004838881208125066
Austria,2009,10+,99,18806,0.005264277358289908
Austria,2009,10+,501,18806,0.02664043390407317
Austria,2008,0-1,337,19701,0.01710573067356987
Austria,2008,0-1,910,19701,0.04619054870311152
Austria,2008,1-2,1414,19701,0.07177300644637329
Austria,2008,3-4,1651,19701,0.08380285264707375
Austria,2008,3-4,1306,19701,0.06629105121567433
Austria,2008,5-9,1187,19701,0.060250748692959745
Austria,2008,5-9,944,19701,0.04791634942388711
Austria,2008,5-9,819,19701,0.041571493832800364
Austria,2008,5-9,818,19701,0.04152073498807167
Austria,2008,5-9,723,19701,0.036698644738845744
Austria,2008,10+,648,19701,0.0328917313841937
Austria,2008,10+,605,19701,0.030709101060859854
Austria,2008,10+,616,19701,0.03126744835287549
Austria,2008,10+,614,19701,0.0311659306634181
Austria,2008,10+,494,19701,0.025074869295974824
Austria,2008,10+,527,19701,0.026749911172021724
Austria,2008,10+,542,19701,0.027511293842952134
Austria,2008,10+,514,19701,0.026090046190548704
Austria,2008,10+,450,19701,0.02284148012791229
Austria,2008,10+,407,19701,0.02065884980457845
Austria,2008,10+,611,19701,0.03101365412923202
Austria,2008,10+,410,19701,0.02081112633876453
Austria,2008,10+,353,19701,0.017917872189228974
Austria,2008,10+,339,19701,0.01720724836302726
Austria,2008,10+,337,19701,0.01710573067356987
Austria,2008,10+,292,19701,0.01482158266077864
Austria,2008,10+,250,19701,0.012689711182173494
Austria,2008,10+,183,19701,0.009288868585350997
Austria,2008,10+,191,19701,0.00969493934318055
Austria,2008,10+,157,19701,0.007969138622404955
Austria,2008,10+,148,19701,0.0075123090198467085
Austria,2008,10+,116,19701,0.005888025988528501
Austria,2008,10+,112,19701,0.005684990609613725
Austria,2008,10+,111,19701,0.005634231764885031
Austria,2008,10+,96,19701,0.004872849093954621
Austria,2008,10+,469,19701,0.023805898177757474
Austria,2007,0-1,296,20516,0.014427763696627023
Austria,2007,0-1,1179,20516,0.057467342561902904
Austria,2007,1-2,1881,20516,0.09168453889647105
Austria,2007,3-4,1814,20516,0.08841879508676155
Austria,2007,3-4,1351,20516,0.0658510430883213
Austria,2007,5-9,1083,20516,0.05278806784948333
Austria,2007,5-9,895,20516,0.04362448820432833
Austria,2007,5-9,830,20516,0.04045622928446091
Austria,2007,5-9,758,20516,0.036946773250146225
Austria,2007,5-9,712,20516,0.03470462078377851
Austria,2007,10+,744,20516,0.03626437902125171
Austria,2007,10+,665,20516,0.032413725872489765
Austria,2007,10+,609,20516,0.02968414895691168
Austria,2007,10+,588,20516,0.028660557613569896
Austria,2007,10+,577,20516,0.028124390719438487
Austria,2007,10+,601,20516,0.029294209397543382
Austria,2007,10+,536,20516,0.02612595047767596
Austria,2007,10+,490,20516,0.023883798011308247
Austria,2007,10+,386,20516,0.018814583739520375
Austria,2007,10+,655,20516,0.031926301423279395
Austria,2007,10+,426,20516,0.020764281536361864
Austria,2007,10+,368,20516,0.017937219730941704
Austria,2007,10+,342,20516,0.016669916162994736
Austria,2007,10+,344,20516,0.01676740105283681
Austria,2007,10+,309,20516,0.015061415480600507
Austria,2007,10+,243,20516,0.011844414115812048
Austria,2007,10+,225,20516,0.01096705010723338
Austria,2007,10+,242,20516,0.011795671670891012
Austria,2007,10+,153,20516,0.007457594072918698
Austria,2007,10+,154,20516,0.007506336517839735
Austria,2007,10+,133,20516,0.006482745174497953
Austria,2007,10+,122,20516,0.0059465782803665435
Austria,2007,10+,97,20516,0.004728017157340612
Austria,2007,10+,113,20516,0.005507896276077208
Austria,2007,10+,81,20516,0.003948138038604016
Austria,2007,10+,514,20516,0.025053616689413142
Austria,2004,0-1,414,19590,0.02113323124042879
Austria,2004,0-1,1204,19590,0.06145992853496682
Austria,2004,1-2,1443,19590,0.07366003062787137
Austria,2004,3-4,1369,19590,0.0698825931597754
Austria,2004,3-4,1218,19590,0.06217457886676876
Austria,2004,5-9,1083,19590,0.0552833078101072
Austria,2004,5-9,952,19590,0.048596222562531904
Austria,2004,5-9,952,19590,0.048596222562531904
Austria,2004,5-9,810,19590,0.04134762633996937
Austria,2004,5-9,721,19590,0.0368044920877999
Austria,2004,10+,3198,19590,0.16324655436447166
Austria,2004,10+,2591,19590,0.13226135783563042
Austria,2004,10+,1758,19590,0.08973966309341501
Austria,2004,10+,1877,19590,0.0958141909137315
Austria,2003,0-1,381,19066,0.0199832161963705
Austria,2003,0-1,1013,19066,0.053131228364628136
Austria,2003,1-2,1211,19066,0.06351620686037973
Austria,2003,3-4,1310,19066,0.06870869610825553
Austria,2003,3-4,1211,19066,0.06351620686037973
Austria,2003,5-9,1050,19066,0.055071855659288786
Austria,2003,5-9,945,19066,0.04956467009335991
Austria,2003,5-9,848,19066,0.04447707961816847
Austria,2003,5-9,849,19066,0.04452952900451065
Austria,2003,5-9,815,19066,0.04274624986887653
Austria,2003,10+,3151,19066,0.16526801636420854
Austria,2003,10+,2790,19066,0.14633378789468163
Austria,2003,10+,1655,19066,0.08680373439630756
Austria,2003,10+,1837,19066,0.09634952271058429
Austria,2002,0-1,400,19918,0.02008233758409479
Austria,2002,0-1,1040,19918,0.05221407771864645
Austria,2002,1-2,1260,19918,0.06325936338989858
Austria,2002,3-4,1277,19918,0.06411286273722261
Austria,2002,3-4,1213,19918,0.06089968872376745
Austria,2002,5-9,1149,19918,0.05768651471031228
Austria,2002,5-9,968,19918,0.04859925695350939
Austria,2002,5-9,988,19918,0.049603373832714126
Austria,2002,5-9,926,19918,0.04649061150717944
Austria,2002,5-9,886,19918,0.04448237774876996
Austria,2002,10+,3559,19918,0.17868259865448338
Austria,2002,10+,2608,19918,0.13093684104829803
Austria,2002,10+,1697,19918,0.08519931720052214
Austria,2002,10+,1947,19918,0.09775077819058138
Austria,1997,0-1,440,18027,0.02440783269540134
Austria,1997,0-1,1069,18027,0.059299938980418264
Austria,1997,1-2,1227,18027,0.06806456981194875
Austria,1997,3-4,1320,18027,0.07322349808620403
Austria,1997,3-4,1193,18027,0.06617851001275864
Austria,1997,5-9,1060,18027,0.05880068785710323
Austria,1997,5-9,993,18027,0.05508404060575803
Austria,1997,5-9,934,18027,0.05181117213069285
Austria,1997,5-9,732,18027,0.040605758029622234
Austria,1997,5-9,996,18027,0.05525045764686304
Austria,1997,10+,2990,18027,0.1658623176346591
Austria,1997,10+,2041,18027,0.11321906029844123
Austria,1997,10+,3032,18027,0.16819215621012926
Austria,1996,0-1,414,18079,0.022899496653575973
Austria,1996,0-1,1059,18079,0.05857624868632114
Austria,1996,1-2,1306,18079,0.07223850876707782
Austria,1996,3-4,1336,18079,0.07389789258255434
Austria,1996,3-4,1131,18079,0.0625587698434648
Austria,1996,5-9,1086,18079,0.06006969412025001
Austria,1996,5-9,955,18079,0.05282371812600255
Austria,1996,5-9,863,18079,0.04773494109187455
Austria,1996,5-9,1128,18079,0.06239283146191714
Austria,1996,5-9,802,18079,0.044360860667072295
Austria,1996,10+,2971,18079,0.16433431052602468
Austria,1996,10+,2023,18079,0.11189778195696665
Austria,1996,10+,3005,18079,0.16621494551689805
Austria,1995,0-1,463,18204,0.025433970555921774
Austria,1995,0-1,1162,18204,0.06383212480773456
Austria,1995,1-2,1412,18204,0.07756537024829707
Austria,1995,3-4,1350,18204,0.07415952537903757
Austria,1995,3-4,1205,18204,0.06619424302351132
Austria,1995,5-9,1154,18204,0.06339266095363656
Austria,1995,5-9,884,18204,0.04856075587782905
Austria,1995,5-9,1187,18204,0.06520544935179082
Austria,1995,5-9,864,18204,0.047462096242584045
Austria,1995,5-9,733,18204,0.040265875631729293
Austria,1995,10+,2855,18204,0.15683366293122392
Austria,1995,10+,1914,18204,0.1051417270929466
Austria,1995,10+,3021,18204,0.1659525379037574
Belarus,2018,0-1,989,33152,0.029832287644787646
Belarus,2018,0-1,2237,33152,0.06747707528957529
Belarus,2018,1-2,2698,33152,0.08138272200772201
Belarus,2018,3-4,2859,33152,0.08623914092664092
Belarus,2018,3-4,2702,33152,0.08150337837837837
Belarus,2018,5-9,9189,33152,0.2771778474903475
Belarus,2018,10+,5147,33152,0.15525458494208494
Belarus,2018,10+,2895,33152,0.08732504826254826
Belarus,2018,10+,4436,33152,0.13380791505791506
Belarus,2017,0-1,990,32006,0.030931700306192588
Belarus,2017,0-1,2458,32006,0.07679810035618322
Belarus,2017,1-2,2920,32006,0.09123289383240642
Belarus,2017,3-4,2815,32006,0.08795225895144661
Belarus,2017,3-4,2488,32006,0.07773542460788602
Belarus,2017,5-9,8633,32006,0.26973067549834406
Belarus,2017,10+,4580,32006,0.143098169093295
Belarus,2017,10+,2804,32006,0.08760857339248891
Belarus,2017,10+,4318,32006,0.13491220396175718
Belarus,2016,0-1,1192,32628,0.03653303910751502
Belarus,2016,0-1,2778,32628,0.08514159617506437
Belarus,2016,1-2,2985,32628,0.09148584038249356
Belarus,2016,3-4,2794,32628,0.08563197253892363
Belarus,2016,3-4,2458,32628,0.07533406889787912
Belarus,2016,5-9,8514,32628,0.26094152261860976
Belarus,2016,10+,4508,32628,0.13816354051734706
Belarus,2016,10+,2818,32628,0.08636753708471252
Belarus,2016,10+,4581,32628,0.14040088267745496
Belarus,2015,0-1,1329,32984,0.0402922629153529
Belarus,2015,0-1,2910,32984,0.08822459374242057
Belarus,2015,1-2,2900,32984,0.08792141644433665
Belarus,2015,3-4,2628,32984,0.07967499393645404
Belarus,2015,3-4,2447,32984,0.07418748484113509
Belarus,2015,5-9,8808,32984,0.26703856415231625
Belarus,2015,10+,4334,32984,0.1313970409895707
Belarus,2015,10+,2899,32984,0.08789109871452826
Belarus,2015,10+,4729,32984,0.14337254426388552
Belarus,2014,0-1,1431,34864,0.04104520422212024
Belarus,2014,0-1,2781,34864,0.07976709499770537
Belarus,2014,1-2,2938,34864,0.08427030748049565
Belarus,2014,3-4,2815,34864,0.08074231298760899
Belarus,2014,3-4,2468,34864,0.07078935291418081
Belarus,2014,5-9,9186,34864,0.2634809545663148
Belarus,2014,10+,4874,34864,0.1398003671408903
Belarus,2014,10+,3173,34864,0.09101078476365305
Belarus,2014,10+,5198,34864,0.14909362092703074
Belarus,2012,0-1,1211,39034,0.03102423528206179
Belarus,2012,0-1,2931,39034,0.07508838448532049
Belarus,2012,1-2,3061,39034,0.07841881436696213
Belarus,2012,3-4,3148,39034,0.08064764051852231
Belarus,2012,3-4,3177,39034,0.08139058256904237
Belarus,2012,5-9,9818,39034,0.251524312138136
Belarus,2012,10+,5932,39034,0.15197007736844803
Belarus,2012,10+,3811,39034,0.0976328329148947
Belarus,2012,10+,5945,39034,0.15230312035661217
Belarus,2011,0-1,1124,38584,0.029131246112378186
Belarus,2011,0-1,2875,38584,0.07451275139954386
Belarus,2011,1-2,3317,38584,0.08596827700601285
Belarus,2011,3-4,3581,38584,0.09281049139539706
Belarus,2011,3-4,3100,38584,0.08034418411776903
Belarus,2011,5-9,9488,38584,0.24590503835786853
Belarus,2011,10+,5638,38584,0.14612274517934895
Belarus,2011,10+,3728,38584,0.09662036077130416
Belarus,2011,10+,5733,38584,0.14858490566037735
Belarus,2009,0-1,1084,35056,0.03092195344591511
Belarus,2009,0-1,2918,35056,0.08323824737562757
Belarus,2009,1-2,2907,35056,0.08292446371519854
Belarus,2009,3-4,2708,35056,0.0772478320401643
Belarus,2009,3-4,2248,35056,0.0641259698767686
Belarus,2009,5-9,8939,35056,0.2549920127795527
Belarus,2009,10+,5400,35056,0.15403925148334094
Belarus,2009,10+,3578,35056,0.10206526700136924
Belarus,2009,10+,5274,35056,0.15044500228206298
Belarus,2008,0-1,1263,36679,0.03443387224297282
Belarus,2008,0-1,2562,36679,0.06984923253087598
Belarus,2008,1-2,2686,36679,0.07322991357452494
Belarus,2008,3-4,2498,36679,0.06810436489544426
Belarus,2008,3-4,2433,36679,0.06633223370320893
Belarus,2008,5-9,9865,36679,0.2689549878677172
Belarus,2008,10+,5718,36679,0.15589301780310258
Belarus,2008,10+,4143,36679,0.11295291583740015
Belarus,2008,10+,5511,36679,0.15024946154475313
Belarus,2007,0-1,1033,36146,0.02857854257732529
Belarus,2007,0-1,2243,36146,0.062053892546893155
Belarus,2007,1-2,2340,36146,0.06473745366015603
Belarus,2007,3-4,2541,36146,0.07029823493609251
Belarus,2007,3-4,2503,36146,0.06924694295357715
Belarus,2007,5-9,10185,36146,0.2817739168926022
Belarus,2007,10+,5762,36146,0.15940906324351242
Belarus,2007,10+,4160,36146,0.11508880650694406
Belarus,2007,10+,5379,36146,0.14881314668289713
Belarus,2004,0-1,955,29133,0.03278069543129784
Belarus,2004,0-1,1777,29133,0.060996121237085095
Belarus,2004,1-2,1974,29133,0.06775821233652558
Belarus,2004,3-4,1997,29133,0.06854769505371915
Belarus,2004,3-4,2073,29133,0.07115642055401092
Belarus,2004,5-9,7487,29133,0.25699378711426907
Belarus,2004,10+,5008,29133,0.17190128033501528
Belarus,2004,10+,3291,29133,0.11296467922973948
Belarus,2004,10+,4571,29133,0.15690110870833762
Belarus,1997,0-1,1334,47301,0.02820236358639352
Belarus,1997,0-1,2643,47301,0.05587619712056827
Belarus,1997,1-2,3069,47301,0.0648823492103761
Belarus,1997,3-4,3178,47301,0.06718674023804994
Belarus,1997,3-4,3339,47301,0.0705904737743388
Belarus,1997,5-9,14039,47301,0.296801336123972
Belarus,1997,10+,8652,47301,0.18291368047187162
Belarus,1997,10+,5295,47301,0.1119426650599353
Belarus,1997,10+,5752,47301,0.12160419441449441
Belarus,1996,0-1,1569,34986,0.04484651003258446
Belarus,1996,0-1,2610,34986,0.0746012690790602
Belarus,1996,1-2,3083,34986,0.0881209626707826
Belarus,1996,3-4,2887,34986,0.08251872177442406
Belarus,1996,3-4,2535,34986,0.07245755445035157
Belarus,1996,5-9,8768,34986,0.2506145315268965
Belarus,1996,10+,5420,34986,0.15491911050134338
Belarus,1996,10+,3358,34986,0.09598124964271423
Belarus,1996,10+,4758,34986,0.13599725604527527
Belarus,1995,0-1,1536,42119,0.03646810228163062
Belarus,1995,0-1,2821,42119,0.06697689878677082
Belarus,1995,1-2,3140,42119,0.07455067784135426
Belarus,1995,3-4,3275,42119,0.0777558821434507
Belarus,1995,3-4,3341,42119,0.07932287091336451
Belarus,1995,5-9,11936,42119,0.2833875448135046
Belarus,1995,10+,6992,42119,0.16600584059450604
Belarus,1995,10+,4456,42119,0.10579548422327216
Belarus,1995,10+,4621,42119,0.10971295614805669
Belgium,2023,0-1,202,20046,0.010076823306395291
Belgium,2023,0-1,690,20046,0.03442083208620174
Belgium,2023,1-2,703,20046,0.035069340516811334
Belgium,2023,3-4,887,20046,0.0442482290731318
Belgium,2023,3-4,1057,20046,0.052728723934949616
Belgium,2023,5-9,1043,20046,0.052030330240446974
Belgium,2023,5-9,1004,20046,0.05008480494861818
Belgium,2023,5-9,988,20046,0.04928664072632944
Belgium,2023,5-9,924,20046,0.0460939838371745
Belgium,2023,5-9,865,20046,0.043150753267484784
Belgium,2023,10+,3729,20046,0.18602214905716852
Belgium,2023,10+,2685,20046,0.1339419335528285
Belgium,2023,10+,1843,20046,0.09193854135488377
Belgium,2023,10+,3404,20046,0.16980943829192857
Belgium,2022,0-1,165,19363,0.008521406806796467
Belgium,2022,0-1,487,19363,0.02515106130248412
Belgium,2022,1-2,695,19363,0.03589319836802148
Belgium,2022,3-4,929,19363,0.04797810256675102
Belgium,2022,3-4,942,19363,0.0486494861333471
Belgium,2022,5-9,901,19363,0.046532045654082525
Belgium,2022,5-9,895,19363,0.04622217631565357
Belgium,2022,5-9,928,19363,0.04792645767701286
Belgium,2022,5-9,823,19363,0.042503744254506017
Belgium,2022,5-9,867,19363,0.04477611940298507
Belgium,2022,10+,3729,19363,0.19258379383360016
Belgium,2022,10+,2618,19363,0.13520632133450394
Belgium,2022,10+,1896,19363,0.09791871094355213
Belgium,2022,10+,3470,19363,0.1792077673914166
Belgium,2021,0-1,121,22172,0.0054573335738769616
Belgium,2021,0-1,584,22172,0.0263395273317698
Belgium,2021,1-2,984,22172,0.04438029947681761
Belgium,2021,3-4,1052,22172,0.047447230741475735
Belgium,2021,3-4,1044,22172,0.047086415298574776
Belgium,2021,5-9,1032,22172,0.04654519213422335
Belgium,2021,5-9,1073,22172,0.04839437127909074
Belgium,2021,5-9,1065,22172,0.04803355583618979
Belgium,2021,5-9,1016,22172,0.045823561248421435
Belgium,2021,5-9,994,22172,0.0448313187804438
Belgium,2021,10+,4179,22172,0.18848096698538697
Belgium,2021,10+,2831,22172,0.12768356485657587
Belgium,2021,10+,2202,22172,0.09931445065848818
Belgium,2021,10+,3970,22172,0.1790546635395995
Belgium,2020,0-1,167,21300,0.00784037558685446
Belgium,2020,0-1,611,21300,0.028685446009389673
Belgium,2020,1-2,862,21300,0.040469483568075115
Belgium,2020,3-4,1035,21300,0.048591549295774646
Belgium,2020,3-4,991,21300,0.04652582159624413
Belgium,2020,5-9,1027,21300,0.048215962441314555
Belgium,2020,5-9,1001,21300,0.04699530516431925
Belgium,2020,5-9,1009,21300,0.047370892018779344
Belgium,2020,5-9,1021,21300,0.04793427230046948
Belgium,2020,5-9,1003,21300,0.04708920187793427
Belgium,2020,10+,3950,21300,0.18544600938967137
Belgium,2020,10+,2798,21300,0.13136150234741784
Belgium,2020,10+,2116,21300,0.09934272300469484
Belgium,2020,10+,3695,21300,0.17347417840375587
Belgium,2017,0-1,143,23068,0.006199063637940003
Belgium,2017,0-1,629,23068,0.027267209987861973
Belgium,2017,1-2,944,23068,0.040922490029478065
Belgium,2017,3-4,995,23068,0.043133344893358766
Belgium,2017,3-4,1098,23068,0.04759840471649038
Belgium,2017,5-9,1144,23068,0.049592509103520026
Belgium,2017,5-9,1178,23068,0.05106641234610716
Belgium,2017,5-9,1228,23068,0.053233917114617654
Belgium,2017,5-9,1123,23068,0.048682157100745624
Belgium,2017,5-9,1088,23068,0.04716490376278828
Belgium,2017,10+,4026,23068,0.17452748396046472
Belgium,2017,10+,2832,23068,0.1227674700884342
Belgium,2017,10+,2426,23068,0.10516733136812902
Belgium,2017,10+,4214,23068,0.18267730189006415
Belgium,2010,0-1,61,28903,0.002110507559768882
Belgium,2010,0-1,721,28903,0.02494550738677646
Belgium,2010,1-2,1394,28903,0.04823028751340691
Belgium,2010,3-4,1683,28903,0.05822924955886932
Belgium,2010,3-4,1689,28903,0.05843684046638757
Belgium,2010,5-9,1543,28903,0.05338546171677681
Belgium,2010,5-9,1432,28903,0.049545029927689166
Belgium,2010,5-9,1241,28903,0.04293671937169152
Belgium,2010,5-9,1168,28903,0.04041102999688614
Belgium,2010,5-9,1132,28903,0.03916548455177663
Belgium,2010,10+,1084,28903,0.03750475729163063
Belgium,2010,10+,940,28903,0.03252257551119261
Belgium,2010,10+,908,28903,0.03141542400442861
Belgium,2010,10+,938,28903,0.03245337854201986
Belgium,2010,10+,887,28903,0.030688855828114727
Belgium,2010,10+,787,28903,0.027229007369477216
Belgium,2010,10+,772,28903,0.02671003010068159
Belgium,2010,10+,818,28903,0.028301560391654844
Belgium,2010,10+,856,28903,0.0296163028059371
Belgium,2010,10+,795,28903,0.027505795246168217
Belgium,2010,10+,758,28903,0.026225651316472337
Belgium,2010,10+,745,28903,0.02577587101684946
Belgium,2010,10+,652,28903,0.022558211950316577
Belgium,2010,10+,537,28903,0.018579386222883437
Belgium,2010,10+,541,28903,0.01871778016122894
Belgium,2010,10+,532,28903,0.018406393799951563
Belgium,2010,10+,462,28903,0.015984499878905305
Belgium,2010,10+,424,28903,0.014669757464623049
Belgium,2010,10+,372,28903,0.012870636266131543
Belgium,2010,10+,374,28903,0.012939833235304293
Belgium,2010,10+,322,28903,0.011140712036812788
Belgium,2010,10+,290,28903,0.010033560530048783
Belgium,2010,10+,263,28903,0.009099401446216656
Belgium,2010,10+,243,28903,0.008407431754489153
Belgium,2010,10+,216,28903,0.007473272670657025
Belgium,2010,10+,1323,28903,0.04577379510777428
Belgium,2009,0-1,131,32606,0.004017665460344722
Belgium,2009,0-1,748,32606,0.022940563086548488
Belgium,2009,1-2,1725,32606,0.0529043734282034
Belgium,2009,3-4,1939,32606,0.05946758265349936
Belgium,2009,3-4,1959,32606,0.06008096669324664
Belgium,2009,5-9,1773,32606,0.05437649512359689
Belgium,2009,5-9,1524,32606,0.04673986382874318
Belgium,2009,5-9,1310,32606,0.040176654603447215
Belgium,2009,5-9,1306,32606,0.04005397779549776
Belgium,2009,5-9,1297,32606,0.03977795497761148
Belgium,2009,10+,1071,32606,0.032846715328467155
Belgium,2009,10+,1063,32606,0.032601361712568236
Belgium,2009,10+,1059,32606,0.03247868490461878
Belgium,2009,10+,967,32606,0.029657118321781268
Belgium,2009,10+,890,32606,0.02729558976875422
Belgium,2009,10+,1006,32606,0.030853217199288473
Belgium,2009,10+,928,32606,0.02846101944427406
Belgium,2009,10+,950,32606,0.029135741887996076
Belgium,2009,10+,974,32606,0.02987180273569282
Belgium,2009,10+,911,32606,0.027939643010488867
Belgium,2009,10+,834,32606,0.025578114457461817
Belgium,2009,10+,782,32606,0.023983315954118872
Belgium,2009,10+,676,32606,0.02073238054345826
Belgium,2009,10+,687,32606,0.021069741765319266
Belgium,2009,10+,626,32606,0.019198920444090044
Belgium,2009,10+,598,32606,0.018340182788443845
Belgium,2009,10+,496,32606,0.015211924185732688
Belgium,2009,10+,529,32606,0.016224007851315708
Belgium,2009,10+,432,32606,0.013249095258541373
Belgium,2009,10+,446,32606,0.013678464086364472
Belgium,2009,10+,355,32606,0.010887566705514322
Belgium,2009,10+,336,32606,0.010304851867754402
Belgium,2009,10+,335,32606,0.010274182665767037
Belgium,2009,10+,245,32606,0.007513954486904251
Belgium,2009,10+,245,32606,0.007513954486904251
Belgium,2009,10+,1453,32606,0.04456235048764031
Belgium,2002,0-1,105,30628,0.003428235601410474
Belgium,2002,0-1,203,30628,0.006627922162726917
Belgium,2002,1-2,1302,30628,0.04251012145748988
Belgium,2002,3-4,1674,30628,0.05465587044534413
Belgium,2002,3-4,1584,30628,0.0517173827869923
Belgium,2002,5-9,1547,30628,0.05050933786078098
Belgium,2002,5-9,1524,30628,0.049758391014757736
Belgium,2002,5-9,1398,30628,0.04564450829306517
Belgium,2002,5-9,1377,30628,0.044958861172783075
Belgium,2002,5-9,1380,30628,0.045056810761394804
Belgium,2002,10+,1377,30628,0.044958861172783075
Belgium,2002,10+,1328,30628,0.04335901789212485
Belgium,2002,10+,1207,30628,0.03940838448478516
Belgium,2002,10+,1131,30628,0.036926994906621394
Belgium,2002,10+,1021,30628,0.03333550999085804
Belgium,2002,10+,895,30628,0.02922162726916547
Belgium,2002,10+,871,30628,0.028438030560271648
Belgium,2002,10+,874,30628,0.028535980148883373
Belgium,2002,10+,858,30628,0.02801358234295416
Belgium,2002,10+,846,30628,0.02762178398850725
Belgium,2002,10+,790,30628,0.025793391667754996
Belgium,2002,10+,781,30628,0.025499542901919813
Belgium,2002,10+,739,30628,0.02412824866135562
Belgium,2002,10+,633,30628,0.020667363197074573
Belgium,2002,10+,647,30628,0.021124461277262637
Belgium,2002,10+,597,30628,0.01949196813373384
Belgium,2002,10+,505,30628,0.01648818074964085
Belgium,2002,10+,480,30628,0.01567193417787645
Belgium,2002,10+,400,30628,0.013059945148230378
Belgium,2002,10+,385,30628,0.012570197205171739
Belgium,2002,10+,335,30628,0.01093770406164294
Belgium,2002,10+,273,30628,0.008913412563667233
Belgium,2002,10+,255,30628,0.008325715031996866
Belgium,2002,10+,182,30628,0.005942275042444821
Belgium,2002,10+,155,30628,0.005060728744939271
Belgium,2002,10+,969,30628,0.03163771712158809
Belgium,2001,0-1,120,29314,0.004093607150167156
Belgium,2001,0-1,226,29314,0.0077096267994814765
Belgium,2001,1-2,1106,29314,0.03772941256737395
Belgium,2001,3-4,1456,29314,0.04966910008869482
Belgium,2001,3-4,1484,29314,0.05062427509040049
Belgium,2001,5-9,1467,29314,0.05004434741079348
Belgium,2001,5-9,1462,29314,0.04987378044620318
Belgium,2001,5-9,1383,29314,0.04717882240567647
Belgium,2001,5-9,1417,29314,0.048338677764890495
Belgium,2001,5-9,1370,29314,0.046735348297741695
Belgium,2001,10+,1340,29314,0.045711946510199906
Belgium,2001,10+,1320,29314,0.04502967865183871
Belgium,2001,10+,1156,29314,0.039435082213276934
Belgium,2001,10+,1017,29314,0.034693320597666645
Belgium,2001,10+,911,29314,0.031077300948352322
Belgium,2001,10+,877,29314,0.029917445589138295
Belgium,2001,10+,811,29314,0.027665961656546362
Belgium,2001,10+,835,29314,0.028484683086579792
Belgium,2001,10+,776,29314,0.026471992904414272
Belgium,2001,10+,778,29314,0.026540219690250392
Belgium,2001,10+,752,29314,0.025653271474380842
Belgium,2001,10+,723,29314,0.02466398307975711
Belgium,2001,10+,667,29314,0.022753633076345772
Belgium,2001,10+,665,29314,0.022685406290509653
Belgium,2001,10+,616,29314,0.021013850037524734
Belgium,2001,10+,605,29314,0.020638602715426075
Belgium,2001,10+,458,29314,0.015623933956471311
Belgium,2001,10+,476,29314,0.016237975028996383
Belgium,2001,10+,433,29314,0.01477109913351982
Belgium,2001,10+,369,29314,0.012587841986764003
Belgium,2001,10+,334,29314,0.011393873234631917
Belgium,2001,10+,339,29314,0.011564440199222214
Belgium,2001,10+,207,29314,0.007061472334038343
Belgium,2001,10+,170,29314,0.005799276796070137
Belgium,2001,10+,161,29314,0.005492256259807601
Belgium,2001,10+,1027,29314,0.03503445452684724
Belgium,1995,0-1,33,34983,9.433153245862276e-4
Belgium,1995,0-1,162,34983,0.00463082068433239
Belgium,1995,1-2,906,34983,0.025898293456821885
Belgium,1995,3-4,2054,34983,0.058714232627276104
Belgium,1995,3-4,2181,34983,0.06234456736128977
Belgium,1995,5-9,2071,34983,0.05920018294600234
Belgium,1995,5-9,1927,34983,0.05508389789326244
Belgium,1995,5-9,1751,34983,0.05005288282880256
Belgium,1995,5-9,1618,34983,0.0462510362175914
Belgium,1995,5-9,1549,34983,0.0442786496298202
Belgium,1995,10+,6959,34983,0.19892519223622904
Belgium,1995,10+,5375,34983,0.1536460566560901
Belgium,1995,10+,8397,34983,0.24003087213789556
Bosnia and Herzegovina,2019,0-1,134,2790,0.04802867383512545
Bosnia and Herzegovina,2019,1-2,383,2790,0.13727598566308244
Bosnia and Herzegovina,2019,3-4,301,2790,0.10788530465949821
Bosnia and Herzegovina,2019,5-9,1972,2790,0.706810035842294
Bosnia and Herzegovina,2018,0-1,149,3091,0.04820446457457134
Bosnia and Herzegovina,2018,1-2,402,3091,0.1300549983824005
Bosnia and Herzegovina,2018,3-4,328,3091,0.10611452604335167
Bosnia and Herzegovina,2018,5-9,2212,3091,0.7156260109996765
Bosnia and Herzegovina,2010,0-1,100,1676,0.059665871121718374
Bosnia and Herzegovina,2010,0-1,139,1676,0.08293556085918855
Bosnia and Herzegovina,2010,1-2,121,1676,0.07219570405727924
Bosnia and Herzegovina,2010,3-4,133,1676,0.07935560859188544
Bosnia and Herzegovina,2010,3-4,131,1676,0.07816229116945107
Bosnia and Herzegovina,2010,5-9,94,1676,0.05608591885441527
Bosnia and Herzegovina,2010,5-9,71,1676,0.042362768496420046
Bosnia and Herzegovina,2010,5-9,72,1676,0.04295942720763723
Bosnia and Herzegovina,2010,5-9,64,1676,0.03818615751789976
Bosnia and Herzegovina,2010,5-9,46,1676,0.027446300715990454
Bosnia and Herzegovina,2010,10+,67,1676,0.03997613365155131
Bosnia and Herzegovina,2010,10+,43,1676,0.0256563245823389
Bosnia and Herzegovina,2010,10+,53,1676,0.03162291169451074
Bosnia and Herzegovina,2010,10+,40,1676,0.02386634844868735
Bosnia and Herzegovina,2010,10+,41,1676,0.024463007159904536
Bosnia and Herzegovina,2010,10+,32,1676,0.01909307875894988
Bosnia and Herzegovina,2010,10+,29,1676,0.017303102625298328
Bosnia and Herzegovina,2010,10+,29,1676,0.017303102625298328
Bosnia and Herzegovina,2010,10+,24,1676,0.014319809069212411
Bosnia and Herzegovina,2010,10+,25,1676,0.014916467780429593
Bosnia and Herzegovina,2010,10+,28,1676,0.016706443914081145
Bosnia and Herzegovina,2010,10+,30,1676,0.017899761336515514
Bosnia and Herzegovina,2010,10+,31,1676,0.018496420047732696
Bosnia and Herzegovina,2010,10+,20,1676,0.011933174224343675
Bosnia and Herzegovina,2010,10+,29,1676,0.017303102625298328
Bosnia and Herzegovina,2010,10+,23,1676,0.013723150357995227
Bosnia and Herzegovina,2010,10+,25,1676,0.014916467780429593
Bosnia and Herzegovina,2010,10+,18,1676,0.010739856801909307
Bosnia and Herzegovina,2010,10+,14,1676,0.008353221957040573
Bosnia and Herzegovina,2010,10+,15,1676,0.008949880668257757
Bosnia and Herzegovina,2010,10+,16,1676,0.00954653937947494
Bosnia and Herzegovina,2010,10+,12,1676,0.007159904534606206
Bosnia and Herzegovina,2010,10+,5,1676,0.0029832935560859188
Bosnia and Herzegovina,2010,10+,3,1676,0.0017899761336515514
Bosnia and Herzegovina,2010,10+,9,1676,0.0053699284009546535
Bosnia and Herzegovina,2010,10+,44,1676,0.026252983293556086
Bosnia and Herzegovina,2009,0-1,83,1402,0.05920114122681883
Bosnia and Herzegovina,2009,0-1,138,1402,0.09843081312410841
Bosnia and Herzegovina,2009,1-2,113,1402,0.08059914407988587
Bosnia and Herzegovina,2009,3-4,97,1402,0.06918687589158345
Bosnia and Herzegovina,2009,3-4,86,1402,0.06134094151212553
Bosnia and Herzegovina,2009,5-9,84,1402,0.05991440798858773
Bosnia and Herzegovina,2009,5-9,84,1402,0.05991440798858773
Bosnia and Herzegovina,2009,5-9,44,1402,0.03138373751783167
Bosnia and Herzegovina,2009,5-9,63,1402,0.0449358059914408
Bosnia and Herzegovina,2009,5-9,45,1402,0.03209700427960057
Bosnia and Herzegovina,2009,10+,45,1402,0.03209700427960057
Bosnia and Herzegovina,2009,10+,37,1402,0.026390870185449358
Bosnia and Herzegovina,2009,10+,33,1402,0.023537803138373753
Bosnia and Herzegovina,2009,10+,30,1402,0.021398002853067047
Bosnia and Herzegovina,2009,10+,44,1402,0.03138373751783167
Bosnia and Herzegovina,2009,10+,21,1402,0.014978601997146932
Bosnia and Herzegovina,2009,10+,19,1402,0.01355206847360913
Bosnia and Herzegovina,2009,10+,17,1402,0.012125534950071327
Bosnia and Herzegovina,2009,10+,23,1402,0.016405135520684736
Bosnia and Herzegovina,2009,10+,27,1402,0.01925820256776034
Bosnia and Herzegovina,2009,10+,36,1402,0.025677603423680456
Bosnia and Herzegovina,2009,10+,27,1402,0.01925820256776034
Bosnia and Herzegovina,2009,10+,18,1402,0.012838801711840228
Bosnia and Herzegovina,2009,10+,16,1402,0.011412268188302425
Bosnia and Herzegovina,2009,10+,19,1402,0.01355206847360913
Bosnia and Herzegovina,2009,10+,20,1402,0.014265335235378032
Bosnia and Herzegovina,2009,10+,17,1402,0.012125534950071327
Bosnia and Herzegovina,2009,10+,16,1402,0.011412268188302425
Bosnia and Herzegovina,2009,10+,12,1402,0.008559201141226819
Bosnia and Herzegovina,2009,10+,15,1402,0.010699001426533523
Bosnia and Herzegovina,2009,10+,10,1402,0.007132667617689016
Bosnia and Herzegovina,2009,10+,6,1402,0.0042796005706134095
Bosnia and Herzegovina,2009,10+,9,1402,0.006419400855920114
Bosnia and Herzegovina,2009,10+,8,1402,0.005706134094151213
Bosnia and Herzegovina,2009,10+,4,1402,0.0028530670470756064
Bosnia and Herzegovina,2009,10+,36,1402,0.025677603423680456
Bosnia and Herzegovina,2008,0-1,78,1369,0.05697589481373265
Bosnia and Herzegovina,2008,1-2,229,1369,0.1672753834915997
Bosnia and Herzegovina,2008,3-4,205,1369,0.14974433893352812
Bosnia and Herzegovina,2008,5-9,857,1369,0.6260043827611396
Bosnia and Herzegovina,2007,0-1,86,1826,0.047097480832420595
Bosnia and Herzegovina,2007,0-1,138,1826,0.0755750273822563
Bosnia and Herzegovina,2007,1-2,157,1826,0.0859802847754655
Bosnia and Herzegovina,2007,3-4,126,1826,0.06900328587075576
Bosnia and Herzegovina,2007,3-4,135,1826,0.07393209200438117
Bosnia and Herzegovina,2007,5-9,104,1826,0.056955093099671415
Bosnia and Herzegovina,2007,5-9,95,1826,0.052026286966046005
Bosnia and Herzegovina,2007,5-9,80,1826,0.04381161007667032
Bosnia and Herzegovina,2007,5-9,53,1826,0.029025191675794086
Bosnia and Herzegovina,2007,5-9,56,1826,0.030668127053669222
Bosnia and Herzegovina,2007,10+,65,1826,0.035596933187294635
Bosnia and Herzegovina,2007,10+,43,1826,0.023548740416210297
Bosnia and Herzegovina,2007,10+,47,1826,0.02573932092004381
Bosnia and Herzegovina,2007,10+,39,1826,0.02135815991237678
Bosnia and Herzegovina,2007,10+,25,1826,0.013691128148959474
Bosnia and Herzegovina,2007,10+,26,1826,0.014238773274917854
Bosnia and Herzegovina,2007,10+,46,1826,0.025191675794085433
Bosnia and Herzegovina,2007,10+,36,1826,0.019715224534501644
Bosnia and Herzegovina,2007,10+,36,1826,0.019715224534501644
Bosnia and Herzegovina,2007,10+,31,1826,0.016976998904709748
Bosnia and Herzegovina,2007,10+,25,1826,0.013691128148959474
Bosnia and Herzegovina,2007,10+,17,1826,0.009309967141292442
Bosnia and Herzegovina,2007,10+,18,1826,0.009857612267250822
Bosnia and Herzegovina,2007,10+,18,1826,0.009857612267250822
Bosnia and Herzegovina,2007,10+,31,1826,0.016976998904709748
Bosnia and Herzegovina,2007,10+,23,1826,0.012595837897042717
Bosnia and Herzegovina,2007,10+,23,1826,0.012595837897042717
Bosnia and Herzegovina,2007,10+,16,1826,0.008762322015334063
Bosnia and Herzegovina,2007,10+,14,1826,0.0076670317634173054
Bosnia and Herzegovina,2007,10+,17,1826,0.009309967141292442
Bosnia and Herzegovina,2007,10+,13,1826,0.007119386637458927
Bosnia and Herzegovina,2007,10+,11,1826,0.006024096385542169
Bosnia and Herzegovina,2007,10+,12,1826,0.0065717415115005475
Bosnia and Herzegovina,2007,10+,12,1826,0.0065717415115005475
Bosnia and Herzegovina,2007,10+,9,1826,0.004928806133625411
Bosnia and Herzegovina,2007,10+,48,1826,0.02628696604600219
Bosnia and Herzegovina,2006,0-1,79,1659,0.047619047619047616
Bosnia and Herzegovina,2006,1-2,272,1659,0.16395418927064498
Bosnia and Herzegovina,2006,3-4,230,1659,0.13863773357444242
Bosnia and Herzegovina,2006,5-9,987,1659,0.5949367088607594
Bosnia and Herzegovina,2005,0-1,83,1763,0.047078842881452074
Bosnia and Herzegovina,2005,1-2,293,1763,0.16619398752127057
Bosnia and Herzegovina,2005,3-4,251,1763,0.14237095859330687
Bosnia and Herzegovina,2005,5-9,1134,1763,0.6432217810550198
Bosnia and Herzegovina,2004,0-1,80,1494,0.0535475234270415
Bosnia and Herzegovina,2004,0-1,123,1494,0.0823293172690763
Bosnia and Herzegovina,2004,1-2,121,1494,0.08099062918340026
Bosnia and Herzegovina,2004,3-4,133,1494,0.08902275769745649
Bosnia and Herzegovina,2004,3-4,115,1494,0.07697456492637215
Bosnia and Herzegovina,2004,5-9,83,1494,0.05555555555555555
Bosnia and Herzegovina,2004,5-9,92,1494,0.06157965194109773
Bosnia and Herzegovina,2004,5-9,67,1494,0.04484605087014726
Bosnia and Herzegovina,2004,5-9,60,1494,0.040160642570281124
Bosnia and Herzegovina,2004,5-9,50,1494,0.03346720214190094
Bosnia and Herzegovina,2004,10+,195,1494,0.13052208835341367
Bosnia and Herzegovina,2004,10+,130,1494,0.08701472556894244
Bosnia and Herzegovina,2004,10+,118,1494,0.07898259705488621
Bosnia and Herzegovina,2004,10+,127,1494,0.08500669344042838
Bosnia and Herzegovina,2003,0-1,115,1918,0.05995828988529719
Bosnia and Herzegovina,2003,1-2,285,1918,0.14859228362878
Bosnia and Herzegovina,2003,3-4,268,1918,0.1397288842544317
Bosnia and Herzegovina,2003,5-9,1250,1918,0.6517205422314911
Bosnia and Herzegovina,2002,0-1,127,2272,0.055897887323943664
Bosnia and Herzegovina,2002,1-2,336,2272,0.14788732394366197
Bosnia and Herzegovina,2002,3-4,277,2272,0.12191901408450705
Bosnia and Herzegovina,2002,5-9,1532,2272,0.6742957746478874
Bosnia and Herzegovina,2001,0-1,93,2126,0.04374412041392286
Bosnia and Herzegovina,2001,1-2,288,2126,0.1354656632173095
Bosnia and Herzegovina,2001,3-4,284,2126,0.13358419567262464
Bosnia and Herzegovina,2001,5-9,1461,2126,0.687206020696143
Bosnia and Herzegovina,2000,0-1,84,1929,0.04354587869362364
Bosnia and Herzegovina,2000,1-2,259,1929,0.13426645930533956
Bosnia and Herzegovina,2000,3-4,223,1929,0.11560393986521514
Bosnia and Herzegovina,2000,5-9,1363,1929,0.7065837221358217
Bosnia and Herzegovina,1999,0-1,4,1995,0.0020050125313283208
Bosnia and Herzegovina,1999,1-2,259,1995,0.12982456140350876
Bosnia and Herzegovina,1999,3-4,215,1995,0.10776942355889724
Bosnia and Herzegovina,1999,5-9,1450,1995,0.7268170426065163
Bosnia and Herzegovina,1998,0-1,22,1964,0.01120162932790224
Bosnia and Herzegovina,1998,1-2,245,1964,0.12474541751527495
Bosnia and Herzegovina,1998,3-4,191,1964,0.09725050916496945
Bosnia and Herzegovina,1998,5-9,1432,1964,0.7291242362525459
Bosnia and Herzegovina,1997,0-1,34,1835,0.018528610354223433
Bosnia and Herzegovina,1997,1-2,215,1835,0.11716621253405994
Bosnia and Herzegovina,1997,3-4,161,1835,0.08773841961852862
Bosnia and Herzegovina,1997,5-9,1352,1835,0.7367847411444142
Bulgaria,2023,0-1,189,9088,0.020796654929577465
Bulgaria,2023,0-1,410,9088,0.04511443661971831
Bulgaria,2023,1-2,343,9088,0.037742077464788734
Bulgaria,2023,3-4,375,9088,0.04126320422535211
Bulgaria,2023,3-4,435,9088,0.04786531690140845
Bulgaria,2023,5-9,424,9088,0.04665492957746479
Bulgaria,2023,5-9,382,9088,0.04203345070422535
Bulgaria,2023,5-9,366,9088,0.040272887323943664
Bulgaria,2023,5-9,295,9088,0.032460387323943664
Bulgaria,2023,5-9,259,9088,0.02849911971830986
Bulgaria,2023,10+,1285,9088,0.14139524647887325
Bulgaria,2023,10+,1194,9088,0.13138204225352113
Bulgaria,2023,10+,989,9088,0.10882482394366197
Bulgaria,2023,10+,2142,9088,0.23569542253521128
Bulgaria,2022,0-1,202,9525,0.02120734908136483
Bulgaria,2022,0-1,335,9525,0.03517060367454068
Bulgaria,2022,1-2,438,9525,0.045984251968503934
Bulgaria,2022,3-4,461,9525,0.048398950131233597
Bulgaria,2022,3-4,473,9525,0.04965879265091863
Bulgaria,2022,5-9,444,9525,0.046614173228346455
Bulgaria,2022,5-9,368,9525,0.03863517060367454
Bulgaria,2022,5-9,373,9525,0.03916010498687664
Bulgaria,2022,5-9,319,9525,0.03349081364829396
Bulgaria,2022,5-9,280,9525,0.029396325459317585
Bulgaria,2022,10+,1308,9525,0.1373228346456693
Bulgaria,2022,10+,1245,9525,0.13070866141732285
Bulgaria,2022,10+,1024,9525,0.10750656167979003
Bulgaria,2022,10+,2255,9525,0.236745406824147
Bulgaria,2020,0-1,159,9015,0.017637271214642262
Bulgaria,2020,0-1,355,9015,0.03937881308929562
Bulgaria,2020,1-2,397,9015,0.04403771491957848
Bulgaria,2020,3-4,414,9015,0.045923460898502494
Bulgaria,2020,3-4,429,9015,0.0475873544093178
Bulgaria,2020,5-9,347,9015,0.03849140321686079
Bulgaria,2020,5-9,343,9015,0.038047698280643374
Bulgaria,2020,5-9,277,9015,0.030726566833056017
Bulgaria,2020,5-9,293,9015,0.03250138657792568
Bulgaria,2020,5-9,255,9015,0.028286189683860232
Bulgaria,2020,10+,1330,9015,0.14753189129229063
Bulgaria,2020,10+,1185,9015,0.1314475873544093
Bulgaria,2020,10+,1046,9015,0.11602884082085413
Bulgaria,2020,10+,2185,9015,0.24237382140876318
Bulgaria,2019,0-1,191,10859,0.017589096601897045
Bulgaria,2019,0-1,392,10859,0.03609908831384105
Bulgaria,2019,1-2,452,10859,0.04162445897412285
Bulgaria,2019,3-4,518,10859,0.04770236670043282
Bulgaria,2019,3-4,465,10859,0.042821622617183905
Bulgaria,2019,5-9,402,10859,0.03701998342388802
Bulgaria,2019,5-9,347,10859,0.031955060318629706
Bulgaria,2019,5-9,342,10859,0.031494612763606225
Bulgaria,2019,5-9,348,10859,0.03204714982963441
Bulgaria,2019,5-9,350,10859,0.0322313288516438
Bulgaria,2019,10+,1722,10859,0.1585781379500875
Bulgaria,2019,10+,1319,10859,0.12146606501519477
Bulgaria,2019,10+,1297,10859,0.11944009577309145
Bulgaria,2019,10+,2714,10859,0.24993093286674647
Bulgaria,2018,0-1,171,10596,0.016138165345413364
Bulgaria,2018,0-1,412,10596,0.038882597206493015
Bulgaria,2018,1-2,420,10596,0.039637599093997736
Bulgaria,2018,3-4,391,10596,0.03690071725179313
Bulgaria,2018,3-4,409,10596,0.03859947149867875
Bulgaria,2018,5-9,384,10596,0.0362400906002265
Bulgaria,2018,5-9,369,10596,0.03482446206115515
Bulgaria,2018,5-9,339,10596,0.03199320498301246
Bulgaria,2018,5-9,336,10596,0.031710079275198186
Bulgaria,2018,5-9,374,10596,0.035296338240845604
Bulgaria,2018,10+,1713,10596,0.1616647791619479
Bulgaria,2018,10+,1435,10596,0.13542846357115892
Bulgaria,2018,10+,1331,10596,0.1256134390335976
Bulgaria,2018,10+,2512,10596,0.2370705926764817
Bulgaria,2017,0-1,161,10411,0.015464412640476419
Bulgaria,2017,0-1,378,10411,0.03630775141677072
Bulgaria,2017,1-2,387,10411,0.0371722216885986
Bulgaria,2017,3-4,413,10411,0.0396695802516569
Bulgaria,2017,3-4,380,10411,0.03649985592162136
Bulgaria,2017,5-9,395,10411,0.037940639708001156
Bulgaria,2017,5-9,369,10411,0.03544328114494285
Bulgaria,2017,5-9,354,10411,0.03400249735856306
Bulgaria,2017,5-9,379,10411,0.036403803669196044
Bulgaria,2017,5-9,379,10411,0.036403803669196044
Bulgaria,2017,10+,1747,10411,0.16780328498703295
Bulgaria,2017,10+,1425,10411,0.13687445970608011
Bulgaria,2017,10+,1256,10411,0.12064162904620113
Bulgaria,2017,10+,2388,10411,0.22937277879166265
Bulgaria,2016,0-1,161,10603,0.015184381778741865
Bulgaria,2016,0-1,332,10603,0.03131189286051118
Bulgaria,2016,1-2,370,10603,0.03489578421201547
Bulgaria,2016,3-4,387,10603,0.036499104027162124
Bulgaria,2016,3-4,427,10603,0.0402716212392719
Bulgaria,2016,5-9,400,10603,0.0377251721210978
Bulgaria,2016,5-9,404,10603,0.03810242384230878
Bulgaria,2016,5-9,445,10603,0.0419692539847213
Bulgaria,2016,5-9,405,10603,0.038196736772611525
Bulgaria,2016,5-9,383,10603,0.03612185230595115
Bulgaria,2016,10+,1682,10603,0.15863434876921625
Bulgaria,2016,10+,1553,10603,0.1464679807601622
Bulgaria,2016,10+,1315,10603,0.12402150334810902
Bulgaria,2016,10+,2339,10603,0.2205979439781194
Bulgaria,2015,0-1,152,10483,0.014499666126108939
Bulgaria,2015,0-1,311,10483,0.029667080034341313
Bulgaria,2015,1-2,392,10483,0.037393875798912526
Bulgaria,2015,3-4,377,10483,0.0359629876943623
Bulgaria,2015,3-4,378,10483,0.03605838023466565
Bulgaria,2015,5-9,418,10483,0.03987408184679958
Bulgaria,2015,5-9,451,10483,0.04302203567681007
Bulgaria,2015,5-9,446,10483,0.042545072975293335
Bulgaria,2015,5-9,428,10483,0.04082800724983306
Bulgaria,2015,5-9,416,10483,0.03968329676619289
Bulgaria,2015,10+,1656,10483,0.15797004674234474
Bulgaria,2015,10+,1542,10483,0.14709529714776304
Bulgaria,2015,10+,1381,10483,0.13173709815892398
Bulgaria,2015,10+,2135,10483,0.20366307354764857
Bulgaria,2014,0-1,123,10584,0.011621315192743764
Bulgaria,2014,0-1,297,10584,0.02806122448979592
Bulgaria,2014,1-2,362,10584,0.03420256991685563
Bulgaria,2014,3-4,354,10584,0.03344671201814059
Bulgaria,2014,3-4,429,10584,0.0405328798185941
Bulgaria,2014,5-9,472,10584,0.044595616024187455
Bulgaria,2014,5-9,499,10584,0.047146636432350716
Bulgaria,2014,5-9,451,10584,0.04261148904006047
Bulgaria,2014,5-9,422,10584,0.03987150415721844
Bulgaria,2014,5-9,404,10584,0.038170823885109596
Bulgaria,2014,10+,1699,10584,0.16052532123960694
Bulgaria,2014,10+,1576,10584,0.14890400604686319
Bulgaria,2014,10+,1420,10584,0.13416477702191987
Bulgaria,2014,10+,2076,10584,0.1961451247165533
Bulgaria,2013,0-1,128,10908,0.011734506784011734
Bulgaria,2013,0-1,310,10908,0.02841950861752842
Bulgaria,2013,1-2,383,10908,0.03511184451778511
Bulgaria,2013,3-4,467,10908,0.04281261459479281
Bulgaria,2013,3-4,514,10908,0.04712137880454712
Bulgaria,2013,5-9,499,10908,0.04574624129079575
Bulgaria,2013,5-9,513,10908,0.04702970297029703
Bulgaria,2013,5-9,508,10908,0.04657132379904657
Bulgaria,2013,5-9,423,10908,0.038778877887788776
Bulgaria,2013,5-9,408,10908,0.0374037403740374
Bulgaria,2013,10+,1783,10908,0.16345801246791347
Bulgaria,2013,10+,1594,10908,0.14613127979464613
Bulgaria,2013,10+,1465,10908,0.1343050971763843
Bulgaria,2013,10+,1913,10908,0.17537587092042536
Bulgaria,2012,0-1,199,11947,0.01665690131413744
Bulgaria,2012,0-1,560,11947,0.04687369214028626
Bulgaria,2012,1-2,668,11947,0.05591361848162719
Bulgaria,2012,3-4,729,11947,0.061019502804051225
Bulgaria,2012,3-4,711,11947,0.059512848413827736
Bulgaria,2012,5-9,670,11947,0.056081024524985354
Bulgaria,2012,5-9,608,11947,0.05089143718088223
Bulgaria,2012,5-9,508,11947,0.04252113501297397
Bulgaria,2012,5-9,448,11947,0.03749895371222901
Bulgaria,2012,5-9,410,11947,0.03431823888842387
Bulgaria,2012,10+,373,11947,0.031221227086297817
Bulgaria,2012,10+,354,11947,0.029630869674395245
Bulgaria,2012,10+,359,11947,0.030049384782790657
Bulgaria,2012,10+,351,11947,0.029379760609358
Bulgaria,2012,10+,327,11947,0.027370888089060016
Bulgaria,2012,10+,320,11947,0.026784966937306438
Bulgaria,2012,10+,299,11947,0.025027203482045703
Bulgaria,2012,10+,284,11947,0.023771658156859464
Bulgaria,2012,10+,318,11947,0.02661756089394827
Bulgaria,2012,10+,270,11947,0.022599815853352308
Bulgaria,2012,10+,328,11947,0.0274545911107391
Bulgaria,2012,10+,281,11947,0.023520549091822215
Bulgaria,2012,10+,335,11947,0.028040512262492677
Bulgaria,2012,10+,277,11947,0.023185737005105886
Bulgaria,2012,10+,275,11947,0.02301833096174772
Bulgaria,2012,10+,230,11947,0.019251694986189002
Bulgaria,2012,10+,187,11947,0.01565246505398845
Bulgaria,2012,10+,152,11947,0.012722859295220558
Bulgaria,2012,10+,147,11947,0.012304344186825144
Bulgaria,2012,10+,149,11947,0.01247175023018331
Bulgaria,2012,10+,122,11947,0.010211768644848079
Bulgaria,2012,10+,106,11947,0.008872520297982757
Bulgaria,2012,10+,103,11947,0.008621411232945509
Bulgaria,2012,10+,79,11947,0.006612538712647526
Bulgaria,2012,10+,71,11947,0.005942914539214866
Bulgaria,2012,10+,339,11947,0.028375324349209006
Bulgaria,2011,0-1,111,10581,0.010490501842925999
Bulgaria,2011,0-1,320,10581,0.0302428881958227
Bulgaria,2011,1-2,434,10581,0.041016917115584535
Bulgaria,2011,3-4,502,10581,0.04744353085719686
Bulgaria,2011,3-4,535,10581,0.05056232870239108
Bulgaria,2011,5-9,456,10581,0.04309611567904735
Bulgaria,2011,5-9,466,10581,0.044041205935166805
Bulgaria,2011,5-9,405,10581,0.03827615537283811
Bulgaria,2011,5-9,387,10581,0.036574992911823076
Bulgaria,2011,5-9,352,10581,0.03326717701540497
Bulgaria,2011,10+,370,10581,0.034968339476419995
Bulgaria,2011,10+,368,10581,0.03477932142519611
Bulgaria,2011,10+,394,10581,0.0372365560911067
Bulgaria,2011,10+,329,10581,0.031093469426330216
Bulgaria,2011,10+,368,10581,0.03477932142519611
Bulgaria,2011,10+,350,10581,0.03307815896418108
Bulgaria,2011,10+,314,10581,0.029675834042151024
Bulgaria,2011,10+,337,10581,0.03184954163122578
Bulgaria,2011,10+,349,10581,0.032983649938569136
Bulgaria,2011,10+,333,10581,0.031471505528778
Bulgaria,2011,10+,313,10581,0.02958132501653908
Bulgaria,2011,10+,298,10581,0.02816368963235989
Bulgaria,2011,10+,286,10581,0.02702958132501654
Bulgaria,2011,10+,271,10581,0.02561194594083735
Bulgaria,2011,10+,223,10581,0.021075512711463944
Bulgaria,2011,10+,239,10581,0.02258765712125508
Bulgaria,2011,10+,206,10581,0.019468859276060863
Bulgaria,2011,10+,179,10581,0.016917115584538324
Bulgaria,2011,10+,149,10581,0.014081844816179944
Bulgaria,2011,10+,139,10581,0.013136754560060486
Bulgaria,2011,10+,157,10581,0.014837917021075512
Bulgaria,2011,10+,93,10581,0.008789339381910972
Bulgaria,2011,10+,84,10581,0.00793875815140346
Bulgaria,2011,10+,78,10581,0.007371703997731784
Bulgaria,2011,10+,70,10581,0.006615631792836216
Bulgaria,2011,10+,316,10581,0.029864852093374916
Bulgaria,2010,0-1,150,11012,0.013621503814021068
Bulgaria,2010,0-1,369,11012,0.033508899382491825
Bulgaria,2010,1-2,500,11012,0.04540501271340356
Bulgaria,2010,3-4,562,11012,0.0510352342898656
Bulgaria,2010,3-4,530,11012,0.048129313476207775
Bulgaria,2010,5-9,481,11012,0.04367962223029422
Bulgaria,2010,5-9,450,11012,0.040864511442063205
Bulgaria,2010,5-9,458,11012,0.04159099164547766
Bulgaria,2010,5-9,399,11012,0.03623320014529604
Bulgaria,2010,5-9,417,11012,0.03786778060297857
Bulgaria,2010,10+,380,11012,0.03450780966218671
Bulgaria,2010,10+,413,11012,0.03750454050127134
Bulgaria,2010,10+,374,11012,0.03396294950962586
Bulgaria,2010,10+,354,11012,0.03214674900108972
Bulgaria,2010,10+,390,11012,0.035415909916454776
Bulgaria,2010,10+,345,11012,0.03132945877224846
Bulgaria,2010,10+,345,11012,0.03132945877224846
Bulgaria,2010,10+,354,11012,0.03214674900108972
Bulgaria,2010,10+,334,11012,0.030330548492553577
Bulgaria,2010,10+,365,11012,0.0331456592807846
Bulgaria,2010,10+,343,11012,0.03114783872139484
Bulgaria,2010,10+,322,11012,0.029240828187431893
Bulgaria,2010,10+,282,11012,0.025608427170359608
Bulgaria,2010,10+,262,11012,0.023792226661823464
Bulgaria,2010,10+,234,11012,0.021249545949872866
Bulgaria,2010,10+,214,11012,0.019433345441336725
Bulgaria,2010,10+,205,11012,0.018616055212495458
Bulgaria,2010,10+,167,11012,0.015165274246276788
Bulgaria,2010,10+,197,11012,0.017889575009081
Bulgaria,2010,10+,135,11012,0.01225935343261896
Bulgaria,2010,10+,116,11012,0.010533962949509626
Bulgaria,2010,10+,103,11012,0.009353432618961134
Bulgaria,2010,10+,81,11012,0.0073556120595713766
Bulgaria,2010,10+,71,11012,0.006447511805303305
Bulgaria,2010,10+,51,11012,0.004631311296767163
Bulgaria,2010,10+,259,11012,0.023519796585543044
Bulgaria,2009,0-1,137,11662,0.011747556165323272
Bulgaria,2009,0-1,336,11662,0.028811524609843937
Bulgaria,2009,1-2,491,11662,0.04210255530783742
Bulgaria,2009,3-4,581,11662,0.04981992797118848
Bulgaria,2009,3-4,521,11662,0.04467501286228777
Bulgaria,2009,5-9,497,11662,0.042617046818727494
Bulgaria,2009,5-9,470,11662,0.040301835019722176
Bulgaria,2009,5-9,386,11662,0.03309895386726119
Bulgaria,2009,5-9,405,11662,0.034728176985079746
Bulgaria,2009,5-9,460,11662,0.039444349168238725
Bulgaria,2009,10+,451,11662,0.03867261190190362
Bulgaria,2009,10+,385,11662,0.033013205282112844
Bulgaria,2009,10+,386,11662,0.03309895386726119
Bulgaria,2009,10+,400,11662,0.034299434059338024
Bulgaria,2009,10+,368,11662,0.03155547933459098
Bulgaria,2009,10+,431,11662,0.036957640198936714
Bulgaria,2009,10+,412,11662,0.03532841708111816
Bulgaria,2009,10+,416,11662,0.03567141142171154
Bulgaria,2009,10+,428,11662,0.036700394443491685
Bulgaria,2009,10+,440,11662,0.03772937746527182
Bulgaria,2009,10+,361,11662,0.030955239238552566
Bulgaria,2009,10+,339,11662,0.029068770365288973
Bulgaria,2009,10+,308,11662,0.026410564225690276
Bulgaria,2009,10+,290,11662,0.024867089693020067
Bulgaria,2009,10+,233,11662,0.0199794203395644
Bulgaria,2009,10+,272,11662,0.023323615160349854
Bulgaria,2009,10+,208,11662,0.01783570571085577
Bulgaria,2009,10+,162,11662,0.013891270794031898
Bulgaria,2009,10+,163,11662,0.013977019379180243
Bulgaria,2009,10+,141,11662,0.012090550505916653
Bulgaria,2009,10+,126,11662,0.010804321728691477
Bulgaria,2009,10+,109,11662,0.00934659578116961
Bulgaria,2009,10+,76,11662,0.006516892471274224
Bulgaria,2009,10+,87,11662,0.0074601269079060195
Bulgaria,2009,10+,76,11662,0.006516892471274224
Bulgaria,2009,10+,310,11662,0.026582061395986966
Bulgaria,2008,0-1,148,14104,0.010493477027793534
Bulgaria,2008,0-1,443,14104,0.03140952921157118
Bulgaria,2008,1-2,494,14104,0.03502552467385139
Bulgaria,2008,3-4,642,14104,0.045519001701644926
Bulgaria,2008,3-4,550,14104,0.03899602949517867
Bulgaria,2008,5-9,549,14104,0.038925127623369256
Bulgaria,2008,5-9,525,14104,0.03722348269994328
Bulgaria,2008,5-9,539,14104,0.0382161089052751
Bulgaria,2008,5-9,542,14104,0.03842881452070335
Bulgaria,2008,5-9,568,14104,0.04027226318774816
Bulgaria,2008,10+,517,14104,0.03665626772546795
Bulgaria,2008,10+,505,14104,0.03580544526375496
Bulgaria,2008,10+,487,14104,0.03452921157118548
Bulgaria,2008,10+,459,14104,0.032543959160521836
Bulgaria,2008,10+,467,14104,0.033111174134997166
Bulgaria,2008,10+,496,14104,0.03516732841747022
Bulgaria,2008,10+,546,14104,0.03871242200794101
Bulgaria,2008,10+,559,14104,0.039634146341463415
Bulgaria,2008,10+,568,14104,0.04027226318774816
Bulgaria,2008,10+,504,14104,0.035734543391945546
Bulgaria,2008,10+,479,14104,0.033961996596710155
Bulgaria,2008,10+,417,14104,0.029566080544526377
Bulgaria,2008,10+,399,14104,0.02828984685195689
Bulgaria,2008,10+,350,14104,0.02481565513329552
Bulgaria,2008,10+,339,14104,0.024035734543391946
Bulgaria,2008,10+,257,14104,0.018221781055019853
Bulgaria,2008,10+,275,14104,0.019498014747589335
Bulgaria,2008,10+,216,14104,0.015314804310833806
Bulgaria,2008,10+,210,14104,0.014889393079977312
Bulgaria,2008,10+,173,14104,0.012266023823028927
Bulgaria,2008,10+,131,14104,0.009288145207033466
Bulgaria,2008,10+,117,14104,0.008295519001701645
Bulgaria,2008,10+,117,14104,0.008295519001701645
Bulgaria,2008,10+,98,14104,0.0069483834373227455
Bulgaria,2008,10+,69,14104,0.004892229154849688
Bulgaria,2008,10+,349,14104,0.024744753261486105
Bulgaria,2007,0-1,210,16347,0.01284639383373096
Bulgaria,2007,0-1,488,16347,0.029852572337431944
Bulgaria,2007,1-2,593,16347,0.03627576925429742
Bulgaria,2007,3-4,688,16347,0.042087233131461434
Bulgaria,2007,3-4,627,16347,0.038355661589282435
Bulgaria,2007,5-9,676,16347,0.04135315348381966
Bulgaria,2007,5-9,661,16347,0.040435553924267446
Bulgaria,2007,5-9,682,16347,0.04172019330764055
Bulgaria,2007,5-9,658,16347,0.04025203401235701
Bulgaria,2007,5-9,622,16347,0.0380497950694317
Bulgaria,2007,10+,631,16347,0.03860035480516303
Bulgaria,2007,10+,611,16347,0.03737688872576008
Bulgaria,2007,10+,528,16347,0.03229950449623784
Bulgaria,2007,10+,571,16347,0.03492995656695418
Bulgaria,2007,10+,642,16347,0.03927326114883465
Bulgaria,2007,10+,648,16347,0.039640300972655536
Bulgaria,2007,10+,697,16347,0.042637792867192756
Bulgaria,2007,10+,615,16347,0.03762158194164067
Bulgaria,2007,10+,601,16347,0.036765155686058607
Bulgaria,2007,10+,509,16347,0.031137211720805042
Bulgaria,2007,10+,525,16347,0.0321159845843274
Bulgaria,2007,10+,435,16347,0.026610387227014132
Bulgaria,2007,10+,431,16347,0.02636569401113354
Bulgaria,2007,10+,378,16347,0.02312350890071573
Bulgaria,2007,10+,354,16347,0.021655349605432188
Bulgaria,2007,10+,315,16347,0.01926959075059644
Bulgaria,2007,10+,284,16347,0.01737321832752187
Bulgaria,2007,10+,237,16347,0.01449807304092494
Bulgaria,2007,10+,230,16347,0.014069859913133908
Bulgaria,2007,10+,206,16347,0.01260170061785037
Bulgaria,2007,10+,189,16347,0.011561754450357864
Bulgaria,2007,10+,156,16347,0.009543035419342998
Bulgaria,2007,10+,127,16347,0.007769009604208723
Bulgaria,2007,10+,94,16347,0.005750290573193859
Bulgaria,2007,10+,80,16347,0.004893864317611794
Bulgaria,2007,10+,348,16347,0.021288309781611305
Bulgaria,1997,0-1,344,9368,0.036720751494449186
Bulgaria,1997,0-1,362,9368,0.03864218616567037
Bulgaria,1997,1-2,447,9368,0.04771562766865926
Bulgaria,1997,3-4,531,9368,0.05668232280102477
Bulgaria,1997,3-4,592,9368,0.0631938514090521
Bulgaria,1997,5-9,684,9368,0.07301451750640478
Bulgaria,1997,5-9,660,9368,0.07045260461144322
Bulgaria,1997,5-9,572,9368,0.061058923996584115
Bulgaria,1997,5-9,521,9368,0.055614859094790775
Bulgaria,1997,5-9,478,9368,0.051024765157984625
Bulgaria,1997,10+,1895,9368,0.20228437233134072
Bulgaria,1997,10+,1097,9368,0.11710076857386849
Bulgaria,1997,10+,1185,9368,0.12649444918872757
Bulgaria,1995,0-1,178,10661,0.016696369946534097
Bulgaria,1995,0-1,501,10661,0.04699371541131226
Bulgaria,1995,1-2,596,10661,0.05590469937154113
Bulgaria,1995,3-4,793,10661,0.074383266110121
Bulgaria,1995,3-4,834,10661,0.07822905918769346
Bulgaria,1995,5-9,812,10661,0.07616546290216678
Bulgaria,1995,5-9,689,10661,0.0646280836694494
Bulgaria,1995,5-9,614,10661,0.057593096332426603
Bulgaria,1995,5-9,538,10661,0.05046430916424351
Bulgaria,1995,5-9,556,10661,0.05215270612512898
Bulgaria,1995,10+,2095,10661,0.1965106462808367
Bulgaria,1995,10+,1233,10661,0.11565519182065473
Bulgaria,1995,10+,1222,10661,0.11462339367789139
Croatia,2023,0-1,56,4407,0.012707056954844566
Croatia,2023,0-1,112,4407,0.02541411390968913
Croatia,2023,1-2,162,4407,0.03675970047651463
Croatia,2023,3-4,176,4407,0.03993646471522578
Croatia,2023,3-4,232,4407,0.052643521670070345
Croatia,2023,5-9,205,4407,0.04651690492398457
Croatia,2023,5-9,160,4407,0.036305877013841616
Croatia,2023,5-9,164,4407,0.03721352393918766
Croatia,2023,5-9,176,4407,0.03993646471522578
Croatia,2023,5-9,147,4407,0.033356024506466984
Croatia,2023,10+,816,4407,0.18515997277059223
Croatia,2023,10+,637,4407,0.14454277286135694
Croatia,2023,10+,557,4407,0.12638983435443613
Croatia,2023,10+,807,4407,0.18311776718856365
Croatia,2022,0-1,68,4808,0.014143094841930116
Croatia,2022,0-1,137,4808,0.028494176372712145
Croatia,2022,1-2,171,4808,0.03556572379367721
Croatia,2022,3-4,191,4808,0.039725457570715474
Croatia,2022,3-4,225,4808,0.04679700499168053
Croatia,2022,5-9,217,4808,0.045133111480865226
Croatia,2022,5-9,190,4808,0.03951747088186356
Croatia,2022,5-9,191,4808,0.039725457570715474
Croatia,2022,5-9,185,4808,0.038477537437603994
Croatia,2022,5-9,203,4808,0.04222129783693843
Croatia,2022,10+,820,4808,0.17054908485856904
Croatia,2022,10+,706,4808,0.14683860232945092
Croatia,2022,10+,576,4808,0.11980033277870217
Croatia,2022,10+,928,4808,0.1930116472545757
Croatia,2021,0-1,86,5100,0.016862745098039214
Croatia,2021,0-1,186,5100,0.036470588235294116
Croatia,2021,1-2,200,5100,0.0392156862745098
Croatia,2021,3-4,253,5100,0.0496078431372549
Croatia,2021,3-4,238,5100,0.04666666666666667
Croatia,2021,5-9,210,5100,0.041176470588235294
Croatia,2021,5-9,213,5100,0.04176470588235294
Croatia,2021,5-9,179,5100,0.03509803921568627
Croatia,2021,5-9,203,5100,0.03980392156862745
Croatia,2021,5-9,165,5100,0.03235294117647059
Croatia,2021,10+,889,5100,0.17431372549019608
Croatia,2021,10+,662,5100,0.12980392156862744
Croatia,2021,10+,666,5100,0.13058823529411764
Croatia,2021,10+,950,5100,0.18627450980392157
Croatia,2020,0-1,73,5153,0.014166504948573647
Croatia,2020,0-1,160,5153,0.031049873859887445
Croatia,2020,1-2,225,5153,0.04366388511546672
Croatia,2020,3-4,220,5153,0.042693576557345236
Croatia,2020,3-4,240,5153,0.04657481078983117
Croatia,2020,5-9,229,5153,0.044440131961963905
Croatia,2020,5-9,197,5153,0.038230157189986416
Croatia,2020,5-9,203,5153,0.039394527459732195
Croatia,2020,5-9,187,5153,0.03628954007374345
Croatia,2020,5-9,188,5153,0.03648360178536775
Croatia,2020,10+,915,5153,0.1775664661362313
Croatia,2020,10+,772,5153,0.14981564137395692
Croatia,2020,10+,605,5153,0.1174073355326994
Croatia,2020,10+,939,5153,0.18222394721521443
Croatia,2019,0-1,106,5936,0.017857142857142856
Croatia,2019,0-1,238,5936,0.04009433962264151
Croatia,2019,1-2,262,5936,0.04413746630727763
Croatia,2019,3-4,287,5936,0.04834905660377359
Croatia,2019,3-4,247,5936,0.04161051212938005
Croatia,2019,5-9,245,5936,0.041273584905660375
Croatia,2019,5-9,231,5936,0.03891509433962264
Croatia,2019,5-9,257,5936,0.043295148247978435
Croatia,2019,5-9,238,5936,0.04009433962264151
Croatia,2019,5-9,225,5936,0.03790431266846361
Croatia,2019,10+,1012,5936,0.17048517520215634
Croatia,2019,10+,803,5936,0.13527628032345013
Croatia,2019,10+,714,5936,0.12028301886792453
Croatia,2019,10+,1071,5936,0.1804245283018868
Croatia,2018,0-1,113,6125,0.018448979591836733
Croatia,2018,0-1,216,6125,0.03526530612244898
Croatia,2018,1-2,257,6125,0.04195918367346939
Croatia,2018,3-4,250,6125,0.04081632653061224
Croatia,2018,3-4,260,6125,0.04244897959183674
Croatia,2018,5-9,249,6125,0.0406530612244898
Croatia,2018,5-9,293,6125,0.04783673469387755
Croatia,2018,5-9,242,6125,0.03951020408163265
Croatia,2018,5-9,253,6125,0.04130612244897959
Croatia,2018,5-9,242,6125,0.03951020408163265
Croatia,2018,10+,1056,6125,0.1724081632653061
Croatia,2018,10+,863,6125,0.14089795918367348
Croatia,2018,10+,753,6125,0.12293877551020409
Croatia,2018,10+,1078,6125,0.176
Croatia,2017,0-1,99,6265,0.015802075019952115
Croatia,2017,0-1,172,6265,0.027454110135674382
Croatia,2017,1-2,245,6265,0.03910614525139665
Croatia,2017,3-4,272,6265,0.04341580207501995
Croatia,2017,3-4,280,6265,0.0446927374301676
Croatia,2017,5-9,284,6265,0.04533120510774142
Croatia,2017,5-9,283,6265,0.04517158818834797
Croatia,2017,5-9,246,6265,0.03926576217079011
Croatia,2017,5-9,283,6265,0.04517158818834797
Croatia,2017,5-9,286,6265,0.04565043894652833
Croatia,2017,10+,1124,6265,0.1794094173982442
Croatia,2017,10+,877,6265,0.13998403830806067
Croatia,2017,10+,748,6265,0.11939345570630487
Croatia,2017,10+,1066,6265,0.1701516360734238
Croatia,2016,0-1,67,7036,0.009522455940875498
Croatia,2016,0-1,176,7036,0.025014212620807278
Croatia,2016,1-2,242,7036,0.03439454235361
Croatia,2016,3-4,303,7036,0.04306424104604889
Croatia,2016,3-4,302,7036,0.04292211483797612
Croatia,2016,5-9,319,7036,0.04533826037521319
Croatia,2016,5-9,320,7036,0.04548038658328596
Croatia,2016,5-9,384,7036,0.054576463899943146
Croatia,2016,5-9,325,7036,0.0461910176236498
Croatia,2016,5-9,300,7036,0.04263786242183058
Croatia,2016,10+,1259,7036,0.1789368959636157
Croatia,2016,10+,1049,7036,0.1490903922683343
Croatia,2016,10+,797,7036,0.11327458783399659
Croatia,2016,10+,1193,7036,0.16955656623081297
Croatia,2015,0-1,79,6010,0.013144758735440932
Croatia,2015,0-1,160,6010,0.026622296173044926
Croatia,2015,1-2,281,6010,0.04675540765391015
Croatia,2015,3-4,284,6010,0.047254575707154745
Croatia,2015,3-4,264,6010,0.043926788685524125
Croatia,2015,5-9,294,6010,0.04891846921797005
Croatia,2015,5-9,305,6010,0.050748752079866885
Croatia,2015,5-9,273,6010,0.0454242928452579
Croatia,2015,5-9,258,6010,0.042928452579034944
Croatia,2015,5-9,237,6010,0.039434276206322796
Croatia,2015,10+,1012,6010,0.16838602329450916
Croatia,2015,10+,878,6010,0.146089850249584
Croatia,2015,10+,645,6010,0.10732113144758736
Croatia,2015,10+,1040,6010,0.17304492512479203
Croatia,2014,0-1,71,6570,0.01080669710806697
Croatia,2014,0-1,197,6570,0.029984779299847792
Croatia,2014,1-2,276,6570,0.04200913242009133
Croatia,2014,3-4,319,6570,0.048554033485540334
Croatia,2014,3-4,328,6570,0.049923896499238965
Croatia,2014,5-9,340,6570,0.0517503805175038
Croatia,2014,5-9,327,6570,0.049771689497716896
Croatia,2014,5-9,301,6570,0.04581430745814308
Croatia,2014,5-9,284,6570,0.04322678843226788
Croatia,2014,5-9,253,6570,0.038508371385083714
Croatia,2014,10+,1122,6570,0.17077625570776256
Croatia,2014,10+,893,6570,0.13592085235920853
Croatia,2014,10+,755,6570,0.11491628614916286
Croatia,2014,10+,1104,6570,0.1680365296803653
Croatia,2013,0-1,80,5992,0.01335113484646195
Croatia,2013,0-1,168,5992,0.028037383177570093
Croatia,2013,1-2,257,5992,0.04289052069425901
Croatia,2013,3-4,288,5992,0.04806408544726302
Croatia,2013,3-4,301,5992,0.05023364485981308
Croatia,2013,5-9,296,5992,0.049399198931909215
Croatia,2013,5-9,289,5992,0.048230974632843794
Croatia,2013,5-9,285,5992,0.047563417890520696
Croatia,2013,5-9,240,5992,0.04005340453938585
Croatia,2013,5-9,246,5992,0.041054739652870494
Croatia,2013,10+,1075,5992,0.17940587449933243
Croatia,2013,10+,837,5992,0.13968624833110815
Croatia,2013,10+,685,5992,0.11431909212283044
Croatia,2013,10+,945,5992,0.15771028037383178
Croatia,2012,0-1,95,5659,0.016787418271779465
Croatia,2012,0-1,165,5659,0.02915709489309065
Croatia,2012,1-2,259,5659,0.04576780349885139
Croatia,2012,3-4,330,5659,0.0583141897861813
Croatia,2012,3-4,288,5659,0.050892383813394594
Croatia,2012,5-9,257,5659,0.045414384166813926
Croatia,2012,5-9,247,5659,0.043647287506626616
Croatia,2012,5-9,262,5659,0.04629793249690758
Croatia,2012,5-9,232,5659,0.04099664251634565
Croatia,2012,5-9,219,5659,0.03869941685810214
Croatia,2012,10+,215,5659,0.03799257819402721
Croatia,2012,10+,178,5659,0.03145432055133416
Croatia,2012,10+,182,5659,0.03216115921540908
Croatia,2012,10+,186,5659,0.03286799787948401
Croatia,2012,10+,181,5659,0.03198444954939035
Croatia,2012,10+,185,5659,0.03269128821346528
Croatia,2012,10+,211,5659,0.03728573952995229
Croatia,2012,10+,157,5659,0.027743417564940802
Croatia,2012,10+,137,5659,0.024209224244566178
Croatia,2012,10+,140,5659,0.024739353242622372
Croatia,2012,10+,140,5659,0.024739353242622372
Croatia,2012,10+,113,5659,0.01996819226011663
Croatia,2012,10+,136,5659,0.024032514578547447
Croatia,2012,10+,134,5659,0.023679095246509983
Croatia,2012,10+,128,5659,0.022618837250397598
Croatia,2012,10+,83,5659,0.014666902279554691
Croatia,2012,10+,94,5659,0.016610708605760735
Croatia,2012,10+,103,5659,0.018201095599929315
Croatia,2012,10+,76,5659,0.013429934617423573
Croatia,2012,10+,65,5659,0.01148612829121753
Croatia,2012,10+,68,5659,0.012016257289273724
Croatia,2012,10+,50,5659,0.008835483300936562
Croatia,2012,10+,59,5659,0.010425870295105142
Croatia,2012,10+,39,5659,0.006891676974730518
Croatia,2012,10+,42,5659,0.0074218059727867115
Croatia,2012,10+,203,5659,0.03587206220180244
Croatia,2011,0-1,88,5662,0.015542211232779936
Croatia,2011,0-1,189,5662,0.03338043094312964
Croatia,2011,1-2,290,5662,0.05121865065347934
Croatia,2011,3-4,318,5662,0.05616389968209114
Croatia,2011,3-4,305,5662,0.05386789120452137
Croatia,2011,5-9,262,5662,0.04627340162486754
Croatia,2011,5-9,235,5662,0.04150476863299188
Croatia,2011,5-9,255,5662,0.04503708936771459
Croatia,2011,5-9,240,5662,0.042387848816672555
Croatia,2011,5-9,200,5662,0.03532320734722713
Croatia,2011,10+,200,5662,0.03532320734722713
Croatia,2011,10+,221,5662,0.039032144118685975
Croatia,2011,10+,172,5662,0.03037795831861533
Croatia,2011,10+,176,5662,0.031084422465559872
Croatia,2011,10+,156,5662,0.02755210173083716
Croatia,2011,10+,143,5662,0.025256093253267397
Croatia,2011,10+,172,5662,0.03037795831861533
Croatia,2011,10+,175,5662,0.030907806428823736
Croatia,2011,10+,154,5662,0.02719886965736489
Croatia,2011,10+,136,5662,0.02401978099611445
Croatia,2011,10+,126,5662,0.02225362062875309
Croatia,2011,10+,126,5662,0.02225362062875309
Croatia,2011,10+,146,5662,0.025785941363475805
Croatia,2011,10+,135,5662,0.023843164959378313
Croatia,2011,10+,106,5662,0.018721299894030378
Croatia,2011,10+,96,5662,0.016955139526669022
Croatia,2011,10+,110,5662,0.01942776404097492
Croatia,2011,10+,78,5662,0.01377605086541858
Croatia,2011,10+,83,5662,0.014659131049099258
Croatia,2011,10+,82,5662,0.014482515012363122
Croatia,2011,10+,63,5662,0.011126810314376545
Croatia,2011,10+,69,5662,0.012186506534793359
Croatia,2011,10+,55,5662,0.00971388202048746
Croatia,2011,10+,40,5662,0.007064641469445425
Croatia,2011,10+,38,5662,0.006711409395973154
Croatia,2011,10+,222,5662,0.039208760155422115
Croatia,2010,0-1,80,5058,0.015816528272044286
Croatia,2010,0-1,201,5058,0.039739027283511266
Croatia,2010,1-2,259,5058,0.051206010280743376
Croatia,2010,3-4,312,5058,0.06168446026097272
Croatia,2010,3-4,256,5058,0.05061289047054172
Croatia,2010,5-9,273,5058,0.05397390272835113
Croatia,2010,5-9,260,5058,0.051403716884143934
Croatia,2010,5-9,223,5058,0.04408857255832345
Croatia,2010,5-9,212,5058,0.04191379992091736
Croatia,2010,5-9,176,5058,0.03479636219849743
Croatia,2010,10+,182,5058,0.03598260181890075
Croatia,2010,10+,162,5058,0.03202846975088968
Croatia,2010,10+,153,5058,0.030249110320284697
Croatia,2010,10+,160,5058,0.03163305654408857
Croatia,2010,10+,127,5058,0.025108738631870305
Croatia,2010,10+,130,5058,0.025701858442071967
Croatia,2010,10+,113,5058,0.022340846184262554
Croatia,2010,10+,123,5058,0.02431791221826809
Croatia,2010,10+,108,5058,0.021352313167259787
Croatia,2010,10+,155,5058,0.030644523527085805
Croatia,2010,10+,125,5058,0.024713325425069196
Croatia,2010,10+,123,5058,0.02431791221826809
Croatia,2010,10+,131,5058,0.025899565045472518
Croatia,2010,10+,114,5058,0.022538552787663108
Croatia,2010,10+,94,5058,0.018584420719652037
Croatia,2010,10+,91,5058,0.017991300909450374
Croatia,2010,10+,77,5058,0.015223408461842626
Croatia,2010,10+,92,5058,0.01818900751285093
Croatia,2010,10+,69,5058,0.013641755634638196
Croatia,2010,10+,67,5058,0.01324634242783709
Croatia,2010,10+,49,5058,0.009687623566627125
Croatia,2010,10+,54,5058,0.010676156583629894
Croatia,2010,10+,51,5058,0.010083036773428233
Croatia,2010,10+,40,5058,0.007908264136022143
Croatia,2010,10+,32,5058,0.006326611308817715
Croatia,2010,10+,184,5058,0.03637801502570186
Croatia,2009,0-1,92,5076,0.018124507486209612
Croatia,2009,0-1,201,5076,0.03959810874704492
Croatia,2009,1-2,266,5076,0.05240346729708432
Croatia,2009,3-4,296,5076,0.05831363278171789
Croatia,2009,3-4,264,5076,0.05200945626477541
Croatia,2009,5-9,286,5076,0.05634357762017336
Croatia,2009,5-9,250,5076,0.04925137903861308
Croatia,2009,5-9,232,5076,0.045705279747832936
Croatia,2009,5-9,222,5076,0.04373522458628842
Croatia,2009,5-9,210,5076,0.041371158392434985
Croatia,2009,10+,184,5076,0.036249014972419225
Croatia,2009,10+,179,5076,0.03526398739164697
Croatia,2009,10+,165,5076,0.03250591016548463
Croatia,2009,10+,152,5076,0.029944838455476755
Croatia,2009,10+,131,5076,0.025807722616233254
Croatia,2009,10+,132,5076,0.026004728132387706
Croatia,2009,10+,131,5076,0.025807722616233254
Croatia,2009,10+,104,5076,0.02048857368006304
Croatia,2009,10+,125,5076,0.02462568951930654
Croatia,2009,10+,114,5076,0.022458628841607566
Croatia,2009,10+,124,5076,0.02442868400315209
Croatia,2009,10+,135,5076,0.026595744680851064
Croatia,2009,10+,110,5076,0.021670606776989756
Croatia,2009,10+,107,5076,0.021079590228526398
Croatia,2009,10+,102,5076,0.02009456264775414
Croatia,2009,10+,103,5076,0.02029156816390859
Croatia,2009,10+,80,5076,0.015760441292356184
Croatia,2009,10+,77,5076,0.015169424743892828
Croatia,2009,10+,72,5076,0.014184397163120567
Croatia,2009,10+,47,5076,0.009259259259259259
Croatia,2009,10+,48,5076,0.009456264775413711
Croatia,2009,10+,49,5076,0.009653270291568164
Croatia,2009,10+,45,5076,0.008865248226950355
Croatia,2009,10+,33,5076,0.0065011820330969266
Croatia,2009,10+,42,5076,0.008274231678486997
Croatia,2009,10+,166,5076,0.032702915681639085
Croatia,2008,0-1,93,5025,0.018507462686567163
Croatia,2008,0-1,179,5025,0.03562189054726368
Croatia,2008,1-2,234,5025,0.046567164179104475
Croatia,2008,3-4,275,5025,0.05472636815920398
Croatia,2008,3-4,267,5025,0.05313432835820896
Croatia,2008,5-9,260,5025,0.051741293532338306
Croatia,2008,5-9,243,5025,0.04835820895522388
Croatia,2008,5-9,242,5025,0.0481592039800995
Croatia,2008,5-9,198,5025,0.03940298507462687
Croatia,2008,5-9,182,5025,0.036218905472636814
Croatia,2008,10+,188,5025,0.037412935323383086
Croatia,2008,10+,156,5025,0.031044776119402984
Croatia,2008,10+,181,5025,0.036019900497512435
Croatia,2008,10+,165,5025,0.03283582089552239
Croatia,2008,10+,137,5025,0.0272636815920398
Croatia,2008,10+,134,5025,0.02666666666666667
Croatia,2008,10+,110,5025,0.021890547263681594
Croatia,2008,10+,111,5025,0.02208955223880597
Croatia,2008,10+,134,5025,0.02666666666666667
Croatia,2008,10+,127,5025,0.02527363184079602
Croatia,2008,10+,148,5025,0.02945273631840796
Croatia,2008,10+,117,5025,0.023283582089552238
Croatia,2008,10+,113,5025,0.022487562189054726
Croatia,2008,10+,117,5025,0.023283582089552238
Croatia,2008,10+,109,5025,0.021691542288557214
Croatia,2008,10+,102,5025,0.020298507462686566
Croatia,2008,10+,80,5025,0.015920398009950248
Croatia,2008,10+,66,5025,0.013134328358208954
Croatia,2008,10+,68,5025,0.013532338308457712
Croatia,2008,10+,69,5025,0.01373134328358209
Croatia,2008,10+,64,5025,0.012736318407960199
Croatia,2008,10+,51,5025,0.010149253731343283
Croatia,2008,10+,46,5025,0.009154228855721393
Croatia,2008,10+,44,5025,0.008756218905472637
Croatia,2008,10+,33,5025,0.006567164179104477
Croatia,2008,10+,182,5025,0.036218905472636814
Croatia,2007,0-1,97,4785,0.020271682340647856
Croatia,2007,0-1,171,4785,0.035736677115987464
Croatia,2007,1-2,206,4785,0.043051201671891325
Croatia,2007,3-4,227,4785,0.047439916405433644
Croatia,2007,3-4,239,4785,0.049947753396029256
Croatia,2007,5-9,273,4785,0.057053291536050155
Croatia,2007,5-9,225,4785,0.047021943573667714
Croatia,2007,5-9,224,4785,0.046812957157784746
Croatia,2007,5-9,180,4785,0.03761755485893417
Croatia,2007,5-9,179,4785,0.0374085684430512
Croatia,2007,10+,182,4785,0.03803552769070011
Croatia,2007,10+,146,4785,0.030512016718913272
Croatia,2007,10+,154,4785,0.03218390804597701
Croatia,2007,10+,140,4785,0.029258098223615466
Croatia,2007,10+,148,4785,0.030929989550679205
Croatia,2007,10+,121,4785,0.02528735632183908
Croatia,2007,10+,123,4785,0.025705329153605017
Croatia,2007,10+,144,4785,0.030094043887147336
Croatia,2007,10+,123,4785,0.025705329153605017
Croatia,2007,10+,121,4785,0.02528735632183908
Croatia,2007,10+,127,4785,0.026541274817136886
Croatia,2007,10+,124,4785,0.025914315569487985
Croatia,2007,10+,106,4785,0.022152560083594567
Croatia,2007,10+,102,4785,0.021316614420062698
Croatia,2007,10+,106,4785,0.022152560083594567
Croatia,2007,10+,101,4785,0.02110762800417973
Croatia,2007,10+,93,4785,0.019435736677115987
Croatia,2007,10+,85,4785,0.017763845350052248
Croatia,2007,10+,69,4785,0.014420062695924765
Croatia,2007,10+,58,4785,0.012121212121212121
Croatia,2007,10+,55,4785,0.011494252873563218
Croatia,2007,10+,48,4785,0.010031347962382446
Croatia,2007,10+,51,4785,0.010658307210031349
Croatia,2007,10+,32,4785,0.006687565308254964
Croatia,2007,10+,30,4785,0.006269592476489028
Croatia,2007,10+,175,4785,0.03657262277951933
Croatia,2004,0-1,81,4985,0.01624874623871615
Croatia,2004,0-1,174,4985,0.03490471414242728
Croatia,2004,1-2,228,4985,0.04573721163490471
Croatia,2004,3-4,276,4985,0.055366098294884654
Croatia,2004,3-4,266,4985,0.05336008024072217
Croatia,2004,5-9,231,4985,0.04633901705115346
Croatia,2004,5-9,253,4985,0.050752256770310936
Croatia,2004,5-9,207,4985,0.04152457372116349
Croatia,2004,5-9,210,4985,0.04212637913741224
Croatia,2004,5-9,186,4985,0.037311935807422265
Croatia,2004,10+,856,4985,0.17171514543630892
Croatia,2004,10+,699,4985,0.14022066198595787
Croatia,2004,10+,568,4985,0.11394182547642928
Croatia,2004,10+,750,4985,0.15045135406218657
Croatia,1997,0-1,51,3899,0.013080276994101052
Croatia,1997,0-1,140,3899,0.03590664272890485
Croatia,1997,1-2,218,3899,0.05591177224929469
Croatia,1997,3-4,205,3899,0.05257758399589638
Croatia,1997,3-4,208,3899,0.053347012054372915
Croatia,1997,5-9,182,3899,0.0466786355475763
Croatia,1997,5-9,200,3899,0.0512952038984355
Croatia,1997,5-9,200,3899,0.0512952038984355
Croatia,1997,5-9,198,3899,0.05078225185945114
Croatia,1997,5-9,150,3899,0.03847140292382662
Croatia,1997,10+,740,3899,0.18979225442421133
Croatia,1997,10+,586,3899,0.150294947422416
Croatia,1997,10+,821,3899,0.21056681200307772
Croatia,1996,0-1,43,3612,0.011904761904761904
Croatia,1996,0-1,134,3612,0.03709856035437431
Croatia,1996,1-2,173,3612,0.047895902547065335
Croatia,1996,3-4,189,3612,0.05232558139534884
Croatia,1996,3-4,179,3612,0.04955703211517165
Croatia,1996,5-9,189,3612,0.05232558139534884
Croatia,1996,5-9,199,3612,0.05509413067552602
Croatia,1996,5-9,179,3612,0.04955703211517165
Croatia,1996,5-9,185,3612,0.05121816168327796
Croatia,1996,5-9,175,3612,0.04844961240310078
Croatia,1996,10+,614,3612,0.1699889258028793
Croatia,1996,10+,595,3612,0.16472868217054262
Croatia,1996,10+,758,3612,0.20985603543743078
Croatia,1995,0-1,71,4236,0.01676109537299339
Croatia,1995,0-1,172,4236,0.04060434372049103
Croatia,1995,1-2,203,4236,0.04792256846081209
Croatia,1995,3-4,203,4236,0.04792256846081209
Croatia,1995,3-4,233,4236,0.05500472143531634
Croatia,1995,5-9,223,4236,0.05264400377714825
Croatia,1995,5-9,266,4236,0.062795089707271
Croatia,1995,5-9,242,4236,0.05712936732766761
Croatia,1995,5-9,222,4236,0.05240793201133145
Croatia,1995,5-9,156,4236,0.036827195467422094
Croatia,1995,10+,762,4236,0.17988668555240794
Croatia,1995,10+,571,4236,0.13479697828139756
Croatia,1995,10+,478,4236,0.11284230406043437
Czechia,2023,0-1,146,19453,0.007505269110162957
Czechia,2023,0-1,702,19453,0.0360869788721534
Czechia,2023,1-2,812,19453,0.04174163368118028
Czechia,2023,3-4,983,19453,0.05053205161157662
Czechia,2023,3-4,1086,19453,0.055826864750938156
Czechia,2023,5-9,1039,19453,0.0534107849688994
Czechia,2023,5-9,950,19453,0.04883565516886856
Czechia,2023,5-9,910,19453,0.046779417056495146
Czechia,2023,5-9,790,19453,0.040610702719374905
Czechia,2023,5-9,722,19453,0.0371150979283401
Czechia,2023,10+,3272,19453,0.16820027759214518
Czechia,2023,10+,2726,19453,0.14013262735824808
Czechia,2023,10+,1984,19453,0.10198941037372128
Czechia,2023,10+,3312,19453,0.17025651570451858
Czechia,2022,0-1,149,19846,0.0075078101380630854
Czechia,2022,0-1,641,19846,0.0322986999899224
Czechia,2022,1-2,821,19846,0.04136853774060264
Czechia,2022,3-4,1028,19846,0.05179885115388491
Czechia,2022,3-4,1111,19846,0.05598105411669858
Czechia,2022,5-9,964,19846,0.04857401995364305
Czechia,2022,5-9,918,19846,0.04625617252846921
Czechia,2022,5-9,861,19846,0.0433840572407538
Czechia,2022,5-9,803,19846,0.040461553965534615
Czechia,2022,5-9,737,19846,0.037135946790285194
Czechia,2022,10+,3525,19846,0.17761765595082132
Czechia,2022,10+,2851,19846,0.1436561523732742
Czechia,2022,10+,2104,19846,0.10601632570795122
Czechia,2022,10+,3318,19846,0.16718734253753906
Czechia,2021,0-1,107,21107,0.005069408253186147
Czechia,2021,0-1,683,21107,0.03235893305538447
Czechia,2021,1-2,1011,21107,0.04789880134552518
Czechia,2021,3-4,1084,21107,0.05135736959302601
Czechia,2021,3-4,982,21107,0.046524849575970056
Czechia,2021,5-9,971,21107,0.04600369545648363
Czechia,2021,5-9,916,21107,0.0433979248590515
Czechia,2021,5-9,855,21107,0.040507888378263135
Czechia,2021,5-9,834,21107,0.03951295778651632
Czechia,2021,5-9,837,21107,0.03965509072819444
Czechia,2021,10+,3922,21107,0.185815132420524
Czechia,2021,10+,3047,21107,0.14435969109774008
Czechia,2021,10+,2226,21107,0.10546264272516227
Czechia,2021,10+,3605,21107,0.1707964182498697
Czechia,2020,0-1,154,21734,0.0070856722186436
Czechia,2020,0-1,762,21734,0.03506027422471703
Czechia,2020,1-2,966,21734,0.04444648937149167
Czechia,2020,3-4,1019,21734,0.04688506487531057
Czechia,2020,3-4,958,21734,0.04407840250299071
Czechia,2020,5-9,950,21734,0.04371031563448974
Czechia,2020,5-9,884,21734,0.04067359896935677
Czechia,2020,5-9,873,21734,0.04016747952516794
Czechia,2020,5-9,835,21734,0.03841906689978835
Czechia,2020,5-9,842,21734,0.038741142909726696
Czechia,2020,10+,4136,21734,0.19030091101499955
Czechia,2020,10+,3048,21734,0.14024109689886813
Czechia,2020,10+,2366,21734,0.10886169135916077
Czechia,2020,10+,3888,21734,0.1788902180914696
Czechia,2019,0-1,203,24141,0.00840893086450437
Czechia,2019,0-1,917,24141,0.03798517045689905
Czechia,2019,1-2,1146,24141,0.047471107244936
Czechia,2019,3-4,1133,24141,0.04693260428316971
Czechia,2019,3-4,1043,24141,0.043204506855556934
Czechia,2019,5-9,940,24141,0.03893790646617787
Czechia,2019,5-9,968,24141,0.04009775899921296
Czechia,2019,5-9,973,24141,0.04030487552296922
Czechia,2019,5-9,981,24141,0.04063626196097925
Czechia,2019,5-9,922,24141,0.03819228698065532
Czechia,2019,10+,4522,24141,0.18731618408516632
Czechia,2019,10+,3433,24141,0.14220620521105173
Czechia,2019,10+,2584,24141,0.1070378194772379
Czechia,2019,10+,4308,24141,0.17845159686839815
Czechia,2018,0-1,193,24313,0.007938140089663965
Czechia,2018,0-1,910,24313,0.037428536174063255
Czechia,2018,1-2,1020,24313,0.0419528647225764
Czechia,2018,3-4,1010,24313,0.04154156212725702
Czechia,2018,3-4,1028,24313,0.0422819067988319
Czechia,2018,5-9,1051,24313,0.04322790276806646
Czechia,2018,5-9,1015,24313,0.04174721342491671
Czechia,2018,5-9,938,24313,0.03858018344095751
Czechia,2018,5-9,980,24313,0.04030765434129889
Czechia,2018,5-9,1065,24313,0.043803726401513594
Czechia,2018,10+,4511,24313,0.18553860074857073
Czechia,2018,10+,3320,24313,0.136552461646033
Czechia,2018,10+,2724,24313,0.11203882696499814
Czechia,2018,10+,4373,24313,0.17986262493316332
Czechia,2017,0-1,230,25755,0.0089303047951854
Czechia,2017,0-1,858,25755,0.03331391962725684
Czechia,2017,1-2,1010,25755,0.0392156862745098
Czechia,2017,3-4,1096,25755,0.042554843719666086
Czechia,2017,3-4,1106,25755,0.04294311784119589
Czechia,2017,5-9,1130,25755,0.0438749757328674
Czechia,2017,5-9,1162,25755,0.045117452921762766
Czechia,2017,5-9,1097,25755,0.04259367113181906
Czechia,2017,5-9,1140,25755,0.0442632498543972
Czechia,2017,5-9,1194,25755,0.04635993011065812
Czechia,2017,10+,4613,25755,0.17911085226169676
Czechia,2017,10+,3582,25755,0.13907979033197437
Czechia,2017,10+,2894,25755,0.11236653077072413
Czechia,2017,10+,4530,25755,0.17588817705299942
Czechia,2016,0-1,193,24996,0.007721235397663626
Czechia,2016,0-1,780,24996,0.031204992798847815
Czechia,2016,1-2,1039,24996,0.04156665066410626
Czechia,2016,3-4,1070,24996,0.04280684909585534
Czechia,2016,3-4,1094,24996,0.043767002720435266
Czechia,2016,5-9,1104,24996,0.044167066730676906
Czechia,2016,5-9,1182,24996,0.04728756601056169
Czechia,2016,5-9,1088,24996,0.04352696431429029
Czechia,2016,5-9,1223,24996,0.04892782845255241
Czechia,2016,5-9,1110,24996,0.04440710513682189
Czechia,2016,10+,4340,24996,0.17362778044487118
Czechia,2016,10+,3391,24996,0.13566170587293966
Czechia,2016,10+,2960,24996,0.11841894703152504
Czechia,2016,10+,4334,24996,0.1733877420387262
Czechia,2015,0-1,205,26083,0.007859525361346471
Czechia,2015,0-1,820,26083,0.031438101445385884
Czechia,2015,1-2,999,26083,0.038300808956024994
Czechia,2015,3-4,1160,26083,0.044473411800789786
Czechia,2015,3-4,1199,26083,0.04596863857685082
Czechia,2015,5-9,1216,26083,0.04662040409462102
Czechia,2015,5-9,1277,26083,0.0489590921289729
Czechia,2015,5-9,1275,26083,0.048882413832764635
Czechia,2015,5-9,1236,26083,0.0473871870567036
Czechia,2015,5-9,1038,26083,0.03979603573208603
Czechia,2015,10+,4394,26083,0.16846221676954337
Czechia,2015,10+,3539,26083,0.13568224514051297
Czechia,2015,10+,3268,26083,0.12529233600429399
Czechia,2015,10+,4355,26083,0.16696698999348233
Czechia,2014,0-1,191,26764,0.007136451950381109
Czechia,2014,0-1,803,26764,0.03000298908982215
Czechia,2014,1-2,1021,26764,0.0381482588551786
Czechia,2014,3-4,1208,26764,0.04513525631445225
Czechia,2014,3-4,1272,26764,0.047526528172171574
Czechia,2014,5-9,1334,26764,0.04984307278433717
Czechia,2014,5-9,1374,26764,0.051337617695411744
Czechia,2014,5-9,1276,26764,0.047675982663279035
Czechia,2014,5-9,1072,26764,0.04005380361679869
Czechia,2014,5-9,1049,26764,0.0391944402929308
Czechia,2014,10+,4277,26764,0.15980421461664923
Czechia,2014,10+,3643,26764,0.13611567777611716
Czechia,2014,10+,3636,26764,0.13585413241667912
Czechia,2014,10+,4427,26764,0.1654087580331789
Czechia,2013,0-1,217,27895,0.0077791718946047675
Czechia,2013,0-1,877,27895,0.031439326044093927
Czechia,2013,1-2,1109,27895,0.03975622871482345
Czechia,2013,3-4,1235,27895,0.044273167234271375
Czechia,2013,3-4,1367,27895,0.049005198064169204
Czechia,2013,5-9,1438,27895,0.051550457071159704
Czechia,2013,5-9,1352,27895,0.04846746728804445
Czechia,2013,5-9,1190,27895,0.04265997490589712
Czechia,2013,5-9,1102,27895,0.03950528768596523
Czechia,2013,5-9,957,27895,0.03430722351675928
Czechia,2013,10+,4642,27895,0.16640975085140705
Czechia,2013,10+,3832,27895,0.13737228894067038
Czechia,2013,10+,3869,27895,0.1386986915217781
Czechia,2013,10+,4341,27895,0.15561928661050367
Czechia,2012,0-1,200,26402,0.007575183698204682
Czechia,2012,0-1,846,26402,0.0320430270434058
Czechia,2012,1-2,1121,26402,0.04245890462843724
Czechia,2012,3-4,1239,26402,0.046928263010378
Czechia,2012,3-4,1415,26402,0.05359442466479812
Czechia,2012,5-9,1253,26402,0.04745852586925233
Czechia,2012,5-9,1103,26402,0.04177713809559882
Czechia,2012,5-9,1061,26402,0.04018634951897584
Czechia,2012,5-9,1000,26402,0.037875918491023404
Czechia,2012,5-9,900,26402,0.03408832664192107
Czechia,2012,10+,933,26402,0.03533823195212484
Czechia,2012,10+,903,26402,0.03420195439739414
Czechia,2012,10+,868,26402,0.03287629725020832
Czechia,2012,10+,783,26402,0.02965684417847133
Czechia,2012,10+,845,26402,0.03200515112491478
Czechia,2012,10+,787,26402,0.029808347852435423
Czechia,2012,10+,710,26402,0.02689190212862662
Czechia,2012,10+,704,26402,0.02666464661768048
Czechia,2012,10+,828,26402,0.03136126051056738
Czechia,2012,10+,833,26402,0.0315506401030225
Czechia,2012,10+,772,26402,0.02924020907507007
Czechia,2012,10+,803,26402,0.030414362548291798
Czechia,2012,10+,812,26402,0.030755245814711007
Czechia,2012,10+,668,26402,0.025301113552003637
Czechia,2012,10+,606,26402,0.022952806605560185
Czechia,2012,10+,524,26402,0.019846981289296267
Czechia,2012,10+,522,26402,0.01977122945231422
Czechia,2012,10+,396,26402,0.01499886372244527
Czechia,2012,10+,344,26402,0.013029315960912053
Czechia,2012,10+,319,26402,0.012082417998636467
Czechia,2012,10+,267,26402,0.01011287023710325
Czechia,2012,10+,228,26402,0.008635709415953336
Czechia,2012,10+,218,26402,0.008256950231043102
Czechia,2012,10+,148,26402,0.005605635936671465
Czechia,2012,10+,155,26402,0.0058707673661086285
Czechia,2012,10+,745,26402,0.02821755927581244
Czechia,2011,0-1,226,28113,0.008038985522711912
Czechia,2011,0-1,924,28113,0.03286735673887525
Czechia,2011,1-2,1267,28113,0.04506811795254864
Czechia,2011,3-4,1456,28113,0.05179098637640949
Czechia,2011,3-4,1376,28113,0.04894532778429908
Czechia,2011,5-9,1242,28113,0.04417884964251414
Czechia,2011,5-9,1147,28113,0.04079963006438302
Czechia,2011,5-9,1106,28113,0.03934123003592644
Czechia,2011,5-9,1011,28113,0.035962010457795325
Czechia,2011,5-9,1071,28113,0.03809625440187814
Czechia,2011,10+,975,28113,0.03468146409134564
Czechia,2011,10+,894,28113,0.03180023476683385
Czechia,2011,10+,831,28113,0.0295592786255469
Czechia,2011,10+,860,28113,0.030590829865186926
Czechia,2011,10+,833,28113,0.02963042009034966
Czechia,2011,10+,723,28113,0.025717639526197843
Czechia,2011,10+,792,28113,0.028172020061893073
Czechia,2011,10+,837,28113,0.02977270301995518
Czechia,2011,10+,871,28113,0.030982107921602105
Czechia,2011,10+,904,28113,0.03215594209084765
Czechia,2011,10+,959,28113,0.034112332372923555
Czechia,2011,10+,915,28113,0.032547220147262836
Czechia,2011,10+,798,28113,0.028385444456301354
Czechia,2011,10+,762,28113,0.02710489808985167
Czechia,2011,10+,666,28113,0.023690107779319177
Czechia,2011,10+,575,28113,0.020453171130793583
Czechia,2011,10+,509,28113,0.018105502792302493
Czechia,2011,10+,438,28113,0.015579980791804502
Czechia,2011,10+,382,28113,0.013588019777327215
Czechia,2011,10+,332,28113,0.011809483157258207
Czechia,2011,10+,290,28113,0.010315512396400241
Czechia,2011,10+,258,28113,0.009177248959556078
Czechia,2011,10+,241,28113,0.008572546508732615
Czechia,2011,10+,186,28113,0.006616156226656707
Czechia,2011,10+,195,28113,0.006936292818269128
Czechia,2011,10+,831,28113,0.0295592786255469
Czechia,2010,0-1,243,30783,0.00789396744956632
Czechia,2010,0-1,1076,30783,0.03495435792482864
Czechia,2010,1-2,1591,30783,0.05168437124386837
Czechia,2010,3-4,1582,30783,0.05139200207906962
Czechia,2010,3-4,1397,30783,0.04538219146931748
Czechia,2010,5-9,1334,30783,0.043335607315726214
Czechia,2010,5-9,1211,30783,0.039339895396809925
Czechia,2010,5-9,1181,30783,0.03836533151414742
Czechia,2010,5-9,1163,30783,0.03778059318454991
Czechia,2010,5-9,1121,30783,0.0364162037488224
Czechia,2010,10+,1071,30783,0.034791930611051555
Czechia,2010,10+,1025,30783,0.033297599324302374
Czechia,2010,10+,1005,30783,0.03264789006919404
Czechia,2010,10+,943,30783,0.030633791378358186
Czechia,2010,10+,860,30783,0.027937497969658578
Czechia,2010,10+,875,30783,0.028424779910989833
Czechia,2010,10+,961,30783,0.03121852970795569
Czechia,2010,10+,1064,30783,0.034564532371763636
Czechia,2010,10+,999,30783,0.032452977292661535
Czechia,2010,10+,1098,30783,0.03566903810544781
Czechia,2010,10+,941,30783,0.03056882045284735
Czechia,2010,10+,908,30783,0.02949680018191859
Czechia,2010,10+,845,30783,0.027450216028327323
Czechia,2010,10+,733,30783,0.023811844199720624
Czechia,2010,10+,723,30783,0.023486989572166456
Czechia,2010,10+,540,30783,0.017542149887925153
Czechia,2010,10+,536,30783,0.017412208036903486
Czechia,2010,10+,468,30783,0.015203196569535133
Czechia,2010,10+,378,30783,0.012279504921547607
Czechia,2010,10+,324,30783,0.010525289932755092
Czechia,2010,10+,275,30783,0.008933502257739662
Czechia,2010,10+,261,30783,0.008478705779163825
Czechia,2010,10+,250,30783,0.008121365688854238
Czechia,2010,10+,208,30783,0.006756976253126726
Czechia,2010,10+,174,30783,0.0056524705194425495
Czechia,2010,10+,847,30783,0.027515186953838158
Czechia,2009,0-1,302,29133,0.010366251330106753
Czechia,2009,0-1,1205,29133,0.04136202931383654
Czechia,2009,1-2,1449,29133,0.049737411183194316
Czechia,2009,3-4,1380,29133,0.047368963031613635
Czechia,2009,3-4,1365,29133,0.04685408299866131
Czechia,2009,5-9,1206,29133,0.041396354649366696
Czechia,2009,5-9,1216,29133,0.04173960800466824
Czechia,2009,5-9,1228,29133,0.042151512031030104
Czechia,2009,5-9,1148,29133,0.039405485188617716
Czechia,2009,5-9,1066,29133,0.036590807675145026
Czechia,2009,10+,1028,29133,0.03528644492499914
Czechia,2009,10+,1026,29133,0.03521779425393883
Czechia,2009,10+,915,29133,0.03140768201009165
Czechia,2009,10+,874,29133,0.0300003432533553
Czechia,2009,10+,880,29133,0.03020629526653623
Czechia,2009,10+,963,29133,0.03305529811553908
Czechia,2009,10+,979,29133,0.03360450348402155
Czechia,2009,10+,964,29133,0.033089623451069236
Czechia,2009,10+,1043,29133,0.035801324957951464
Czechia,2009,10+,938,29133,0.03219716472728521
Czechia,2009,10+,898,29133,0.030824151306079017
Czechia,2009,10+,864,29133,0.029657089898053754
Czechia,2009,10+,776,29133,0.02663646037140013
Czechia,2009,10+,671,29133,0.023032300140733875
Czechia,2009,10+,654,29133,0.022448769436721243
Czechia,2009,10+,553,29133,0.018981910548175607
Czechia,2009,10+,482,29133,0.016544811725534618
Czechia,2009,10+,375,29133,0.012872000823808053
Czechia,2009,10+,371,29133,0.012734699481687433
Czechia,2009,10+,303,29133,0.010400576665636907
Czechia,2009,10+,269,29133,0.009233515257611643
Czechia,2009,10+,235,29133,0.00806645384958638
Czechia,2009,10+,223,29133,0.007654549823224522
Czechia,2009,10+,98,29133,0.003363882881955171
Czechia,2009,10+,171,29133,0.005869632375656472
Czechia,2009,10+,672,29133,0.023066625476264032
Czechia,2008,0-1,337,31300,0.010766773162939298
Czechia,2008,0-1,1206,31300,0.03853035143769968
Czechia,2008,1-2,1429,31300,0.045654952076677316
Czechia,2008,3-4,1618,31300,0.05169329073482428
Czechia,2008,3-4,1359,31300,0.0434185303514377
Czechia,2008,5-9,1430,31300,0.045686900958466455
Czechia,2008,5-9,1428,31300,0.04562300319488818
Czechia,2008,5-9,1310,31300,0.041853035143769965
Czechia,2008,5-9,1212,31300,0.038722044728434504
Czechia,2008,5-9,1135,31300,0.03626198083067093
Czechia,2008,10+,1148,31300,0.036677316293929715
Czechia,2008,10+,1001,31300,0.03198083067092652
Czechia,2008,10+,1050,31300,0.03354632587859425
Czechia,2008,10+,950,31300,0.03035143769968051
Czechia,2008,10+,964,31300,0.030798722044728433
Czechia,2008,10+,1110,31300,0.03546325878594249
Czechia,2008,10+,1112,31300,0.035527156549520766
Czechia,2008,10+,1145,31300,0.0365814696485623
Czechia,2008,10+,1083,31300,0.03460063897763578
Czechia,2008,10+,1001,31300,0.03198083067092652
Czechia,2008,10+,987,31300,0.0315335463258786
Czechia,2008,10+,923,31300,0.0294888178913738
Czechia,2008,10+,819,31300,0.026166134185303513
Czechia,2008,10+,780,31300,0.024920127795527155
Czechia,2008,10+,641,31300,0.02047923322683706
Czechia,2008,10+,519,31300,0.0165814696485623
Czechia,2008,10+,443,31300,0.014153354632587859
Czechia,2008,10+,400,31300,0.012779552715654952
Czechia,2008,10+,359,31300,0.01146964856230032
Czechia,2008,10+,325,31300,0.010383386581469648
Czechia,2008,10+,295,31300,0.009424920127795527
Czechia,2008,10+,292,31300,0.009329073482428115
Czechia,2008,10+,230,31300,0.007348242811501597
Czechia,2008,10+,188,31300,0.006006389776357828
Czechia,2008,10+,173,31300,0.005527156549520767
Czechia,2008,10+,653,31300,0.02086261980830671
Czechia,2007,0-1,274,31129,0.00880208166018825
Czechia,2007,0-1,1089,31129,0.03498345594140512
Czechia,2007,1-2,1481,31129,0.04757621510488612
Czechia,2007,3-4,1358,31129,0.043624915673487745
Czechia,2007,3-4,1418,31129,0.045552378810755245
Czechia,2007,5-9,1460,31129,0.04690160300684249
Czechia,2007,5-9,1473,31129,0.04731922001991712
Czechia,2007,5-9,1344,31129,0.04317517427479199
Czechia,2007,5-9,1278,31129,0.041054964823797745
Czechia,2007,5-9,1196,31129,0.0384207652028655
Czechia,2007,10+,1119,31129,0.03594718751003887
Czechia,2007,10+,1053,31129,0.033826978059044624
Czechia,2007,10+,969,31129,0.03112852966687012
Czechia,2007,10+,1066,31129,0.034244595072119244
Czechia,2007,10+,1168,31129,0.037521282405474
Czechia,2007,10+,1127,31129,0.03620418259500787
Czechia,2007,10+,1152,31129,0.037007292235536
Czechia,2007,10+,1091,31129,0.03504770471264737
Czechia,2007,10+,1058,31129,0.033987599987150244
Czechia,2007,10+,1002,31129,0.032188634392367244
Czechia,2007,10+,968,31129,0.031096405281248997
Czechia,2007,10+,860,31129,0.027626971634167496
Czechia,2007,10+,808,31129,0.025956503581868996
Czechia,2007,10+,721,31129,0.023161682032831123
Czechia,2007,10+,591,31129,0.018985511902084872
Czechia,2007,10+,530,31129,0.01702592437919625
Czechia,2007,10+,431,31129,0.013845610202704873
Czechia,2007,10+,361,31129,0.011596903209226123
Czechia,2007,10+,367,31129,0.011789649522952873
Czechia,2007,10+,343,31129,0.011018664268045873
Czechia,2007,10+,320,31129,0.01027980339876
Czechia,2007,10+,252,31129,0.0080953451765235
Czechia,2007,10+,252,31129,0.0080953451765235
Czechia,2007,10+,171,31129,0.005493269941212374
Czechia,2007,10+,145,31129,0.004658035915063125
Czechia,2007,10+,577,31129,0.018535770503389122
Czechia,2004,0-1,184,33060,0.0055656382335148216
Czechia,2004,0-1,1099,33060,0.03324258923169994
Czechia,2004,1-2,1477,33060,0.044676346037507565
Czechia,2004,3-4,1625,33060,0.04915305505142166
Czechia,2004,3-4,1634,33060,0.04942528735632184
Czechia,2004,5-9,1659,33060,0.05018148820326679
Czechia,2004,5-9,1620,33060,0.04900181488203267
Czechia,2004,5-9,1454,33060,0.04398064125831821
Czechia,2004,5-9,1358,33060,0.04107683000604961
Czechia,2004,5-9,1305,33060,0.039473684210526314
Czechia,2004,10+,6994,33060,0.21155474894131882
Czechia,2004,10+,5439,33060,0.164519056261343
Czechia,2004,10+,3609,33060,0.10916515426497278
Czechia,2004,10+,3603,33060,0.108983666061706
Czechia,1997,0-1,257,32465,0.007916217464962266
Czechia,1997,0-1,1109,32465,0.03415986446942861
Czechia,1997,1-2,1639,32465,0.05048513784075158
Czechia,1997,3-4,2026,32465,0.062405667642076085
Czechia,1997,3-4,2265,32465,0.06976744186046512
Czechia,1997,5-9,2212,32465,0.06813491452333283
Czechia,1997,5-9,2216,32465,0.06825812413368243
Czechia,1997,5-9,2076,32465,0.06394578777144617
Czechia,1997,5-9,1790,32465,0.05513630063144925
Czechia,1997,5-9,1574,32465,0.04848298167257046
Czechia,1997,10+,5871,32465,0.18084090559063606
Czechia,1997,10+,4003,32465,0.12330201755736947
Czechia,1997,10+,5427,32465,0.16716463884182967
Czechia,1996,0-1,231,33113,0.006976112100987528
Czechia,1996,0-1,1141,33113,0.034457765832150516
Czechia,1996,1-2,1891,33113,0.057107480445746386
Czechia,1996,3-4,2349,33113,0.07093890616978227
Czechia,1996,3-4,2405,33113,0.07263008486093075
Czechia,1996,5-9,2446,33113,0.07386826925980733
Czechia,1996,5-9,2196,33113,0.0663183643886087
Czechia,1996,5-9,1927,33113,0.05819466674719898
Czechia,1996,5-9,1738,33113,0.052486938664572824
Czechia,1996,5-9,1580,33113,0.0477153987859753
Czechia,1996,10+,5683,33113,0.1716244375320871
Czechia,1996,10+,4128,33113,0.12466402923323167
Czechia,1996,10+,5398,33113,0.16301754597892065
Czechia,1995,0-1,210,31135,0.006744820941063112
Czechia,1995,0-1,1178,31135,0.037835233659868316
Czechia,1995,1-2,2080,31135,0.06680584551148225
Czechia,1995,3-4,2526,31135,0.08113056046250201
Czechia,1995,3-4,2488,31135,0.07991006905411915
Czechia,1995,5-9,2248,31135,0.07220170226433274
Czechia,1995,5-9,1903,31135,0.061120925004014774
Czechia,1995,5-9,1725,31135,0.05540388630158985
Czechia,1995,5-9,1538,31135,0.04939778384454794
Czechia,1995,5-9,1375,31135,0.04416251806648466
Czechia,1995,10+,5180,31135,0.16637224987955676
Czechia,1995,10+,3926,31135,0.12609603340292275
Czechia,1995,10+,4758,31135,0.15281837160751566
Denmark,2021,0-1,387,12886,0.030032593512338973
Denmark,2021,0-1,650,12886,0.050442340524600345
Denmark,2021,1-2,721,12886,0.05595219618190284
Denmark,2021,3-4,759,12886,0.058901133012571785
Denmark,2021,3-4,677,12886,0.05253763774639143
Denmark,2021,5-9,692,12886,0.053701691758497594
Denmark,2021,5-9,586,12886,0.04547571007294739
Denmark,2021,5-9,537,12886,0.04167313363340059
Denmark,2021,5-9,561,12886,0.04353562005277045
Denmark,2021,5-9,448,12886,0.0347664131615707
Denmark,2021,10+,2356,12886,0.18283408350147448
Denmark,2021,10+,1738,12886,0.1348750582027006
Denmark,2021,10+,1176,12886,0.09126183454912308
Denmark,2021,10+,1450,12886,0.1125252211702623
Denmark,2020,0-1,433,15651,0.027665963836176602
Denmark,2020,0-1,875,15651,0.05590697080058782
Denmark,2020,1-2,894,15651,0.057120950737972014
Denmark,2020,3-4,868,15651,0.05545971503418312
Denmark,2020,3-4,817,15651,0.05220113730752029
Denmark,2020,5-9,710,15651,0.04536451344961983
Denmark,2020,5-9,720,15651,0.04600345025876941
Denmark,2020,5-9,705,15651,0.04504504504504504
Denmark,2020,5-9,578,15651,0.036930547568845444
Denmark,2020,5-9,638,15651,0.04076416842374289
Denmark,2020,10+,2951,15651,0.1885502523800396
Denmark,2020,10+,2207,15651,0.14101335377931123
Denmark,2020,10+,1412,15651,0.09021787745192
Denmark,2020,10+,1703,15651,0.10881093859817265
Denmark,2019,0-1,356,10530,0.03380816714150048
Denmark,2019,0-1,588,10530,0.05584045584045584
Denmark,2019,1-2,578,10530,0.05489078822412156
Denmark,2019,3-4,596,10530,0.05660018993352327
Denmark,2019,3-4,549,10530,0.05213675213675214
Denmark,2019,5-9,527,10530,0.050047483380816715
Denmark,2019,5-9,441,10530,0.04188034188034188
Denmark,2019,5-9,427,10530,0.04055080721747389
Denmark,2019,5-9,398,10530,0.03779677113010446
Denmark,2019,5-9,454,10530,0.04311490978157645
Denmark,2019,10+,1971,10530,0.18717948717948718
Denmark,2019,10+,1390,10530,0.13200379867046533
Denmark,2019,10+,995,10530,0.09449192782526115
Denmark,2019,10+,1137,10530,0.10797720797720797
Denmark,2018,0-1,559,15034,0.037182386590395106
Denmark,2018,0-1,820,15034,0.054543035785552745
Denmark,2018,1-2,810,15034,0.0538778768125582
Denmark,2018,3-4,758,15034,0.05041905015298656
Denmark,2018,3-4,780,15034,0.051882399893574564
Denmark,2018,5-9,665,15034,0.04423307170413729
Denmark,2018,5-9,615,15034,0.040907276839164564
Denmark,2018,5-9,704,15034,0.046827191698816016
Denmark,2018,5-9,685,15034,0.04556338965012638
Denmark,2018,5-9,694,15034,0.04616203272582147
Denmark,2018,10+,2853,15034,0.18976985499534388
Denmark,2018,10+,2084,15034,0.13861912997206333
Denmark,2018,10+,1356,15034,0.0901955567380604
Denmark,2018,10+,1560,15034,0.10376479978714913
Denmark,2017,0-1,551,15265,0.03609564362921716
Denmark,2017,0-1,790,15265,0.05175237471339666
Denmark,2017,1-2,787,15265,0.05155584670815591
Denmark,2017,3-4,781,15265,0.05116279069767442
Denmark,2017,3-4,681,15265,0.04461185718964952
Denmark,2017,5-9,700,15265,0.04585653455617426
Denmark,2017,5-9,708,15265,0.04638060923681624
Denmark,2017,5-9,733,15265,0.04801834261382247
Denmark,2017,5-9,740,15265,0.04847690795938421
Denmark,2017,5-9,745,15265,0.04880445463478546
Denmark,2017,10+,2842,15265,0.18617753029806747
Denmark,2017,10+,2158,15265,0.1413691451031772
Denmark,2017,10+,1366,15265,0.08948575171962005
Denmark,2017,10+,1533,15265,0.10042581067802162
Denmark,2016,0-1,507,17222,0.029439089536639183
Denmark,2016,0-1,821,17222,0.047671582859133664
Denmark,2016,1-2,882,17222,0.05121356404598769
Denmark,2016,3-4,818,17222,0.04749738706305888
Denmark,2016,3-4,768,17222,0.04459412379514575
Denmark,2016,5-9,834,17222,0.04842643130879108
Denmark,2016,5-9,885,17222,0.05138775984206248
Denmark,2016,5-9,916,17222,0.05318778306816862
Denmark,2016,5-9,889,17222,0.05162002090349553
Denmark,2016,5-9,809,17222,0.04697479967483451
Denmark,2016,10+,3380,17222,0.19626059691092787
Denmark,2016,10+,2383,17222,0.13836952734873997
Denmark,2016,10+,1466,17222,0.0851236790152131
Denmark,2016,10+,1722,17222,0.09998838694692835
Denmark,2015,0-1,383,16343,0.023435109832956005
Denmark,2015,0-1,726,16343,0.04442268861286178
Denmark,2015,1-2,755,16343,0.046197148626323195
Denmark,2015,3-4,698,16343,0.04270941687572661
Denmark,2015,3-4,799,16343,0.04888943278467846
Denmark,2015,5-9,909,16343,0.0556201431805666
Denmark,2015,5-9,954,16343,0.05837361561524812
Denmark,2015,5-9,905,16343,0.05537539007526158
Denmark,2015,5-9,881,16343,0.05390687144343144
Denmark,2015,5-9,769,16343,0.047053784494890775
Denmark,2015,10+,3181,16343,0.19463990699381997
Denmark,2015,10+,2244,16343,0.13730649207611823
Denmark,2015,10+,1454,16343,0.08896775377837607
Denmark,2015,10+,1536,16343,0.09398519243712905
Denmark,2014,0-1,425,19435,0.021867764342680732
Denmark,2014,0-1,766,19435,0.039413429379984564
Denmark,2014,1-2,899,19435,0.04625675328016465
Denmark,2014,3-4,976,19435,0.05021867764342681
Denmark,2014,3-4,1063,19435,0.05469513763828145
Denmark,2014,5-9,1229,19435,0.06323642912271675
Denmark,2014,5-9,1185,19435,0.060972472343709803
Denmark,2014,5-9,1078,19435,0.055466941085670185
Denmark,2014,5-9,1003,19435,0.05160792384872653
Denmark,2014,5-9,905,19435,0.04656547465912014
Denmark,2014,10+,3690,19435,0.18986364805762798
Denmark,2014,10+,2639,19435,0.13578595317725753
Denmark,2014,10+,1663,19435,0.08556727553383071
Denmark,2014,10+,1710,19435,0.08798559300231541
Denmark,2013,0-1,263,18875,0.013933774834437087
Denmark,2013,0-1,675,18875,0.03576158940397351
Denmark,2013,1-2,909,18875,0.048158940397351
Denmark,2013,3-4,1074,18875,0.05690066225165563
Denmark,2013,3-4,1194,18875,0.06325827814569536
Denmark,2013,5-9,1221,18875,0.0646887417218543
Denmark,2013,5-9,1138,18875,0.06029139072847682
Denmark,2013,5-9,1104,18875,0.05849006622516556
Denmark,2013,5-9,964,18875,0.051072847682119206
Denmark,2013,5-9,918,18875,0.04863576158940398
Denmark,2013,10+,3627,18875,0.19215894039735099
Denmark,2013,10+,2513,18875,0.13313907284768212
Denmark,2013,10+,1504,18875,0.07968211920529801
Denmark,2013,10+,1633,18875,0.08651655629139073
Denmark,2012,0-1,142,15709,0.009039404163218537
Denmark,2012,0-1,506,15709,0.032210834553440704
Denmark,2012,1-2,856,15709,0.054491056082500475
Denmark,2012,3-4,1042,15709,0.06633140238080082
Denmark,2012,3-4,975,15709,0.0620663314023808
Denmark,2012,5-9,946,15709,0.0602202559042587
Denmark,2012,5-9,915,15709,0.05824686485454198
Denmark,2012,5-9,879,15709,0.05595518492583869
Denmark,2012,5-9,771,15709,0.04908014513972882
Denmark,2012,5-9,727,15709,0.04627920300464702
Denmark,2012,10+,706,15709,0.04494238971290343
Denmark,2012,10+,640,15709,0.04074097651028073
Denmark,2012,10+,595,15709,0.037876376599401615
Denmark,2012,10+,557,15709,0.035457381119103695
Denmark,2012,10+,532,15709,0.033865936724170854
Denmark,2012,10+,483,15709,0.03074670571010249
Denmark,2012,10+,481,15709,0.030619390158507863
Denmark,2012,10+,459,15709,0.029218919090966963
Denmark,2012,10+,405,15709,0.025781399197912024
Denmark,2012,10+,339,15709,0.021579985995289326
Denmark,2012,10+,324,15709,0.02062511935832962
Denmark,2012,10+,275,15709,0.017505888344261252
Denmark,2012,10+,276,15709,0.017569546120058566
Denmark,2012,10+,235,15709,0.014959577312368705
Denmark,2012,10+,195,15709,0.01241326628047616
Denmark,2012,10+,167,15709,0.010630848558151378
Denmark,2012,10+,147,15709,0.009357693042205106
Denmark,2012,10+,105,15709,0.006684066458717932
Denmark,2012,10+,105,15709,0.006684066458717932
Denmark,2012,10+,77,15709,0.00490164873639315
Denmark,2012,10+,69,15709,0.004392386530014641
Denmark,2012,10+,59,15709,0.0037558087720415047
Denmark,2012,10+,66,15709,0.0042014132026227
Denmark,2012,10+,50,15709,0.003182888789865682
Denmark,2012,10+,54,15709,0.003437519893054937
Denmark,2012,10+,411,15709,0.026163345852695908
Denmark,2011,0-1,147,14484,0.010149130074565037
Denmark,2011,0-1,504,14484,0.0347970173985087
Denmark,2011,1-2,851,14484,0.05875448771057719
Denmark,2011,3-4,922,14484,0.06365644849489091
Denmark,2011,3-4,845,14484,0.05834023750345208
Denmark,2011,5-9,830,14484,0.057304611985639325
Denmark,2011,5-9,794,14484,0.054819110742888706
Denmark,2011,5-9,787,14484,0.05433581883457608
Denmark,2011,5-9,693,14484,0.047845898922949465
Denmark,2011,5-9,754,14484,0.05205744269538801
Denmark,2011,10+,714,14484,0.04929577464788732
Denmark,2011,10+,643,14484,0.0443938138635736
Denmark,2011,10+,547,14484,0.03776581054957194
Denmark,2011,10+,480,14484,0.033140016570008285
Denmark,2011,10+,492,14484,0.03396851698425849
Denmark,2011,10+,463,14484,0.03196630764982049
Denmark,2011,10+,389,14484,0.026857221761944213
Denmark,2011,10+,359,14484,0.024785970726318697
Denmark,2011,10+,356,14484,0.024578845622756144
Denmark,2011,10+,334,14484,0.023059928196630764
Denmark,2011,10+,291,14484,0.02009113504556752
Denmark,2011,10+,280,14484,0.01933167633250483
Denmark,2011,10+,240,14484,0.016570008285004142
Denmark,2011,10+,228,14484,0.015741507870753936
Denmark,2011,10+,168,14484,0.0115990057995029
Denmark,2011,10+,189,14484,0.013048881524440762
Denmark,2011,10+,125,14484,0.008630212648439658
Denmark,2011,10+,121,14484,0.008354045843689588
Denmark,2011,10+,97,14484,0.006697045015189174
Denmark,2011,10+,72,14484,0.004971002485501243
Denmark,2011,10+,69,14484,0.004763877381938691
Denmark,2011,10+,58,14484,0.0040044186688760015
Denmark,2011,10+,51,14484,0.0035211267605633804
Denmark,2011,10+,58,14484,0.0040044186688760015
Denmark,2011,10+,40,14484,0.0027616680475006906
Denmark,2011,10+,354,14484,0.02444076222038111
Denmark,2010,0-1,150,14460,0.01037344398340249
Denmark,2010,0-1,641,14460,0.044329183955739974
Denmark,2010,1-2,851,14460,0.05885200553250346
Denmark,2010,3-4,911,14460,0.06300138312586445
Denmark,2010,3-4,891,14460,0.06161825726141079
Denmark,2010,5-9,849,14460,0.05871369294605809
Denmark,2010,5-9,735,14460,0.0508298755186722
Denmark,2010,5-9,702,14460,0.04854771784232365
Denmark,2010,5-9,784,14460,0.05421853388658368
Denmark,2010,5-9,748,14460,0.05172890733056708
Denmark,2010,10+,669,14460,0.046265560165975106
Denmark,2010,10+,621,14460,0.04294605809128631
Denmark,2010,10+,517,14460,0.035753803596127245
Denmark,2010,10+,488,14460,0.03374827109266943
Denmark,2010,10+,452,14460,0.031258644536652835
Denmark,2010,10+,436,14460,0.030152143845089904
Denmark,2010,10+,408,14460,0.028215767634854772
Denmark,2010,10+,377,14460,0.02607192254495159
Denmark,2010,10+,370,14460,0.025587828492392807
Denmark,2010,10+,305,14460,0.021092669432918397
Denmark,2010,10+,291,14460,0.02012448132780083
Denmark,2010,10+,267,14460,0.018464730290456432
Denmark,2010,10+,245,14460,0.0169432918395574
Denmark,2010,10+,203,14460,0.014038727524204703
Denmark,2010,10+,162,14460,0.011203319502074689
Denmark,2010,10+,148,14460,0.010235131396957123
Denmark,2010,10+,128,14460,0.008852005532503458
Denmark,2010,10+,93,14460,0.006431535269709543
Denmark,2010,10+,88,14460,0.006085753803596127
Denmark,2010,10+,62,14460,0.004287690179806363
Denmark,2010,10+,77,14460,0.0053250345781466115
Denmark,2010,10+,66,14460,0.004564315352697096
Denmark,2010,10+,72,14460,0.004979253112033195
Denmark,2010,10+,66,14460,0.004564315352697096
Denmark,2010,10+,51,14460,0.0035269709543568465
Denmark,2010,10+,368,14460,0.02544951590594744
Denmark,2009,0-1,172,14940,0.011512717536813922
Denmark,2009,0-1,629,14940,0.04210174029451138
Denmark,2009,1-2,896,14940,0.05997322623828648
Denmark,2009,3-4,955,14940,0.0639223560910308
Denmark,2009,3-4,926,14940,0.06198125836680054
Denmark,2009,5-9,879,14940,0.05883534136546185
Denmark,2009,5-9,801,14940,0.053614457831325305
Denmark,2009,5-9,835,14940,0.055890227576974566
Denmark,2009,5-9,806,14940,0.05394912985274431
Denmark,2009,5-9,773,14940,0.05174029451137885
Denmark,2009,10+,635,14940,0.04250334672021419
Denmark,2009,10+,622,14940,0.04163319946452477
Denmark,2009,10+,528,14940,0.035341365461847386
Denmark,2009,10+,512,14940,0.03427041499330656
Denmark,2009,10+,497,14940,0.033266398929049534
Denmark,2009,10+,457,14940,0.030589022757697457
Denmark,2009,10+,400,14940,0.02677376171352075
Denmark,2009,10+,415,14940,0.027777777777777776
Denmark,2009,10+,350,14940,0.023427041499330656
Denmark,2009,10+,354,14940,0.023694779116465864
Denmark,2009,10+,299,14940,0.02001338688085676
Denmark,2009,10+,241,14940,0.01613119143239625
Denmark,2009,10+,233,14940,0.015595716198125836
Denmark,2009,10+,171,14940,0.01144578313253012
Denmark,2009,10+,186,14940,0.012449799196787148
Denmark,2009,10+,144,14940,0.00963855421686747
Denmark,2009,10+,120,14940,0.008032128514056224
Denmark,2009,10+,95,14940,0.006358768406961178
Denmark,2009,10+,78,14940,0.005220883534136547
Denmark,2009,10+,91,14940,0.00609103078982597
Denmark,2009,10+,76,14940,0.0050870147255689425
Denmark,2009,10+,84,14940,0.005622489959839358
Denmark,2009,10+,63,14940,0.004216867469879518
Denmark,2009,10+,66,14940,0.004417670682730923
Denmark,2009,10+,53,14940,0.0035475234270414993
Denmark,2009,10+,498,14940,0.03333333333333333
Denmark,2008,0-1,187,14695,0.012725416808438245
Denmark,2008,0-1,576,14695,0.03919700578428037
Denmark,2008,1-2,784,14695,0.0533514800952705
Denmark,2008,3-4,883,14695,0.060088465464443686
Denmark,2008,3-4,869,14695,0.05913576046274243
Denmark,2008,5-9,781,14695,0.05314732902347737
Denmark,2008,5-9,925,14695,0.06294658046954746
Denmark,2008,5-9,891,14695,0.060632868322558695
Denmark,2008,5-9,823,14695,0.05600544402858115
Denmark,2008,5-9,701,14695,0.047703300442327325
Denmark,2008,10+,641,14695,0.043620279006464785
Denmark,2008,10+,600,14695,0.04083021435862538
Denmark,2008,10+,558,14695,0.0379720993535216
Denmark,2008,10+,512,14695,0.034841782919360326
Denmark,2008,10+,470,14695,0.03198366791425655
Denmark,2008,10+,444,14695,0.030214358625382784
Denmark,2008,10+,396,14695,0.026947941476692754
Denmark,2008,10+,377,14695,0.025654984688669617
Denmark,2008,10+,352,14695,0.023953725757060226
Denmark,2008,10+,326,14695,0.022184416468186457
Denmark,2008,10+,313,14695,0.021299761823749576
Denmark,2008,10+,256,14695,0.017420891459680163
Denmark,2008,10+,226,14695,0.015379380741748895
Denmark,2008,10+,198,14695,0.013473970738346377
Denmark,2008,10+,182,14695,0.012385165022116366
Denmark,2008,10+,111,14695,0.007553589656345696
Denmark,2008,10+,115,14695,0.007825791085403199
Denmark,2008,10+,91,14695,0.006192582511058183
Denmark,2008,10+,93,14695,0.006328683225586934
Denmark,2008,10+,94,14695,0.00639673358285131
Denmark,2008,10+,88,14695,0.005988431439265056
Denmark,2008,10+,81,14695,0.005512078938414427
Denmark,2008,10+,74,14695,0.005035726437563798
Denmark,2008,10+,74,14695,0.005035726437563798
Denmark,2008,10+,54,14695,0.0036747192922762842
Denmark,2008,10+,398,14695,0.027084042191221503
Denmark,2007,0-1,142,14066,0.010095265178444475
Denmark,2007,0-1,486,14066,0.034551400540309966
Denmark,2007,1-2,724,14066,0.051471633726716905
Denmark,2007,3-4,846,14066,0.060145030570169206
Denmark,2007,3-4,780,14066,0.05545286506469501
Denmark,2007,5-9,866,14066,0.061566898905161385
Denmark,2007,5-9,984,14066,0.06995592208161525
Denmark,2007,5-9,852,14066,0.060571591070666855
Denmark,2007,5-9,747,14066,0.053106782311957916
Denmark,2007,5-9,631,14066,0.04485994596900327
Denmark,2007,10+,645,14066,0.045855253803497795
Denmark,2007,10+,571,14066,0.04059434096402673
Denmark,2007,10+,545,14066,0.0387459121285369
Denmark,2007,10+,480,14066,0.03412484003981232
Denmark,2007,10+,445,14066,0.031636570453576
Denmark,2007,10+,410,14066,0.029148300867339685
Denmark,2007,10+,331,14066,0.023531920944120575
Denmark,2007,10+,375,14066,0.02666003128110337
Denmark,2007,10+,342,14066,0.024313948528366273
Denmark,2007,10+,301,14066,0.021399118441632305
Denmark,2007,10+,286,14066,0.02033271719038817
Denmark,2007,10+,224,14066,0.015924925351912412
Denmark,2007,10+,230,14066,0.01635148585241007
Denmark,2007,10+,172,14066,0.012228067680932746
Denmark,2007,10+,169,14066,0.012014787430683918
Denmark,2007,10+,116,14066,0.008246836342954643
Denmark,2007,10+,99,14066,0.00703824825821129
Denmark,2007,10+,94,14066,0.006682781174463245
Denmark,2007,10+,103,14066,0.007322621925209725
Denmark,2007,10+,98,14066,0.00696715484146168
Denmark,2007,10+,87,14066,0.0061851272572159815
Denmark,2007,10+,97,14066,0.006896061424712071
Denmark,2007,10+,64,14066,0.004549978671974975
Denmark,2007,10+,49,14066,0.00348357742073084
Denmark,2007,10+,46,14066,0.003270297170482013
Denmark,2007,10+,414,14066,0.02943267453433812
Denmark,2004,0-1,180,15774,0.011411182959300114
Denmark,2004,0-1,633,15774,0.040129326740205404
Denmark,2004,1-2,961,15774,0.06092303791048561
Denmark,2004,3-4,1227,15774,0.07778623050589578
Denmark,2004,3-4,1364,15774,0.08647140864714087
Denmark,2004,5-9,1103,15774,0.0699251933561557
Denmark,2004,5-9,921,15774,0.058387219475085586
Denmark,2004,5-9,866,15774,0.05490046912641055
Denmark,2004,5-9,817,15774,0.05179409154304552
Denmark,2004,5-9,709,15774,0.04494738176746545
Denmark,2004,10+,2766,15774,0.17535184480791174
Denmark,2004,10+,1788,15774,0.11335108406238113
Denmark,2004,10+,996,15774,0.06314187904146062
Denmark,2004,10+,1441,15774,0.09135285913528592
Denmark,1997,0-1,236,12774,0.018475027399405042
Denmark,1997,0-1,594,12774,0.04650070455612964
Denmark,1997,1-2,801,12774,0.06270549553781118
Denmark,1997,3-4,1059,12774,0.08290277125410991
Denmark,1997,3-4,926,12774,0.07249099733834351
Denmark,1997,5-9,864,12774,0.06763738844527947
Denmark,1997,5-9,776,12774,0.060748395177704716
Denmark,1997,5-9,705,12774,0.05519023015500235
Denmark,1997,5-9,593,12774,0.04642242054172538
Denmark,1997,5-9,619,12774,0.04845780491623611
Denmark,1997,10+,1908,12774,0.14936589948332551
Denmark,1997,10+,1185,12774,0.0927665570690465
Denmark,1997,10+,2508,12774,0.19633630812588068
Denmark,1996,0-1,221,12776,0.01729805886036318
Denmark,1996,0-1,615,12776,0.04813713212273012
Denmark,1996,1-2,809,12776,0.06332185347526613
Denmark,1996,3-4,1039,12776,0.0813243581715717
Denmark,1996,3-4,1007,12776,0.07881966186599874
Denmark,1996,5-9,887,12776,0.06942705072010019
Denmark,1996,5-9,787,12776,0.06159987476518472
Denmark,1996,5-9,708,12776,0.0554164057608015
Denmark,1996,5-9,645,12776,0.05048528490920476
Denmark,1996,5-9,555,12776,0.04344082654978084
Denmark,1996,10+,1830,12776,0.14323731997495304
Denmark,1996,10+,1225,12776,0.09588290544771447
Denmark,1996,10+,2448,12776,0.19160926737633063
Denmark,1995,0-1,243,12976,0.0187268803945746
Denmark,1995,0-1,565,12976,0.043541923551171396
Denmark,1995,1-2,821,12976,0.06327065351418003
Denmark,1995,3-4,1150,12976,0.08862515413070284
Denmark,1995,3-4,936,12976,0.0721331689272503
Denmark,1995,5-9,867,12976,0.06681565967940814
Denmark,1995,5-9,795,12976,0.06126695437731196
Denmark,1995,5-9,765,12976,0.05895499383477189
Denmark,1995,5-9,653,12976,0.05032367447595561
Denmark,1995,5-9,533,12976,0.04107583230579531
Denmark,1995,10+,1774,12976,0.13671393341553637
Denmark,1995,10+,1299,12976,0.10010789149198521
Denmark,1995,10+,2574,12976,0.19836621454993836
Estonia,2023,0-1,90,2648,0.033987915407854986
Estonia,2023,0-1,167,2648,0.06306646525679759
Estonia,2023,1-2,168,2648,0.0634441087613293
Estonia,2023,3-4,166,2648,0.06268882175226587
Estonia,2023,3-4,171,2648,0.06457703927492447
Estonia,2023,5-9,151,2648,0.05702416918429003
Estonia,2023,5-9,130,2648,0.04909365558912387
Estonia,2023,5-9,155,2648,0.05853474320241692
Estonia,2023,5-9,120,2648,0.045317220543806644
Estonia,2023,5-9,104,2648,0.03927492447129909
Estonia,2023,10+,391,2648,0.14765861027190333
Estonia,2023,10+,287,2648,0.10838368580060423
Estonia,2023,10+,157,2648,0.05929003021148036
Estonia,2023,10+,353,2648,0.13330815709969787
Estonia,2022,0-1,73,2546,0.028672427336999214
Estonia,2022,0-1,132,2546,0.051846032992930086
Estonia,2022,1-2,166,2546,0.06520031421838178
Estonia,2022,3-4,185,2546,0.07266300078554595
Estonia,2022,3-4,173,2546,0.06794972505891594
Estonia,2022,5-9,142,2546,0.05577376276512176
Estonia,2022,5-9,139,2546,0.054595443833464256
Estonia,2022,5-9,148,2546,0.05813040062843677
Estonia,2022,5-9,106,2546,0.041633935585231735
Estonia,2022,5-9,108,2546,0.04241948153967007
Estonia,2022,10+,407,2546,0.1598586017282011
Estonia,2022,10+,268,2546,0.10526315789473684
Estonia,2022,10+,144,2546,0.056559308719560095
Estonia,2022,10+,316,2546,0.12411626080125687
Estonia,2018,0-1,67,3199,0.020944045014066895
Estonia,2018,0-1,165,3199,0.051578618318224446
Estonia,2018,1-2,167,3199,0.05220381369177868
Estonia,2018,3-4,186,3199,0.05814316974054392
Estonia,2018,3-4,177,3199,0.05532979055954986
Estonia,2018,5-9,147,3199,0.045951859956236324
Estonia,2018,5-9,117,3199,0.036573929352922786
Estonia,2018,5-9,93,3199,0.02907158487027196
Estonia,2018,5-9,109,3199,0.03407314785870585
Estonia,2018,5-9,93,3199,0.02907158487027196
Estonia,2018,10+,442,3199,0.13816817755548608
Estonia,2018,10+,226,3199,0.07064707721162863
Estonia,2018,10+,194,3199,0.060643951234760865
Estonia,2018,10+,408,3199,0.12753985620506408
Estonia,2016,0-1,80,3262,0.024524831391784182
Estonia,2016,0-1,198,3262,0.06069895769466585
Estonia,2016,1-2,175,3262,0.0536480686695279
Estonia,2016,3-4,204,3262,0.06253832004904966
Estonia,2016,3-4,175,3262,0.0536480686695279
Estonia,2016,5-9,142,3262,0.043531575720416923
Estonia,2016,5-9,140,3262,0.04291845493562232
Estonia,2016,5-9,143,3262,0.04383813611281422
Estonia,2016,5-9,159,3262,0.04874310239117106
Estonia,2016,5-9,150,3262,0.04598405885959534
Estonia,2016,10+,406,3262,0.12446351931330472
Estonia,2016,10+,255,3262,0.07817290006131208
Estonia,2016,10+,236,3262,0.07234825260576333
Estonia,2016,10+,588,3262,0.18025751072961374
Estonia,2015,0-1,111,3382,0.03282081608515671
Estonia,2015,0-1,195,3382,0.0576581904198699
Estonia,2015,1-2,220,3382,0.06505026611472502
Estonia,2015,3-4,222,3382,0.06564163217031342
Estonia,2015,3-4,168,3382,0.04967474866942637
Estonia,2015,5-9,149,3382,0.044056771141336486
Estonia,2015,5-9,157,3382,0.046422235363690126
Estonia,2015,5-9,180,3382,0.05322294500295683
Estonia,2015,5-9,150,3382,0.044352454169130695
Estonia,2015,5-9,126,3382,0.03725606150206978
Estonia,2015,10+,466,3382,0.13778829095209935
Estonia,2015,10+,297,3382,0.08781785925487877
Estonia,2015,10+,287,3382,0.08486102897693672
Estonia,2015,10+,644,3382,0.19041986989946777
Estonia,2014,0-1,80,3218,0.024860161591050343
Estonia,2014,0-1,182,3218,0.05655686761963953
Estonia,2014,1-2,199,3218,0.061839651957737725
Estonia,2014,3-4,177,3218,0.05500310752019888
Estonia,2014,3-4,181,3218,0.0562461155997514
Estonia,2014,5-9,148,3218,0.04599129894344313
Estonia,2014,5-9,179,3218,0.05562461155997514
Estonia,2014,5-9,194,3218,0.06028589185829708
Estonia,2014,5-9,143,3218,0.044437538844002485
Estonia,2014,5-9,116,3218,0.036047234307022995
Estonia,2014,10+,433,3218,0.13455562461155998
Estonia,2014,10+,302,3218,0.09384711000621504
Estonia,2014,10+,307,3218,0.09540087010565569
Estonia,2014,10+,574,3218,0.1783716594157862
Estonia,2013,0-1,81,3343,0.024229733772061023
Estonia,2013,0-1,173,3343,0.05174992521687107
Estonia,2013,1-2,175,3343,0.05234819024827999
Estonia,2013,3-4,194,3343,0.05803170804666467
Estonia,2013,3-4,218,3343,0.06521088842357164
Estonia,2013,5-9,197,3343,0.05892910559377804
Estonia,2013,5-9,196,3343,0.058629973078073584
Estonia,2013,5-9,171,3343,0.05115166018546216
Estonia,2013,5-9,151,3343,0.04516900987137302
Estonia,2013,5-9,135,3343,0.040382889620101704
Estonia,2013,10+,463,3343,0.13849835477116362
Estonia,2013,10+,270,3343,0.08076577924020341
Estonia,2013,10+,373,3343,0.11157642835776249
Estonia,2013,10+,546,3343,0.16332635357463357
Estonia,2012,0-1,76,3142,0.0241884150222788
Estonia,2012,0-1,150,3142,0.047740292807129214
Estonia,2012,1-2,160,3142,0.050922978994271166
Estonia,2012,3-4,193,3142,0.06142584341183959
Estonia,2012,3-4,235,3142,0.07479312539783578
Estonia,2012,5-9,226,3142,0.07192870782940802
Estonia,2012,5-9,168,3142,0.05346912794398472
Estonia,2012,5-9,155,3142,0.049331635900700194
Estonia,2012,5-9,130,3142,0.041374920432845325
Estonia,2012,5-9,106,3142,0.03373647358370465
Estonia,2012,10+,108,3142,0.03437301082113304
Estonia,2012,10+,82,3142,0.026098026734563972
Estonia,2012,10+,66,3142,0.021005728835136857
Estonia,2012,10+,65,3142,0.020687460216422662
Estonia,2012,10+,79,3142,0.02514322087842139
Estonia,2012,10+,73,3142,0.023233609166136218
Estonia,2012,10+,61,3142,0.01941438574156588
Estonia,2012,10+,70,3142,0.022278803309993635
Estonia,2012,10+,62,3142,0.019732654360280075
Estonia,2012,10+,59,3142,0.018777848504137492
Estonia,2012,10+,65,3142,0.020687460216422662
Estonia,2012,10+,64,3142,0.020369191597708464
Estonia,2012,10+,74,3142,0.023551877784850413
Estonia,2012,10+,70,3142,0.022278803309993635
Estonia,2012,10+,72,3142,0.022915340547422024
Estonia,2012,10+,58,3142,0.018459579885423297
Estonia,2012,10+,61,3142,0.01941438574156588
Estonia,2012,10+,50,3142,0.015913430935709738
Estonia,2012,10+,41,3142,0.013049013367281986
Estonia,2012,10+,30,3142,0.009548058561425843
Estonia,2012,10+,36,3142,0.011457670273711012
Estonia,2012,10+,32,3142,0.010184595798854232
Estonia,2012,10+,30,3142,0.009548058561425843
Estonia,2012,10+,13,3142,0.004137492043284532
Estonia,2012,10+,25,3142,0.007956715467854869
Estonia,2012,10+,97,3142,0.030872056015276893
Estonia,2011,0-1,71,3099,0.02291061632784769
Estonia,2011,0-1,138,3099,0.044530493707647625
Estonia,2011,1-2,218,3099,0.07034527266860277
Estonia,2011,3-4,218,3099,0.07034527266860277
Estonia,2011,3-4,240,3099,0.07744433688286544
Estonia,2011,5-9,193,3099,0.06227815424330429
Estonia,2011,5-9,155,3099,0.0500161342368506
Estonia,2011,5-9,134,3099,0.043239754759599874
Estonia,2011,5-9,118,3099,0.03807679896740884
Estonia,2011,5-9,104,3099,0.03355921264924169
Estonia,2011,10+,90,3099,0.02904162633107454
Estonia,2011,10+,81,3099,0.026137463697967087
Estonia,2011,10+,75,3099,0.02420135527589545
Estonia,2011,10+,72,3099,0.023233301064859633
Estonia,2011,10+,63,3099,0.02032913843175218
Estonia,2011,10+,74,3099,0.023878670538883512
Estonia,2011,10+,59,3099,0.01903839948370442
Estonia,2011,10+,55,3099,0.017747660535656663
Estonia,2011,10+,60,3099,0.01936108422071636
Estonia,2011,10+,76,3099,0.02452404001290739
Estonia,2011,10+,69,3099,0.022265246853823813
Estonia,2011,10+,75,3099,0.02420135527589545
Estonia,2011,10+,82,3099,0.026460148434979024
Estonia,2011,10+,53,3099,0.017102291061632784
Estonia,2011,10+,80,3099,0.025814778960955145
Estonia,2011,10+,56,3099,0.0180703452726686
Estonia,2011,10+,51,3099,0.016456921587608905
Estonia,2011,10+,38,3099,0.012262020006453695
Estonia,2011,10+,46,3099,0.01484349790254921
Estonia,2011,10+,38,3099,0.012262020006453695
Estonia,2011,10+,29,3099,0.00935785737334624
Estonia,2011,10+,35,3099,0.011293965795417877
Estonia,2011,10+,22,3099,0.007099064214262665
Estonia,2011,10+,35,3099,0.011293965795417877
Estonia,2011,10+,13,3099,0.004194901581155212
Estonia,2011,10+,83,3099,0.026782833171990966
Estonia,2010,0-1,66,2989,0.022080963532954166
Estonia,2010,0-1,158,2989,0.052860488457678156
Estonia,2010,1-2,210,2989,0.0702576112412178
Estonia,2010,3-4,250,2989,0.08364001338240214
Estonia,2010,3-4,209,2989,0.06992305118768818
Estonia,2010,5-9,176,2989,0.05888256942121111
Estonia,2010,5-9,144,2989,0.04817664770826363
Estonia,2010,5-9,141,2989,0.047172967547674804
Estonia,2010,5-9,108,2989,0.036132485781197723
Estonia,2010,5-9,85,2989,0.02843760455001673
Estonia,2010,10+,97,2989,0.03245232519237203
Estonia,2010,10+,63,2989,0.02107728337236534
Estonia,2010,10+,79,2989,0.026430244228839078
Estonia,2010,10+,54,2989,0.018066242890598862
Estonia,2010,10+,72,2989,0.024088323854131816
Estonia,2010,10+,49,2989,0.01639344262295082
Estonia,2010,10+,71,2989,0.023753763800602207
Estonia,2010,10+,57,2989,0.01906992305118769
Estonia,2010,10+,69,2989,0.023084643693542992
Estonia,2010,10+,77,2989,0.02576112412177986
Estonia,2010,10+,80,2989,0.026764804282368684
Estonia,2010,10+,74,2989,0.024757443961191034
Estonia,2010,10+,74,2989,0.024757443961191034
Estonia,2010,10+,64,2989,0.021411843425894948
Estonia,2010,10+,49,2989,0.01639344262295082
Estonia,2010,10+,55,2989,0.01840080294412847
Estonia,2010,10+,53,2989,0.017731682837069253
Estonia,2010,10+,44,2989,0.014720642355302778
Estonia,2010,10+,46,2989,0.015389762462361994
Estonia,2010,10+,29,2989,0.009702241552358649
Estonia,2010,10+,28,2989,0.00936768149882904
Estonia,2010,10+,20,2989,0.006691201070592171
Estonia,2010,10+,22,2989,0.007360321177651389
Estonia,2010,10+,26,2989,0.008698561391769822
Estonia,2010,10+,18,2989,0.006022080963532954
Estonia,2010,10+,72,2989,0.024088323854131816
Estonia,2009,0-1,83,3189,0.026026967701473815
Estonia,2009,0-1,202,3189,0.06334274067105676
Estonia,2009,1-2,256,3189,0.08027594857322044
Estonia,2009,3-4,236,3189,0.0740043900909376
Estonia,2009,3-4,186,3189,0.05832549388523048
Estonia,2009,5-9,179,3189,0.056130448416431486
Estonia,2009,5-9,133,3189,0.04170586390718094
Estonia,2009,5-9,133,3189,0.04170586390718094
Estonia,2009,5-9,113,3189,0.03543430542489809
Estonia,2009,5-9,124,3189,0.038883662590153655
Estonia,2009,10+,85,3189,0.0266541235497021
Estonia,2009,10+,82,3189,0.025713389777359673
Estonia,2009,10+,61,3189,0.019128253370962685
Estonia,2009,10+,62,3189,0.019441831295076827
Estonia,2009,10+,54,3189,0.016933207902163686
Estonia,2009,10+,71,3189,0.022264032612104107
Estonia,2009,10+,60,3189,0.01881467544684854
Estonia,2009,10+,87,3189,0.027281279397930385
Estonia,2009,10+,79,3189,0.024772656005017248
Estonia,2009,10+,91,3189,0.028535591094386956
Estonia,2009,10+,96,3189,0.030103480714957668
Estonia,2009,10+,81,3189,0.02539981185324553
Estonia,2009,10+,72,3189,0.022577610536218252
Estonia,2009,10+,69,3189,0.021636876763875823
Estonia,2009,10+,55,3189,0.01724678582627783
Estonia,2009,10+,63,3189,0.01975540921919097
Estonia,2009,10+,46,3189,0.014424584509250549
Estonia,2009,10+,47,3189,0.01473816243336469
Estonia,2009,10+,31,3189,0.009720915647538414
Estonia,2009,10+,30,3189,0.00940733772342427
Estonia,2009,10+,30,3189,0.00940733772342427
Estonia,2009,10+,31,3189,0.009720915647538414
Estonia,2009,10+,39,3189,0.012229539040451553
Estonia,2009,10+,17,3189,0.00533082470994042
Estonia,2009,10+,21,3189,0.00658513640639699
Estonia,2009,10+,84,3189,0.02634054562558796
Estonia,2008,0-1,90,3501,0.02570694087403599
Estonia,2008,0-1,231,3501,0.06598114824335904
Estonia,2008,1-2,226,3501,0.06455298486146815
Estonia,2008,3-4,227,3501,0.06483861753784632
Estonia,2008,3-4,190,3501,0.054270208511853754
Estonia,2008,5-9,198,3501,0.056555269922879174
Estonia,2008,5-9,163,3501,0.04655812624964296
Estonia,2008,5-9,110,3501,0.03141959440159954
Estonia,2008,5-9,117,3501,0.033419023136246784
Estonia,2008,5-9,100,3501,0.028563267637817767
Estonia,2008,10+,87,3501,0.024850042844901457
Estonia,2008,10+,79,3501,0.022564981433876037
Estonia,2008,10+,82,3501,0.023421879463010567
Estonia,2008,10+,88,3501,0.025135675521279634
Estonia,2008,10+,85,3501,0.0242787774921451
Estonia,2008,10+,70,3501,0.019994287346472437
Estonia,2008,10+,102,3501,0.02913453299057412
Estonia,2008,10+,99,3501,0.028277634961439587
Estonia,2008,10+,117,3501,0.033419023136246784
Estonia,2008,10+,95,3501,0.027135104255926877
Estonia,2008,10+,127,3501,0.036275349900028564
Estonia,2008,10+,91,3501,0.025992573550414167
Estonia,2008,10+,101,3501,0.028848900314195944
Estonia,2008,10+,79,3501,0.022564981433876037
Estonia,2008,10+,65,3501,0.018566123964581547
Estonia,2008,10+,58,3501,0.016566695229934304
Estonia,2008,10+,58,3501,0.016566695229934304
Estonia,2008,10+,67,3501,0.019137389317337904
Estonia,2008,10+,48,3501,0.013710368466152529
Estonia,2008,10+,47,3501,0.01342473578977435
Estonia,2008,10+,36,3501,0.010282776349614395
Estonia,2008,10+,30,3501,0.00856898029134533
Estonia,2008,10+,18,3501,0.005141388174807198
Estonia,2008,10+,21,3501,0.005998286203941731
Estonia,2008,10+,20,3501,0.0057126535275635534
Estonia,2008,10+,79,3501,0.022564981433876037
Estonia,2007,0-1,96,3809,0.02520346547650302
Estonia,2007,0-1,243,3809,0.06379627198739826
Estonia,2007,1-2,244,3809,0.06405880808611183
Estonia,2007,3-4,224,3809,0.05880808611184038
Estonia,2007,3-4,219,3809,0.05749540561827251
Estonia,2007,5-9,190,3809,0.04988185875557889
Estonia,2007,5-9,154,3809,0.04043055920189026
Estonia,2007,5-9,134,3809,0.0351798372276188
Estonia,2007,5-9,111,3809,0.029141506957206617
Estonia,2007,5-9,116,3809,0.03045418745077448
Estonia,2007,10+,106,3809,0.02782882646363875
Estonia,2007,10+,114,3809,0.029929115253347335
Estonia,2007,10+,113,3809,0.029666579154633763
Estonia,2007,10+,101,3809,0.026516145970070886
Estonia,2007,10+,89,3809,0.023365712785508006
Estonia,2007,10+,104,3809,0.027303754266211604
Estonia,2007,10+,93,3809,0.0244158571803623
Estonia,2007,10+,113,3809,0.029666579154633763
Estonia,2007,10+,113,3809,0.029666579154633763
Estonia,2007,10+,134,3809,0.0351798372276188
Estonia,2007,10+,122,3809,0.03202940404305592
Estonia,2007,10+,112,3809,0.02940404305592019
Estonia,2007,10+,87,3809,0.02284064058808086
Estonia,2007,10+,87,3809,0.02284064058808086
Estonia,2007,10+,75,3809,0.019690207403517984
Estonia,2007,10+,61,3809,0.01601470202152796
Estonia,2007,10+,68,3809,0.01785245471252297
Estonia,2007,10+,61,3809,0.01601470202152796
Estonia,2007,10+,39,3809,0.010238907849829351
Estonia,2007,10+,38,3809,0.009976371751115778
Estonia,2007,10+,48,3809,0.01260173273825151
Estonia,2007,10+,19,3809,0.004988185875557889
Estonia,2007,10+,25,3809,0.006563402467839328
Estonia,2007,10+,22,3809,0.005775794171698608
Estonia,2007,10+,24,3809,0.006300866369125755
Estonia,2007,10+,110,3809,0.028878970858493044
Estonia,2003,0-1,67,3973,0.01686383085829348
Estonia,2003,0-1,157,3973,0.03951673798137428
Estonia,2003,1-2,204,3973,0.051346589478983136
Estonia,2003,3-4,223,3973,0.05612886987163353
Estonia,2003,3-4,167,3973,0.042033727661716584
Estonia,2003,5-9,158,3973,0.03976843694940851
Estonia,2003,5-9,162,3973,0.04077523282154543
Estonia,2003,5-9,166,3973,0.04178202869368235
Estonia,2003,5-9,167,3973,0.042033727661716584
Estonia,2003,5-9,138,3973,0.034734457588723885
Estonia,2003,10+,798,3973,0.2008557764913164
Estonia,2003,10+,686,3973,0.17266549207148252
Estonia,2003,10+,434,3973,0.10923735212685629
Estonia,2003,10+,446,3973,0.11225773974326705
Estonia,1996,0-1,118,5657,0.020859112603853633
Estonia,1996,0-1,226,5657,0.03995050380060103
Estonia,1996,1-2,287,5657,0.05073360438394909
Estonia,1996,3-4,330,5657,0.05833480643450592
Estonia,1996,3-4,404,5657,0.0714159448470921
Estonia,1996,5-9,384,5657,0.06788050203287962
Estonia,1996,5-9,385,5657,0.06805727417359024
Estonia,1996,5-9,377,5657,0.06664309704790525
Estonia,1996,5-9,323,5657,0.05709740144953156
Estonia,1996,5-9,269,5657,0.04755170585115786
Estonia,1996,10+,1067,5657,0.1886158741382358
Estonia,1996,10+,703,5657,0.12427081491956868
Estonia,1996,10+,784,5657,0.1385893583171292
Estonia,1995,0-1,135,7456,0.018106223175965667
Estonia,1995,0-1,275,7456,0.03688304721030043
Estonia,1995,1-2,374,7456,0.050160944206008584
Estonia,1995,3-4,514,7456,0.06893776824034335
Estonia,1995,3-4,542,7456,0.0726931330472103
Estonia,1995,5-9,544,7456,0.07296137339055794
Estonia,1995,5-9,481,7456,0.0645118025751073
Estonia,1995,5-9,475,7456,0.06370708154506438
Estonia,1995,5-9,423,7456,0.05673283261802575
Estonia,1995,5-9,317,7456,0.04251609442060086
Estonia,1995,10+,1272,7456,0.17060085836909872
Estonia,1995,10+,966,7456,0.12956008583690987
Estonia,1995,10+,1138,7456,0.15262875536480686
Faroe Islands,2024,0-1,0,30,0
Faroe Islands,2024,0-1,1,30,0.03333333333333333
Faroe Islands,2024,1-2,2,30,0.06666666666666667
Faroe Islands,2024,3-4,0,30,0
Faroe Islands,2024,3-4,4,30,0.13333333333333333
Faroe Islands,2024,5-9,1,30,0.03333333333333333
Faroe Islands,2024,5-9,4,30,0.13333333333333333
Faroe Islands,2024,5-9,1,30,0.03333333333333333
Faroe Islands,2024,5-9,3,30,0.1
Faroe Islands,2024,5-9,0,30,0
Faroe Islands,2024,10+,5,30,0.16666666666666666
Faroe Islands,2024,10+,4,30,0.13333333333333333
Faroe Islands,2024,10+,3,30,0.1
Faroe Islands,2024,10+,2,30,0.06666666666666667
Faroe Islands,2023,0-1,0,55,0
Faroe Islands,2023,0-1,1,55,0.01818181818181818
Faroe Islands,2023,1-2,3,55,0.05454545454545454
Faroe Islands,2023,3-4,5,55,0.09090909090909091
Faroe Islands,2023,3-4,8,55,0.14545454545454545
Faroe Islands,2023,5-9,2,55,0.03636363636363636
Faroe Islands,2023,5-9,1,55,0.01818181818181818
Faroe Islands,2023,5-9,1,55,0.01818181818181818
Faroe Islands,2023,5-9,2,55,0.03636363636363636
Faroe Islands,2023,5-9,2,55,0.03636363636363636
Faroe Islands,2023,10+,8,55,0.14545454545454545
Faroe Islands,2023,10+,8,55,0.14545454545454545
Faroe Islands,2023,10+,7,55,0.12727272727272726
Faroe Islands,2023,10+,7,55,0.12727272727272726
Faroe Islands,2022,0-1,0,68,0
Faroe Islands,2022,0-1,2,68,0.029411764705882353
Faroe Islands,2022,1-2,7,68,0.10294117647058823
Faroe Islands,2022,3-4,5,68,0.07352941176470588
Faroe Islands,2022,3-4,5,68,0.07352941176470588
Faroe Islands,2022,5-9,6,68,0.08823529411764706
Faroe Islands,2022,5-9,4,68,0.058823529411764705
Faroe Islands,2022,5-9,5,68,0.07352941176470588
Faroe Islands,2022,5-9,1,68,0.014705882352941176
Faroe Islands,2022,5-9,2,68,0.029411764705882353
Faroe Islands,2022,10+,10,68,0.14705882352941177
Faroe Islands,2022,10+,6,68,0.08823529411764706
Faroe Islands,2022,10+,4,68,0.058823529411764705
Faroe Islands,2022,10+,11,68,0.16176470588235295
Faroe Islands,2021,0-1,42,66,0.6363636363636364
Faroe Islands,2021,0-1,10,66,0.15151515151515152
Faroe Islands,2021,1-2,2,66,0.030303030303030304
Faroe Islands,2021,3-4,1,66,0.015151515151515152
Faroe Islands,2021,3-4,1,66,0.015151515151515152
Faroe Islands,2021,5-9,0,66,0
Faroe Islands,2021,5-9,1,66,0.015151515151515152
Faroe Islands,2021,5-9,1,66,0.015151515151515152
Faroe Islands,2021,5-9,1,66,0.015151515151515152
Faroe Islands,2021,5-9,1,66,0.015151515151515152
Faroe Islands,2021,10+,4,66,0.06060606060606061
Faroe Islands,2021,10+,1,66,0.015151515151515152
Faroe Islands,2021,10+,0,66,0
Faroe Islands,2021,10+,1,66,0.015151515151515152
Faroe Islands,2020,0-1,0,77,0
Faroe Islands,2020,0-1,1,77,0.012987012987012988
Faroe Islands,2020,1-2,2,77,0.025974025974025976
Faroe Islands,2020,3-4,3,77,0.03896103896103896
Faroe Islands,2020,3-4,5,77,0.06493506493506493
Faroe Islands,2020,5-9,7,77,0.09090909090909091
Faroe Islands,2020,5-9,3,77,0.03896103896103896
Faroe Islands,2020,5-9,4,77,0.05194805194805195
Faroe Islands,2020,5-9,3,77,0.03896103896103896
Faroe Islands,2020,5-9,5,77,0.06493506493506493
Faroe Islands,2020,10+,12,77,0.15584415584415584
Faroe Islands,2020,10+,8,77,0.1038961038961039
Faroe Islands,2020,10+,5,77,0.06493506493506493
Faroe Islands,2020,10+,16,77,0.2077922077922078
Faroe Islands,2019,0-1,0,72,0
Faroe Islands,2019,0-1,2,72,0.027777777777777776
Faroe Islands,2019,1-2,1,72,0.013888888888888888
Faroe Islands,2019,3-4,7,72,0.09722222222222222
Faroe Islands,2019,3-4,3,72,0.041666666666666664
Faroe Islands,2019,5-9,3,72,0.041666666666666664
Faroe Islands,2019,5-9,5,72,0.06944444444444445
Faroe Islands,2019,5-9,3,72,0.041666666666666664
Faroe Islands,2019,5-9,6,72,0.08333333333333333
Faroe Islands,2019,5-9,2,72,0.027777777777777776
Faroe Islands,2019,10+,13,72,0.18055555555555555
Faroe Islands,2019,10+,7,72,0.09722222222222222
Faroe Islands,2019,10+,7,72,0.09722222222222222
Faroe Islands,2019,10+,13,72,0.18055555555555555
Faroe Islands,2018,0-1,0,61,0
Faroe Islands,2018,0-1,3,61,0.04918032786885246
Faroe Islands,2018,1-2,3,61,0.04918032786885246
Faroe Islands,2018,3-4,3,61,0.04918032786885246
Faroe Islands,2018,3-4,5,61,0.08196721311475409
Faroe Islands,2018,5-9,2,61,0.03278688524590164
Faroe Islands,2018,5-9,4,61,0.06557377049180328
Faroe Islands,2018,5-9,1,61,0.01639344262295082
Faroe Islands,2018,5-9,1,61,0.01639344262295082
Faroe Islands,2018,5-9,4,61,0.06557377049180328
Faroe Islands,2018,10+,9,61,0.14754098360655737
Faroe Islands,2018,10+,10,61,0.16393442622950818
Faroe Islands,2018,10+,4,61,0.06557377049180328
Faroe Islands,2018,10+,12,61,0.19672131147540983
Faroe Islands,2017,0-1,0,60,0
Faroe Islands,2017,0-1,2,60,0.03333333333333333
Faroe Islands,2017,1-2,1,60,0.016666666666666666
Faroe Islands,2017,3-4,6,60,0.1
Faroe Islands,2017,3-4,1,60,0.016666666666666666
Faroe Islands,2017,5-9,5,60,0.08333333333333333
Faroe Islands,2017,5-9,1,60,0.016666666666666666
Faroe Islands,2017,5-9,5,60,0.08333333333333333
Faroe Islands,2017,5-9,6,60,0.1
Faroe Islands,2017,5-9,2,60,0.03333333333333333
Faroe Islands,2017,10+,14,60,0.23333333333333334
Faroe Islands,2017,10+,9,60,0.15
Faroe Islands,2017,10+,4,60,0.06666666666666667
Faroe Islands,2017,10+,4,60,0.06666666666666667
Faroe Islands,2016,0-1,0,52,0
Faroe Islands,2016,0-1,2,52,0.038461538461538464
Faroe Islands,2016,1-2,3,52,0.057692307692307696
Faroe Islands,2016,3-4,2,52,0.038461538461538464
Faroe Islands,2016,3-4,5,52,0.09615384615384616
Faroe Islands,2016,5-9,3,52,0.057692307692307696
Faroe Islands,2016,5-9,4,52,0.07692307692307693
Faroe Islands,2016,5-9,2,52,0.038461538461538464
Faroe Islands,2016,5-9,2,52,0.038461538461538464
Faroe Islands,2016,5-9,1,52,0.019230769230769232
Faroe Islands,2016,10+,11,52,0.21153846153846154
Faroe Islands,2016,10+,5,52,0.09615384615384616
Faroe Islands,2016,10+,4,52,0.07692307692307693
Faroe Islands,2016,10+,8,52,0.15384615384615385
Faroe Islands,2015,0-1,0,80,0
Faroe Islands,2015,0-1,2,80,0.025
Faroe Islands,2015,1-2,0,80,0
Faroe Islands,2015,3-4,3,80,0.0375
Faroe Islands,2015,3-4,3,80,0.0375
Faroe Islands,2015,5-9,3,80,0.0375
Faroe Islands,2015,5-9,5,80,0.0625
Faroe Islands,2015,5-9,2,80,0.025
Faroe Islands,2015,5-9,3,80,0.0375
Faroe Islands,2015,5-9,7,80,0.0875
Faroe Islands,2015,10+,18,80,0.225
Faroe Islands,2015,10+,12,80,0.15
Faroe Islands,2015,10+,11,80,0.1375
Faroe Islands,2015,10+,11,80,0.1375
Faroe Islands,2014,0-1,0,84,0
Faroe Islands,2014,0-1,3,84,0.03571428571428571
Faroe Islands,2014,1-2,2,84,0.023809523809523808
Faroe Islands,2014,3-4,2,84,0.023809523809523808
Faroe Islands,2014,3-4,3,84,0.03571428571428571
Faroe Islands,2014,5-9,4,84,0.047619047619047616
Faroe Islands,2014,5-9,6,84,0.07142857142857142
Faroe Islands,2014,5-9,3,84,0.03571428571428571
Faroe Islands,2014,5-9,4,84,0.047619047619047616
Faroe Islands,2014,5-9,1,84,0.011904761904761904
Faroe Islands,2014,10+,22,84,0.2619047619047619
Faroe Islands,2014,10+,9,84,0.10714285714285714
Faroe Islands,2014,10+,9,84,0.10714285714285714
Faroe Islands,2014,10+,16,84,0.19047619047619047
Faroe Islands,2013,0-1,0,78,0
Faroe Islands,2013,0-1,2,78,0.02564102564102564
Faroe Islands,2013,1-2,4,78,0.05128205128205128
Faroe Islands,2013,3-4,5,78,0.0641025641025641
Faroe Islands,2013,3-4,3,78,0.038461538461538464
Faroe Islands,2013,5-9,4,78,0.05128205128205128
Faroe Islands,2013,5-9,5,78,0.0641025641025641
Faroe Islands,2013,5-9,4,78,0.05128205128205128
Faroe Islands,2013,5-9,4,78,0.05128205128205128
Faroe Islands,2013,5-9,3,78,0.038461538461538464
Faroe Islands,2013,10+,15,78,0.19230769230769232
Faroe Islands,2013,10+,13,78,0.16666666666666666
Faroe Islands,2013,10+,10,78,0.1282051282051282
Faroe Islands,2013,10+,6,78,0.07692307692307693
Finland,2023,0-1,59,11475,0.00514161220043573
Finland,2023,0-1,392,11475,0.034161220043572985
Finland,2023,1-2,549,11475,0.04784313725490196
Finland,2023,3-4,630,11475,0.054901960784313725
Finland,2023,3-4,629,11475,0.054814814814814816
Finland,2023,5-9,710,11475,0.06187363834422658
Finland,2023,5-9,695,11475,0.06056644880174292
Finland,2023,5-9,627,11475,0.05464052287581699
Finland,2023,5-9,516,11475,0.04496732026143791
Finland,2023,5-9,528,11475,0.046013071895424834
Finland,2023,10+,2363,11475,0.20592592592592593
Finland,2023,10+,1583,11475,0.1379520697167756
Finland,2023,10+,998,11475,0.08697167755991285
Finland,2023,10+,1147,11475,0.09995642701525055
Finland,2022,0-1,67,11370,0.005892700087950747
Finland,2022,0-1,370,11370,0.032541776605101144
Finland,2022,1-2,551,11370,0.0484608619173263
Finland,2022,3-4,626,11370,0.05505716798592788
Finland,2022,3-4,675,11370,0.059366754617414245
Finland,2022,5-9,666,11370,0.05857519788918206
Finland,2022,5-9,639,11370,0.05620052770448549
Finland,2022,5-9,612,11370,0.05382585751978892
Finland,2022,5-9,571,11370,0.050219876868953385
Finland,2022,5-9,581,11370,0.05109938434476693
Finland,2022,10+,2250,11370,0.19788918205804748
Finland,2022,10+,1555,11370,0.13676341248900617
Finland,2022,10+,982,11370,0.08636763412489006
Finland,2022,10+,1199,11370,0.10545294635004397
Finland,2021,0-1,75,12166,0.0061647213545947726
Finland,2021,0-1,453,12166,0.03723491698175242
Finland,2021,1-2,674,12166,0.05540029590662502
Finland,2021,3-4,706,12166,0.05803057701791879
Finland,2021,3-4,691,12166,0.05679763274699984
Finland,2021,5-9,763,12166,0.06271576524741082
Finland,2021,5-9,670,12166,0.0550715107677133
Finland,2021,5-9,638,12166,0.05244122965641953
Finland,2021,5-9,641,12166,0.05268781851060332
Finland,2021,5-9,564,12166,0.04635870458655269
Finland,2021,10+,2530,12166,0.20795660036166366
Finland,2021,10+,1567,12166,0.12880157816866677
Finland,2021,10+,979,12166,0.08047016274864376
Finland,2021,10+,1178,12166,0.0968272234095019
Finland,2019,0-1,90,13365,0.006734006734006734
Finland,2019,0-1,543,13365,0.04062850729517396
Finland,2019,1-2,784,13365,0.058660680882903105
Finland,2019,3-4,773,13365,0.05783763561541339
Finland,2019,3-4,758,13365,0.0567153011597456
Finland,2019,5-9,759,13365,0.056790123456790124
Finland,2019,5-9,844,13365,0.06315001870557427
Finland,2019,5-9,766,13365,0.05731387953610176
Finland,2019,5-9,765,13365,0.05723905723905724
Finland,2019,5-9,671,13365,0.050205761316872426
Finland,2019,10+,2624,13365,0.19633370744481857
Finland,2019,10+,1605,13365,0.12008978675645342
Finland,2019,10+,963,13365,0.07205387205387205
Finland,2019,10+,1335,13365,0.09988776655443322
Finland,2018,0-1,109,13145,0.008292126283758083
Finland,2018,0-1,579,13145,0.04404716622289844
Finland,2018,1-2,808,13145,0.061468238874096616
Finland,2018,3-4,796,13145,0.06055534423735261
Finland,2018,3-4,760,13145,0.05781666032712058
Finland,2018,5-9,788,13145,0.059946747812856596
Finland,2018,5-9,796,13145,0.06055534423735261
Finland,2018,5-9,781,13145,0.059414225941422594
Finland,2018,5-9,706,13145,0.053708634461772535
Finland,2018,5-9,675,13145,0.051350323316850514
Finland,2018,10+,2552,13145,0.19414225941422594
Finland,2018,10+,1537,13145,0.11692658805629517
Finland,2018,10+,981,13145,0.07462913655382275
Finland,2018,10+,1274,13145,0.09691898060098897
Finland,2017,0-1,109,13485,0.008083055246570263
Finland,2017,0-1,600,13485,0.04449388209121246
Finland,2017,1-2,860,13485,0.06377456433073786
Finland,2017,3-4,838,13485,0.0621431219873934
Finland,2017,3-4,883,13485,0.06548016314423434
Finland,2017,5-9,848,13485,0.0628846866889136
Finland,2017,5-9,861,13485,0.06384872080088988
Finland,2017,5-9,769,13485,0.05702632554690397
Finland,2017,5-9,726,13485,0.053837597330367075
Finland,2017,5-9,643,13485,0.047682610307749354
Finland,2017,10+,2355,13485,0.1746384872080089
Finland,2017,10+,1511,13485,0.11205042639970338
Finland,2017,10+,1080,13485,0.08008898776418243
Finland,2017,10+,1396,13485,0.10352243233222098
Finland,2016,0-1,143,13541,0.010560519902518278
Finland,2016,0-1,627,13541,0.0463038180341186
Finland,2016,1-2,850,13541,0.06277232109888486
Finland,2016,3-4,885,13541,0.06535706373236837
Finland,2016,3-4,863,13541,0.06373236836275016
Finland,2016,5-9,879,13541,0.06491396499519976
Finland,2016,5-9,825,13541,0.060926076360682375
Finland,2016,5-9,733,13541,0.054131895724097184
Finland,2016,5-9,709,13541,0.05235950077542279
Finland,2016,5-9,664,13541,0.049036260246658296
Finland,2016,10+,2283,13541,0.16859906949265194
Finland,2016,10+,1522,13541,0.11239937966176797
Finland,2016,10+,1079,13541,0.07968392290081973
Finland,2016,10+,1470,13541,0.10855919060630677
Finland,2015,0-1,143,13939,0.010258985580027262
Finland,2015,0-1,711,13939,0.051007963268527155
Finland,2015,1-2,894,13939,0.06413659516464595
Finland,2015,3-4,999,13939,0.07166941674438626
Finland,2015,3-4,875,13939,0.06277351316450247
Finland,2015,5-9,927,13939,0.06650405337542148
Finland,2015,5-9,867,13939,0.06219958390128417
Finland,2015,5-9,782,13939,0.05610158547958964
Finland,2015,5-9,691,13939,0.04957314011048138
Finland,2015,5-9,582,13939,0.04175335389913193
Finland,2015,10+,2305,13939,0.1653633689647751
Finland,2015,10+,1506,13939,0.10804218380084654
Finland,2015,10+,1113,13939,0.07984790874524715
Finland,2015,10+,1543,13939,0.11069660664323122
Finland,2014,0-1,138,13682,0.010086244701067096
Finland,2014,0-1,771,13682,0.056351410612483555
Finland,2014,1-2,966,13682,0.07060371290746967
Finland,2014,3-4,1004,13682,0.07338108463674901
Finland,2014,3-4,914,13682,0.06680309896214004
Finland,2014,5-9,895,13682,0.06541441309750036
Finland,2014,5-9,787,13682,0.057520830287969595
Finland,2014,5-9,719,13682,0.052550796667153926
Finland,2014,5-9,644,13682,0.04706914193831311
Finland,2014,5-9,630,13682,0.04604589972226283
Finland,2014,10+,2260,13682,0.16518052916240317
Finland,2014,10+,1411,13682,0.10312819763192516
Finland,2014,10+,1086,13682,0.07937436047361497
Finland,2014,10+,1451,13682,0.10605174682064025
Finland,2013,0-1,148,13766,0.010751125962516345
Finland,2013,0-1,761,13766,0.0552811274153712
Finland,2013,1-2,1044,13766,0.07583902368153421
Finland,2013,3-4,949,13766,0.06893796309748657
Finland,2013,3-4,952,13766,0.06915589132645648
Finland,2013,5-9,856,13766,0.06218218799941886
Finland,2013,5-9,766,13766,0.05564434113032108
Finland,2013,5-9,707,13766,0.051358419293912536
Finland,2013,5-9,647,13766,0.04699985471451402
Finland,2013,5-9,571,13766,0.0414790062472759
Finland,2013,10+,2157,13766,0.15669039662937673
Finland,2013,10+,1521,13766,0.11048961208775243
Finland,2013,10+,1162,13766,0.0844108673543513
Finland,2013,10+,1520,13766,0.11041696934476246
Finland,2012,0-1,153,13040,0.011733128834355828
Finland,2012,0-1,768,13040,0.05889570552147239
Finland,2012,1-2,963,13040,0.07384969325153375
Finland,2012,3-4,909,13040,0.06970858895705521
Finland,2012,3-4,815,13040,0.0625
Finland,2012,5-9,822,13040,0.06303680981595092
Finland,2012,5-9,714,13040,0.05475460122699387
Finland,2012,5-9,714,13040,0.05475460122699387
Finland,2012,5-9,561,13040,0.04302147239263804
Finland,2012,5-9,547,13040,0.0419478527607362
Finland,2012,10+,436,13040,0.03343558282208589
Finland,2012,10+,429,13040,0.03289877300613497
Finland,2012,10+,422,13040,0.03236196319018405
Finland,2012,10+,367,13040,0.028144171779141105
Finland,2012,10+,339,13040,0.025996932515337422
Finland,2012,10+,312,13040,0.02392638036809816
Finland,2012,10+,307,13040,0.023542944785276073
Finland,2012,10+,263,13040,0.02016871165644172
Finland,2012,10+,297,13040,0.022776073619631902
Finland,2012,10+,287,13040,0.02200920245398773
Finland,2012,10+,237,13040,0.01817484662576687
Finland,2012,10+,247,13040,0.018941717791411045
Finland,2012,10+,207,13040,0.015874233128834354
Finland,2012,10+,189,13040,0.014493865030674846
Finland,2012,10+,175,13040,0.013420245398773007
Finland,2012,10+,160,13040,0.012269938650306749
Finland,2012,10+,130,13040,0.009969325153374233
Finland,2012,10+,134,13040,0.010276073619631901
Finland,2012,10+,122,13040,0.009355828220858895
Finland,2012,10+,129,13040,0.009892638036809816
Finland,2012,10+,112,13040,0.008588957055214725
Finland,2012,10+,97,13040,0.007438650306748467
Finland,2012,10+,74,13040,0.005674846625766871
Finland,2012,10+,81,13040,0.006211656441717791
Finland,2012,10+,55,13040,0.004217791411042945
Finland,2012,10+,462,13040,0.03542944785276073
Finland,2011,0-1,156,13469,0.011582151607394758
Finland,2011,0-1,727,13469,0.05397579627292301
Finland,2011,1-2,985,13469,0.07313089316207588
Finland,2011,3-4,947,13469,0.07030959982181305
Finland,2011,3-4,894,13469,0.06637463805776227
Finland,2011,5-9,751,13469,0.05575766575098374
Finland,2011,5-9,770,13469,0.057168312421115156
Finland,2011,5-9,645,13469,0.047887742222882175
Finland,2011,5-9,610,13469,0.04528918256737694
Finland,2011,5-9,522,13469,0.03875566114782092
Finland,2011,10+,481,13469,0.035711634122800505
Finland,2011,10+,421,13469,0.031256960427648674
Finland,2011,10+,408,13469,0.030291781127032444
Finland,2011,10+,365,13469,0.0270992649788403
Finland,2011,10+,337,13469,0.025020417254436114
Finland,2011,10+,317,13469,0.023535526022718835
Finland,2011,10+,290,13469,0.021530922859900513
Finland,2011,10+,315,13469,0.023387036899547107
Finland,2011,10+,314,13469,0.023312792337961245
Finland,2011,10+,306,13469,0.022718835845274333
Finland,2011,10+,252,13469,0.018709629519637686
Finland,2011,10+,264,13469,0.019600564258668053
Finland,2011,10+,234,13469,0.017373227411092138
Finland,2011,10+,216,13469,0.01603682530254659
Finland,2011,10+,227,13469,0.01685351547999109
Finland,2011,10+,181,13469,0.013438265647041354
Finland,2011,10+,191,13469,0.014180711262899992
Finland,2011,10+,164,13469,0.012176108100081668
Finland,2011,10+,161,13469,0.011953374415324078
Finland,2011,10+,129,13469,0.009577548444576435
Finland,2011,10+,111,13469,0.008241146336030885
Finland,2011,10+,95,13469,0.007053233350657064
Finland,2011,10+,84,13469,0.006236543173212562
Finland,2011,10+,71,13469,0.005271363872596332
Finland,2011,10+,61,13469,0.004528918256737694
Finland,2011,10+,464,13469,0.03444947657584082
Finland,2010,0-1,145,13619,0.010646890373742566
Finland,2010,0-1,801,13619,0.058814890961157204
Finland,2010,1-2,948,13619,0.06960863499522725
Finland,2010,3-4,956,13619,0.0701960496365372
Finland,2010,3-4,877,13619,0.06439533005360158
Finland,2010,5-9,849,13619,0.06233937880901681
Finland,2010,5-9,682,13619,0.05007709817167193
Finland,2010,5-9,707,13619,0.051912768925765476
Finland,2010,5-9,593,13619,0.04354211028709891
Finland,2010,5-9,549,13619,0.040311329759894265
Finland,2010,10+,464,13619,0.03407004919597621
Finland,2010,10+,444,13619,0.03260151259270137
Finland,2010,10+,381,13619,0.02797562229238564
Finland,2010,10+,342,13619,0.025111975915999705
Finland,2010,10+,331,13619,0.024304280784198547
Finland,2010,10+,310,13619,0.022762317350759967
Finland,2010,10+,352,13619,0.025846244217637124
Finland,2010,10+,283,13619,0.02077979293633894
Finland,2010,10+,325,13619,0.023863719803216096
Finland,2010,10+,299,13619,0.021954622218958806
Finland,2010,10+,292,13619,0.021440634407812614
Finland,2010,10+,266,13619,0.019531536823555327
Finland,2010,10+,230,13619,0.01688817093766062
Finland,2010,10+,208,13619,0.0152727806740583
Finland,2010,10+,207,13619,0.015199353843894559
Finland,2010,10+,205,13619,0.015052500183567075
Finland,2010,10+,192,13619,0.014097951391438431
Finland,2010,10+,184,13619,0.013510536750128498
Finland,2010,10+,165,13619,0.012115426977017401
Finland,2010,10+,145,13619,0.010646890373742566
Finland,2010,10+,108,13619,0.007930097657684118
Finland,2010,10+,98,13619,0.0071958293560467
Finland,2010,10+,76,13619,0.005580439092444379
Finland,2010,10+,85,13619,0.006241280563918056
Finland,2010,10+,70,13619,0.005139878111461928
Finland,2010,10+,447,13619,0.0328217930831926
Finland,2009,0-1,160,13527,0.011828195460929992
Finland,2009,0-1,837,13527,0.06187624750499002
Finland,2009,1-2,928,13527,0.06860353367339395
Finland,2009,3-4,946,13527,0.06993420566274858
Finland,2009,3-4,881,13527,0.06512900125674577
Finland,2009,5-9,842,13527,0.06224587861314408
Finland,2009,5-9,720,13527,0.05322687957418496
Finland,2009,5-9,654,13527,0.04834774894655134
Finland,2009,5-9,566,13527,0.04184224144303984
Finland,2009,5-9,513,13527,0.03792415169660679
Finland,2009,10+,467,13527,0.03452354550158941
Finland,2009,10+,425,13527,0.03141864419309529
Finland,2009,10+,370,13527,0.027352702003400606
Finland,2009,10+,364,13527,0.026909144673615732
Finland,2009,10+,350,13527,0.025874177570784355
Finland,2009,10+,336,13527,0.024839210467952982
Finland,2009,10+,306,13527,0.02262142381902861
Finland,2009,10+,293,13527,0.021660382937828047
Finland,2009,10+,283,13527,0.02092112072151992
Finland,2009,10+,288,13527,0.021290751829673986
Finland,2009,10+,296,13527,0.021882161602720485
Finland,2009,10+,285,13527,0.021068973164781547
Finland,2009,10+,240,13527,0.01774229319139499
Finland,2009,10+,234,13527,0.017298735861610112
Finland,2009,10+,184,13527,0.01360242478006949
Finland,2009,10+,187,13527,0.013824203444961929
Finland,2009,10+,191,13527,0.014119908331485178
Finland,2009,10+,154,13527,0.011384638131145116
Finland,2009,10+,137,13527,0.010127892363421306
Finland,2009,10+,149,13527,0.011015007022991056
Finland,2009,10+,105,13527,0.007762253271235307
Finland,2009,10+,92,13527,0.006801212390034745
Finland,2009,10+,88,13527,0.006505507503511495
Finland,2009,10+,73,13527,0.0053966141790493085
Finland,2009,10+,77,13527,0.005692319065572558
Finland,2009,10+,504,13527,0.037258815701929474
Finland,2008,0-1,143,13471,0.010615396035929033
Finland,2008,0-1,731,13471,0.05426471679904981
Finland,2008,1-2,942,13471,0.06992799346744859
Finland,2008,3-4,929,13471,0.06896295746418232
Finland,2008,3-4,781,13471,0.05797639373468933
Finland,2008,5-9,740,13471,0.05493281864746492
Finland,2008,5-9,689,13471,0.05114690817311261
Finland,2008,5-9,605,13471,0.04491129092123822
Finland,2008,5-9,565,13471,0.0419419493727266
Finland,2008,5-9,500,13471,0.03711676935639522
Finland,2008,10+,469,13471,0.034815529656298715
Finland,2008,10+,397,13471,0.029470714868977805
Finland,2008,10+,386,13471,0.02865414594313711
Finland,2008,10+,386,13471,0.02865414594313711
Finland,2008,10+,340,13471,0.02523940316234875
Finland,2008,10+,337,13471,0.025016702546210377
Finland,2008,10+,332,13471,0.024645534852646426
Finland,2008,10+,345,13471,0.0256105708559127
Finland,2008,10+,318,13471,0.02360626531066736
Finland,2008,10+,317,13471,0.023532031771954568
Finland,2008,10+,262,13471,0.019449187142751095
Finland,2008,10+,273,13471,0.02026575606859179
Finland,2008,10+,221,13471,0.016405612055526687
Finland,2008,10+,244,13471,0.018112983445920865
Finland,2008,10+,252,13471,0.01870685175562319
Finland,2008,10+,247,13471,0.018335684062059238
Finland,2008,10+,214,13471,0.015885977284537153
Finland,2008,10+,166,13471,0.012322767426323213
Finland,2008,10+,137,13471,0.01016999480365229
Finland,2008,10+,127,13471,0.009427659416524386
Finland,2008,10+,140,13471,0.010392695419790661
Finland,2008,10+,141,13471,0.010466928958503452
Finland,2008,10+,108,13471,0.008017222180981368
Finland,2008,10+,87,13471,0.006458317868012768
Finland,2008,10+,82,13471,0.006087150174448816
Finland,2008,10+,515,13471,0.03823027243708708
Finland,2007,0-1,132,13224,0.009981851179673321
Finland,2007,0-1,741,13224,0.05603448275862069
Finland,2007,1-2,917,13224,0.06934361766485178
Finland,2007,3-4,889,13224,0.06722625529340592
Finland,2007,3-4,775,13224,0.05860556563823351
Finland,2007,5-9,704,13224,0.05323653962492438
Finland,2007,5-9,631,13224,0.04771627344222625
Finland,2007,5-9,575,13224,0.043481548699334543
Finland,2007,5-9,514,13224,0.038868723532970356
Finland,2007,5-9,431,13224,0.03259225650332728
Finland,2007,10+,452,13224,0.034180278281911676
Finland,2007,10+,432,13224,0.032667876588021776
Finland,2007,10+,386,13224,0.029189352692075014
Finland,2007,10+,361,13224,0.027298850574712645
Finland,2007,10+,348,13224,0.02631578947368421
Finland,2007,10+,342,13224,0.02586206896551724
Finland,2007,10+,349,13224,0.026391409558378705
Finland,2007,10+,321,13224,0.024274047186932848
Finland,2007,10+,302,13224,0.022837265577737447
Finland,2007,10+,305,13224,0.023064125831820933
Finland,2007,10+,263,13224,0.019888082274652146
Finland,2007,10+,259,13224,0.019585601935874167
Finland,2007,10+,292,13224,0.022081064730792497
Finland,2007,10+,257,13224,0.019434361766485178
Finland,2007,10+,227,13224,0.017165759225650334
Finland,2007,10+,232,13224,0.017543859649122806
Finland,2007,10+,203,13224,0.015350877192982455
Finland,2007,10+,197,13224,0.014897156684815487
Finland,2007,10+,161,13224,0.012174833635813672
Finland,2007,10+,120,13224,0.009074410163339383
Finland,2007,10+,132,13224,0.009981851179673321
Finland,2007,10+,122,13224,0.009225650332728373
Finland,2007,10+,119,13224,0.008998790078644889
Finland,2007,10+,99,13224,0.007486388384754991
Finland,2007,10+,97,13224,0.007335148215366002
Finland,2007,10+,28,13224,0.002117362371445856
Finland,2004,0-1,114,13234,0.0086141756082817
Finland,2004,0-1,666,13234,0.050324920658908874
Finland,2004,1-2,792,13234,0.059845851594378115
Finland,2004,3-4,832,13234,0.06286836935166994
Finland,2004,3-4,759,13234,0.05735227444461236
Finland,2004,5-9,678,13234,0.05123167598609642
Finland,2004,5-9,627,13234,0.04737796584554934
Finland,2004,5-9,608,13234,0.04594226991083573
Finland,2004,5-9,501,13234,0.0378570349100801
Finland,2004,5-9,479,13234,0.036194650143569596
Finland,2004,10+,1968,13234,0.14870787365875773
Finland,2004,10+,1742,13234,0.13163064833005894
Finland,2004,10+,1472,13234,0.11122865346833913
Finland,2004,10+,1994,13234,0.15067251020099742
Finland,1997,0-1,111,13507,0.008217961057229585
Finland,1997,0-1,535,13507,0.03960909158214259
Finland,1997,1-2,699,13507,0.051750943954986306
Finland,1997,3-4,800,13507,0.059228548160213224
Finland,1997,3-4,702,13507,0.0519730510105871
Finland,1997,5-9,653,13507,0.04834530243577404
Finland,1997,5-9,604,13507,0.04471755386096098
Finland,1997,5-9,567,13507,0.04197823350855112
Finland,1997,5-9,525,13507,0.03886873473013993
Finland,1997,5-9,523,13507,0.03872066335973939
Finland,1997,10+,2244,13507,0.16613607758939808
Finland,1997,10+,1894,13507,0.1402235877693048
Finland,1997,10+,3649,13507,0.27015621529577255
Finland,1996,0-1,108,13795,0.007828923523015585
Finland,1996,0-1,554,13795,0.040159478071765134
Finland,1996,1-2,724,13795,0.05248278361725263
Finland,1996,3-4,745,13795,0.054005074302283435
Finland,1996,3-4,716,13795,0.05190286335628851
Finland,1996,5-9,668,13795,0.0484233417905038
Finland,1996,5-9,636,13795,0.04610366074664734
Finland,1996,5-9,551,13795,0.03994200797390359
Finland,1996,5-9,536,13795,0.03885465748459587
Finland,1996,5-9,513,13795,0.03718738673432403
Finland,1996,10+,2267,13795,0.16433490395070677
Finland,1996,10+,2023,13795,0.1466473359913012
Finland,1996,10+,3754,13795,0.2721275824574121
France,2016,0-1,92,124768,7.373685560400102e-4
France,2016,0-1,1207,124768,0.009673954860220569
France,2016,1-2,3216,124768,0.025775839958963837
France,2016,3-4,4704,124768,0.03770197486535009
France,2016,3-4,5875,124768,0.04708739420364196
France,2016,5-9,6273,124768,0.050277314696075916
France,2016,5-9,6292,124768,0.0504295973326494
France,2016,5-9,6027,124768,0.0483056552962298
France,2016,5-9,5927,124768,0.047504167735316745
France,2016,5-9,5625,124768,0.04508367530135932
France,2016,10+,23892,124768,0.19149140805334702
France,2016,10+,19371,124768,0.1552561554244678
France,2016,10+,13558,124768,0.10866568350859195
France,2016,10+,22709,124768,0.18200981020774556
France,2015,0-1,85,120731,7.04044528745724e-4
France,2015,0-1,1265,120731,0.010477839163098128
France,2015,1-2,3087,120731,0.02556924070868294
France,2015,3-4,4816,120731,0.03989033471105184
France,2015,3-4,5731,120731,0.047469166991079344
France,2015,5-9,6188,120731,0.0512544416926887
France,2015,5-9,5970,120731,0.049448774548376144
France,2015,5-9,5981,120731,0.049539886193272646
France,2015,5-9,5770,120731,0.047792199186621497
France,2015,5-9,5565,120731,0.046094209440822986
France,2015,10+,23163,120731,0.19185627552161416
France,2015,10+,18514,120731,0.15334918123762745
France,2015,10+,12814,120731,0.10613678342762008
France,2015,10+,21782,120731,0.18041762264869834
France,2014,0-1,90,120568,7.464667241722513e-4
France,2014,0-1,1345,120568,0.011155530489018645
France,2014,1-2,3395,120568,0.028158383650719924
France,2014,3-4,4746,120568,0.03936367858801672
France,2014,3-4,5726,120568,0.04749187180678124
France,2014,5-9,6078,120568,0.05041138610576604
France,2014,5-9,6119,120568,0.050751443169000064
France,2014,5-9,6129,120568,0.050834383916130314
France,2014,5-9,5710,120568,0.047359166611372835
France,2014,5-9,5441,120568,0.04512806051356911
France,2014,10+,23356,120568,0.19371640899741224
France,2014,10+,17720,120568,0.14697100391480328
France,2014,10+,12978,120568,0.10764050162563864
France,2014,10+,21735,120568,0.1802717138875987
France,2013,0-1,114,121849,9.355842066820409e-4
France,2013,0-1,1491,121849,0.012236456597920376
France,2013,1-2,3364,121849,0.027607940976126188
France,2013,3-4,4814,121849,0.03950791553480127
France,2013,3-4,5576,121849,0.045761557337360176
France,2013,5-9,6262,121849,0.051391476335464384
France,2013,5-9,6212,121849,0.050981132385165245
France,2013,5-9,6145,121849,0.0504312714917644
France,2013,5-9,6060,121849,0.04973368677625586
France,2013,5-9,5340,121849,0.04382473389194823
France,2013,10+,23616,121849,0.19381365460529015
France,2013,10+,17489,121849,0.14353010693563345
France,2013,10+,13517,121849,0.11093238352386971
France,2013,10+,21849,121849,0.17931209940171852
France,2012,0-1,145,125217,0.0011579897298290168
France,2012,0-1,1608,125217,0.012841706797000408
France,2012,1-2,3565,125217,0.02847057508165824
France,2012,3-4,5040,125217,0.04025012578164307
France,2012,3-4,6016,125217,0.048044594583802516
France,2012,5-9,6790,125217,0.054225863900269136
France,2012,5-9,6535,125217,0.05218939920298362
France,2012,5-9,6558,125217,0.052373080332542704
France,2012,5-9,6067,125217,0.04845188752325962
France,2012,5-9,5714,125217,0.04563278149133105
France,2012,10+,24111,125217,0.19255372673039603
France,2012,10+,17031,125217,0.13601188337046888
France,2012,10+,13413,125217,0.10711804307721795
France,2012,10+,22624,125217,0.18067834239759778
France,2011,0-1,158,129802,0.0012172385633503337
France,2011,0-1,1468,129802,0.011309532981001834
France,2011,1-2,3489,129802,0.026879400933729834
France,2011,3-4,5045,129802,0.03886688957026856
France,2011,3-4,6173,129802,0.04755704842760512
France,2011,5-9,6788,129802,0.05229503397482319
France,2011,5-9,6914,129802,0.053265743208887384
France,2011,5-9,6488,129802,0.0499838215127656
France,2011,5-9,6088,129802,0.0469022048966888
France,2011,5-9,5573,129802,0.04293462350348993
France,2011,10+,5415,129802,0.041717384940139594
France,2011,10+,5591,129802,0.04307329625121339
France,2011,10+,4858,129802,0.03742623380225266
France,2011,10+,4751,129802,0.03660190135745212
France,2011,10+,4478,129802,0.03449869801697971
France,2011,10+,4108,129802,0.03164820264710867
France,2011,10+,3604,129802,0.027765365710851912
France,2011,10+,3555,129802,0.027387867675382507
France,2011,10+,3278,129802,0.025253848168749326
France,2011,10+,3295,129802,0.02538481687493259
France,2011,10+,3299,129802,0.025415633041093358
France,2011,10+,3124,129802,0.02406742577155976
France,2011,10+,2849,129802,0.021948814348006964
France,2011,10+,2599,129802,0.020022803962958968
France,2011,10+,2383,129802,0.0183587309902775
France,2011,10+,2188,129802,0.016856442889940062
France,2011,10+,2069,129802,0.015939661946657215
France,2011,10+,1949,129802,0.015015176961834178
France,2011,10+,1917,129802,0.014768647632548034
France,2011,10+,1874,129802,0.01443737384631978
France,2011,10+,6633,129802,0.051100907536093435
France,2011,10+,7801,129802,0.06009922805503767
France,2010,0-1,116,130810,8.867823560889841e-4
France,2010,0-1,1607,130810,0.012284993502025839
France,2010,1-2,3829,130810,0.029271462426419998
France,2010,3-4,5337,130810,0.04079963305557679
France,2010,3-4,6577,130810,0.05027903065514869
France,2010,5-9,7369,130810,0.05633361363810106
France,2010,5-9,6949,130810,0.053122849935020255
France,2010,5-9,6590,130810,0.050378411436434525
France,2010,5-9,6012,130810,0.04595978900695665
France,2010,5-9,5713,130810,0.04367403103738246
France,2010,10+,5784,130810,0.04421680299671279
France,2010,10+,5037,130810,0.03850623041051907
France,2010,10+,4848,130810,0.03706138674413271
France,2010,10+,4509,130810,0.034469841755217494
France,2010,10+,4310,130810,0.03294855133399587
France,2010,10+,3663,130810,0.02800244629615473
France,2010,10+,3633,130810,0.027773106031648957
France,2010,10+,3307,130810,0.02528094182401957
France,2010,10+,3559,130810,0.027207400045868052
France,2010,10+,3465,130810,0.026488800550416636
France,2010,10+,3206,130810,0.02450882960018347
France,2010,10+,3046,130810,0.023285681522819356
France,2010,10+,2660,130810,0.020334836786178426
France,2010,10+,2560,130810,0.019570369237825853
France,2010,10+,2340,130810,0.017888540631450196
France,2010,10+,2237,130810,0.017101139056647046
France,2010,10+,2114,130810,0.01616084397217338
France,2010,10+,1974,130810,0.01509058940447978
France,2010,10+,1920,130810,0.01467777692836939
France,2010,10+,1814,130810,0.013867441327115664
France,2010,10+,6821,130810,0.05214433147312897
France,2010,10+,7904,130810,0.060423515021787326
France,2009,0-1,158,127578,0.0012384580413550925
France,2009,0-1,1678,127578,0.013152737932872438
France,2009,1-2,3876,127578,0.030381413723369232
France,2009,3-4,5405,127578,0.042366238693191616
France,2009,3-4,7018,127578,0.05500948439386101
France,2009,5-9,7116,127578,0.055777641913182525
France,2009,5-9,7139,127578,0.05595792377996206
France,2009,5-9,6377,127578,0.049985107150135606
France,2009,5-9,5975,127578,0.04683409365251062
France,2009,5-9,5846,127578,0.04582294753013842
France,2009,10+,5095,127578,0.03993635266268479
France,2009,10+,4772,127578,0.037404568185737355
France,2009,10+,4600,127578,0.03605637335590776
France,2009,10+,4330,127578,0.03394002100675665
France,2009,10+,3634,127578,0.02848453495116713
France,2009,10+,3540,127578,0.027747730799981187
France,2009,10+,3381,127578,0.026501434416592203
France,2009,10+,3333,127578,0.02612519399896534
France,2009,10+,3383,127578,0.026517111100659987
France,2009,10+,3385,127578,0.026532787784727774
France,2009,10+,3050,127578,0.023906943203373623
France,2009,10+,2730,127578,0.021398673752527866
France,2009,10+,2569,127578,0.020136700685071094
France,2009,10+,2413,127578,0.018913919327783787
France,2009,10+,2266,127578,0.01776168304880152
France,2009,10+,2180,127578,0.01708758563388672
France,2009,10+,2185,127578,0.017126777344056186
France,2009,10+,2049,127578,0.01606076282744674
France,2009,10+,1818,127578,0.014250105817617457
France,2009,10+,1750,127578,0.013717098559312734
France,2009,10+,6882,127578,0.053943469877251564
France,2009,10+,7645,127578,0.059924124849111915
France,2003,0-1,8,125175,6.391052526462952e-5
France,2003,0-1,994,125175,0.007940882764130217
France,2003,1-2,4571,125175,0.03651687637307769
France,2003,3-4,7067,125175,0.0564569602556421
France,2003,3-4,6873,125175,0.054907130017974835
France,2003,5-9,6697,125175,0.053501098462152986
France,2003,5-9,6395,125175,0.05108847613341322
France,2003,5-9,5886,125175,0.04702216896345117
France,2003,5-9,5210,125175,0.04162172957858997
France,2003,5-9,4939,125175,0.03945676053525065
France,2003,10+,22342,125175,0.17848611943279408
France,2003,10+,16280,125175,0.13005791891352106
France,2003,10+,14861,125175,0.11872178949470741
France,2003,10+,23052,125175,0.18415817855002997
France,2002,0-1,16,115861,1.3809651219996374e-4
France,2002,0-1,1034,115861,0.008924487100922657
France,2002,1-2,4329,115861,0.037363737582102693
France,2002,3-4,6133,115861,0.052934119332648605
France,2002,3-4,6209,115861,0.05359007776559843
France,2002,5-9,6136,115861,0.0529600124286861
France,2002,5-9,5753,115861,0.04965432716789946
France,2002,5-9,5189,115861,0.04478642511285074
France,2002,5-9,4810,115861,0.041515263980114105
France,2002,5-9,4536,115861,0.03915036120868972
France,2002,10+,20797,115861,0.17949957276391537
France,2002,10+,15361,115861,0.1325812827439777
France,2002,10+,13762,115861,0.11878026255599382
France,2002,10+,21796,115861,0.18812197374440062
France,1996,0-1,24,115454,2.0787499783463543e-4
France,1996,0-1,798,115454,0.006911843678001629
France,1996,1-2,3028,115454,0.026226895560136503
France,1996,3-4,4787,115454,0.04146240060976666
France,1996,3-4,6369,115454,0.05516482755036638
France,1996,5-9,6399,115454,0.055424671297659676
France,1996,5-9,6120,115454,0.05300812444783204
France,1996,5-9,5531,115454,0.04790652554264036
France,1996,5-9,5201,115454,0.045048244322414124
France,1996,5-9,4564,115454,0.03953089542155317
France,1996,10+,20893,115454,0.18096384707329327
France,1996,10+,18619,115454,0.16126769102846156
France,1996,10+,33121,115454,0.28687615847004
France,1995,0-1,22,119189,1.8458079185159704e-4
France,1995,0-1,834,119189,0.006997290018374179
France,1995,1-2,3471,119189,0.02912181493258606
France,1995,3-4,5680,119189,0.047655404441685055
France,1995,3-4,6704,119189,0.05624680129877757
France,1995,5-9,6452,119189,0.05413251222847746
France,1995,5-9,5970,119189,0.05008851487972883
France,1995,5-9,5413,119189,0.04541526483148613
France,1995,5-9,4925,119189,0.041320927266777975
France,1995,5-9,4708,119189,0.03950028945624177
France,1995,10+,21715,119189,0.18218963159351953
France,1995,10+,19536,119189,0.16390774316421816
France,1995,10+,33759,119189,0.28323922509627564
Germany,2020,0-1,899,143801,0.006251695050799369
Germany,2020,1-2,5233,143801,0.03639056752039276
Germany,2020,3-4,6843,143801,0.04758659536442723
Germany,2020,3-4,5666,143801,0.0394016731455275
Germany,2020,5-9,7446,143801,0.05177989026501902
Germany,2020,5-9,7458,143801,0.05186333891975716
Germany,2020,5-9,7192,143801,0.05001356040639495
Germany,2020,5-9,6950,143801,0.048330679202509025
Germany,2020,5-9,6436,143801,0.04475629515789181
Germany,2020,10+,27315,143801,0.18995000034770274
Germany,2020,10+,21124,143801,0.14689744855738138
Germany,2020,10+,16877,143801,0.11736357883463953
Germany,2020,10+,24362,143801,0.16941467722755751
Germany,2019,0-1,1017,149010,0.006825045298973223
Germany,2019,1-2,5163,149010,0.03464868129655728
Germany,2019,3-4,6883,149010,0.046191530769747
Germany,2019,3-4,5674,149010,0.03807798134353399
Germany,2019,5-9,7491,149010,0.05027179383933964
Germany,2019,5-9,7765,149010,0.052110596604254746
Germany,2019,5-9,7669,149010,0.051466344540634854
Germany,2019,5-9,7069,149010,0.047439769143010534
Germany,2019,5-9,6771,149010,0.045439903362190455
Germany,2019,10+,28122,149010,0.1887255888866519
Germany,2019,10+,22170,149010,0.14878196094221866
Germany,2019,10+,17431,149010,0.11697872625998255
Germany,2019,10+,25785,149010,0.17304207771290517
Germany,2018,0-1,940,148066,0.00634852025448111
Germany,2018,1-2,5020,148066,0.033903799656909754
Germany,2018,3-4,6640,148066,0.04484486647846231
Germany,2018,3-4,5729,148066,0.03869220482757689
Germany,2018,5-9,7257,148066,0.049011927113584486
Germany,2018,5-9,7780,148066,0.05254413572325855
Germany,2018,5-9,7491,148066,0.05059230343225318
Germany,2018,5-9,7162,148066,0.048370321343184794
Germany,2018,5-9,6621,148066,0.04471654532438237
Germany,2018,10+,28427,148066,0.19198870773844096
Germany,2018,10+,22059,148066,0.14898085988680723
Germany,2018,10+,17396,148066,0.11748814717760998
Germany,2018,10+,25544,148066,0.17251766104304836
Germany,2017,0-1,30,153501,1.9543846619891726e-4
Germany,2017,0-1,955,153501,0.006221457840665533
Germany,2017,1-2,5132,153501,0.03343300695109478
Germany,2017,3-4,6555,153501,0.04270330486446342
Germany,2017,3-4,5719,153501,0.037257086273053595
Germany,2017,5-9,7789,153501,0.05074234044077889
Germany,2017,5-9,7876,153501,0.05130911199275575
Germany,2017,5-9,7698,153501,0.050149510426642174
Germany,2017,5-9,7352,153501,0.04789545344981466
Germany,2017,5-9,6877,153501,0.0448010110683318
Germany,2017,10+,28997,153501,0.18890430681233347
Germany,2017,10+,23094,153501,0.15044853127992652
Germany,2017,10+,18530,153501,0.12071582595553124
Germany,2017,10+,26897,153501,0.17522361417840926
Germany,2016,0-1,19,162397,1.1699723517060045e-4
Germany,2016,0-1,1026,162397,0.006317850699212424
Germany,2016,1-2,5175,162397,0.031866352210939856
Germany,2016,3-4,6506,162397,0.040062316422101396
Germany,2016,3-4,6328,162397,0.03896623706102945
Germany,2016,5-9,8083,162397,0.04977308694126123
Germany,2016,5-9,8648,162397,0.05325221525028172
Germany,2016,5-9,8251,162397,0.05080758881013812
Germany,2016,5-9,7713,162397,0.04749471973004427
Germany,2016,5-9,7252,162397,0.04465599733985234
Germany,2016,10+,31004,162397,0.1909148568015419
Germany,2016,10+,24506,162397,0.15090180237319656
Germany,2016,10+,19464,162397,0.1198544308084509
Germany,2016,10+,28422,162397,0.17501554831677926
Germany,2015,0-1,19,163335,1.1632534361894266e-4
Germany,2015,0-1,1020,163335,0.006244834236385343
Germany,2015,1-2,5140,163335,0.03146906664217712
Germany,2015,3-4,7184,163335,0.04398322466097285
Germany,2015,3-4,6324,163335,0.03871797226558912
Germany,2015,5-9,8321,163335,0.05094437811859063
Germany,2015,5-9,8592,163335,0.05260354486178712
Germany,2015,5-9,8233,163335,0.05040560810603974
Germany,2015,5-9,7698,163335,0.04713013132519056
Germany,2015,5-9,7209,163335,0.04413628432362935
Germany,2015,10+,31109,163335,0.1904613218232467
Germany,2015,10+,24621,163335,0.1507392781706309
Germany,2015,10+,19375,163335,0.11862123855879021
Germany,2015,10+,28490,163335,0.1744267915633514
Germany,2014,0-1,20,166199,1.2033766749499094e-4
Germany,2014,0-1,1092,166199,0.006570436645226506
Germany,2014,1-2,5640,166199,0.03393522223358745
Germany,2014,3-4,7118,166199,0.042828175861467276
Germany,2014,3-4,6462,166199,0.03888110036763157
Germany,2014,5-9,8474,166199,0.05098706971762766
Germany,2014,5-9,8859,166199,0.05330356981690624
Germany,2014,5-9,8440,166199,0.05078249568288618
Germany,2014,5-9,8083,166199,0.04863446831810059
Germany,2014,5-9,7604,166199,0.04575238118159556
Germany,2014,10+,31696,166199,0.19071113544606164
Germany,2014,10+,25033,166199,0.1506206415201054
Germany,2014,10+,20445,166199,0.1230151805967545
Germany,2014,10+,27233,166199,0.1638577849445544
Germany,2012,0-1,26,179147,1.4513220986117547e-4
Germany,2012,0-1,1151,179147,0.006424891290392806
Germany,2012,1-2,5794,179147,0.032342154766755796
Germany,2012,3-4,7366,179147,0.04111707145528532
Germany,2012,3-4,7080,179147,0.039520617146812397
Germany,2012,5-9,8979,179147,0.05012085047474979
Germany,2012,5-9,9686,179147,0.054067330181359445
Germany,2012,5-9,9366,179147,0.052281087598452666
Germany,2012,5-9,9121,179147,0.05091349562091467
Germany,2012,5-9,8290,179147,0.04627484691342864
Germany,2012,10+,7788,179147,0.043472678861493634
Germany,2012,10+,6960,179147,0.03885077617822236
Germany,2012,10+,6964,179147,0.038873104210508685
Germany,2012,10+,6672,179147,0.037243157853606254
Germany,2012,10+,5968,179147,0.03331342417121135
Germany,2012,10+,5801,179147,0.03238122882325688
Germany,2012,10+,5509,179147,0.030751282466354446
Germany,2012,10+,5384,179147,0.03005353145740649
Germany,2012,10+,5065,179147,0.028272870882571296
Germany,2012,10+,4850,179147,0.027072739147180808
Germany,2012,10+,4812,179147,0.02686062284046063
Germany,2012,10+,4494,179147,0.02508554427369702
Germany,2012,10+,4788,179147,0.02672665464674262
Germany,2012,10+,4504,179147,0.025141364354412856
Germany,2012,10+,4285,179147,0.023918904586736033
Germany,2012,10+,3815,179147,0.021295360793091706
Germany,2012,10+,3215,179147,0.017946155950141505
Germany,2012,10+,2864,179147,0.015986871117015636
Germany,2012,10+,2448,179147,0.013664755759236829
Germany,2012,10+,2167,179147,0.012096211491121816
Germany,2012,10+,1997,179147,0.011147270118952592
Germany,2012,10+,1745,179147,0.009740604084913507
Germany,2012,10+,1530,179147,0.008540472349523017
Germany,2012,10+,1225,179147,0.006837959887689997
Germany,2012,10+,1061,179147,0.005922510563950275
Germany,2012,10+,6377,179147,0.035596465472489076
Germany,2011,0-1,42,187640,2.2383287145597954e-4
Germany,2011,0-1,1271,187640,0.0067736090385845235
Germany,2011,1-2,5726,187640,0.03051588147516521
Germany,2011,3-4,7808,187640,0.04161159667448305
Germany,2011,3-4,7834,187640,0.041750159880622466
Germany,2011,5-9,9936,187640,0.052952462161586014
Germany,2011,5-9,10243,187640,0.054588573864847584
Germany,2011,5-9,10072,187640,0.05367725431677681
Germany,2011,5-9,9244,187640,0.04926454913664464
Germany,2011,5-9,8741,187640,0.04658388403325517
Germany,2011,10+,7973,187640,0.042490940098060113
Germany,2011,10+,7897,187640,0.042085909187806435
Germany,2011,10+,7211,187640,0.038429972287358775
Germany,2011,10+,6656,187640,0.035472180771690474
Germany,2011,10+,6336,187640,0.033766787465359195
Germany,2011,10+,5965,187640,0.03178959710083138
Germany,2011,10+,5749,187640,0.030638456619057772
Germany,2011,10+,5599,187640,0.029839053506714987
Germany,2011,10+,5367,187640,0.028602643359624813
Germany,2011,10+,5279,187640,0.028133660200383714
Germany,2011,10+,5004,187640,0.026668087827755278
Germany,2011,10+,5336,187640,0.02843743338307397
Germany,2011,10+,5071,187640,0.027025154551268388
Germany,2011,10+,4725,187640,0.025181198038797696
Germany,2011,10+,4128,187640,0.021999573651673418
Germany,2011,10+,3682,187640,0.019622681730974204
Germany,2011,10+,3285,187640,0.01750692816030697
Germany,2011,10+,2895,187640,0.015428480068215733
Germany,2011,10+,2526,187640,0.013461948411852484
Germany,2011,10+,2202,187640,0.01173523768919207
Germany,2011,10+,1959,187640,0.01044020464719676
Germany,2011,10+,1685,187640,0.008979961628650607
Germany,2011,10+,1527,187640,0.008137923683649542
Germany,2011,10+,1262,187640,0.006725644851843957
Germany,2011,10+,1100,187640,0.00586228949051375
Germany,2011,10+,6304,187640,0.03359624813472607
Germany,2010,0-1,47,187027,2.5130061434979975e-4
Germany,2010,0-1,1261,187027,0.006742342014789309
Germany,2010,1-2,5641,187027,0.03016142054355788
Germany,2010,3-4,8550,187027,0.045715324525335915
Germany,2010,3-4,9112,187027,0.04872023825436969
Germany,2010,5-9,10331,187027,0.05523801376271875
Germany,2010,5-9,10518,187027,0.05623786939853604
Germany,2010,5-9,9946,187027,0.05317948745368316
Germany,2010,5-9,9342,187027,0.049950007218209136
Germany,2010,5-9,8423,187027,0.045036278184433266
Germany,2010,10+,8138,187027,0.04351243403358873
Germany,2010,10+,7776,187027,0.04157688462093708
Germany,2010,10+,6905,187027,0.036919803023092924
Germany,2010,10+,6575,187027,0.035155351901062414
Germany,2010,10+,6252,187027,0.03342832853010528
Germany,2010,10+,6006,187027,0.03211301042095526
Germany,2010,10+,5620,187027,0.030049137290337757
Germany,2010,10+,5290,187027,0.02828468616830725
Germany,2010,10+,5413,187027,0.02894234522288226
Germany,2010,10+,5081,187027,0.027167200457687928
Germany,2010,10+,5549,187027,0.029669512958022105
Germany,2010,10+,5114,187027,0.027343645569890978
Germany,2010,10+,4839,187027,0.025873269634865553
Germany,2010,10+,4363,187027,0.023328182561876094
Germany,2010,10+,3889,187027,0.020793789132050454
Germany,2010,10+,3496,187027,0.018692488250359574
Germany,2010,10+,3127,187027,0.01671951108663455
Germany,2010,10+,2719,187027,0.014538007881215011
Germany,2010,10+,2388,187027,0.012768209937602592
Germany,2010,10+,2132,187027,0.01139942361263347
Germany,2010,10+,1877,187027,0.01003598410924626
Germany,2010,10+,1634,187027,0.008736706464841974
Germany,2010,10+,1363,187027,0.007287717816144193
Germany,2010,10+,1300,187027,0.0069508680564838235
Germany,2010,10+,1071,187027,0.005726445914226289
Germany,2010,10+,5939,187027,0.03175477337496725
Germany,2008,0-1,39,191948,2.031800279242295e-4
Germany,2008,0-1,985,191948,0.0051315981411632315
Germany,2008,1-2,4350,191948,0.02266238773001021
Germany,2008,3-4,7396,191948,0.03853126888532311
Germany,2008,3-4,9784,191948,0.05097213828745285
Germany,2008,5-9,11375,191948,0.05926084147790026
Germany,2008,5-9,11495,191948,0.0598860107945902
Germany,2008,5-9,10404,191948,0.05420217975701753
Germany,2008,5-9,9854,191948,0.051336820388855314
Germany,2008,5-9,9380,191948,0.048867401587930064
Germany,2008,10+,8355,191948,0.04352741367453685
Germany,2008,10+,7633,191948,0.039765978285785736
Germany,2008,10+,7111,191948,0.03704649175818451
Germany,2008,10+,6921,191948,0.03605664034009211
Germany,2008,10+,6489,191948,0.03380603080000834
Germany,2008,10+,6392,191948,0.03330068560235064
Germany,2008,10+,5978,191948,0.031143851459770354
Germany,2008,10+,5851,191948,0.03048221393294017
Germany,2008,10+,6136,191948,0.03196699106007877
Germany,2008,10+,6050,191948,0.03151895304978432
Germany,2008,10+,5654,191948,0.029455894304707526
Germany,2008,10+,5172,191948,0.026944797549336277
Germany,2008,10+,4730,191948,0.02464209056619501
Germany,2008,10+,4136,191948,0.021547502448579822
Germany,2008,10+,3751,191948,0.019541750890866277
Germany,2008,10+,3398,191948,0.01770271115093671
Germany,2008,10+,3079,191948,0.01604080271740263
Germany,2008,10+,2685,191948,0.013988163460937337
Germany,2008,10+,2544,191948,0.013253589513826661
Germany,2008,10+,2139,191948,0.011143643069998125
Germany,2008,10+,1797,191948,0.009361910517431805
Germany,2008,10+,1579,191948,0.008226186258778419
Germany,2008,10+,1412,191948,0.007356158959718257
Germany,2008,10+,1244,191948,0.006480921916352345
Germany,2008,10+,997,191948,0.0051941150728322255
Germany,2008,10+,5653,191948,0.029450684560401775
Germany,2007,0-1,55,187072,2.9400444748546014e-4
Germany,2007,0-1,1051,187072,0.005618157714676702
Germany,2007,1-2,4324,187072,0.023114095107765995
Germany,2007,3-4,7575,187072,0.0404924307218611
Germany,2007,3-4,9707,187072,0.051889112213479305
Germany,2007,5-9,11656,187072,0.06230756072528224
Germany,2007,5-9,11145,187072,0.05957599213137188
Germany,2007,5-9,10893,187072,0.05822891720834759
Germany,2007,5-9,10028,187072,0.053605029079712624
Germany,2007,5-9,8611,187072,0.04603040540540541
Germany,2007,10+,8051,187072,0.04303690557646254
Germany,2007,10+,7425,187072,0.03969060041053712
Germany,2007,10+,7024,187072,0.03754704071159767
Germany,2007,10+,6641,187072,0.035499700650017105
Germany,2007,10+,6197,187072,0.03312628292849812
Germany,2007,10+,6107,187072,0.03264518474170373
Germany,2007,10+,5826,187072,0.03114308929182347
Germany,2007,10+,6372,187072,0.03406175162504276
Germany,2007,10+,6291,187072,0.03362876325692781
Germany,2007,10+,5753,187072,0.030752865206979133
Germany,2007,10+,5323,187072,0.028454284981183714
Germany,2007,10+,4621,187072,0.02470171912418748
Germany,2007,10+,4366,187072,0.02333860759493671
Germany,2007,10+,3945,187072,0.02108813718782073
Germany,2007,10+,3401,187072,0.01818016592541909
Germany,2007,10+,3223,187072,0.017228660622647964
Germany,2007,10+,2848,187072,0.015224084844338008
Germany,2007,10+,2552,187072,0.01364180636332535
Germany,2007,10+,2104,187072,0.011247006500171058
Germany,2007,10+,1862,187072,0.009953386931235033
Germany,2007,10+,1752,187072,0.009365378036264112
Germany,2007,10+,1523,187072,0.008141250427642834
Germany,2007,10+,1375,187072,0.007350111187136504
Germany,2007,10+,1098,187072,0.00586939787889155
Germany,2007,10+,975,187072,0.005211897023605885
Germany,2007,10+,5372,187072,0.028716216216216218
Germany,2004,0-1,66,213691,3.0885718163142106e-4
Germany,2004,0-1,1495,213691,0.006996083129378401
Germany,2004,1-2,5436,213691,0.025438600596187955
Germany,2004,3-4,8690,213691,0.04066619558147044
Germany,2004,3-4,11906,213691,0.0557159637046015
Germany,2004,5-9,13445,213691,0.06291795162173419
Germany,2004,5-9,13245,213691,0.06198202076830564
Germany,2004,5-9,12465,213691,0.058331890439934295
Germany,2004,5-9,11265,213691,0.052716305319363006
Germany,2004,5-9,10312,213691,0.04825659480277597
Germany,2004,10+,42938,213691,0.20093499492257513
Germany,2004,10+,35218,213691,0.16480806398023315
Germany,2004,10+,22473,213691,0.10516587034549887
Germany,2004,10+,24737,213691,0.11576060760631005
Germany,1997,0-1,78,187802,4.153310401380177e-4
Germany,1997,0-1,1527,187802,0.008130903824240424
Germany,1997,1-2,5539,187802,0.029493828606724105
Germany,1997,3-4,8715,187802,0.04640525660003621
Germany,1997,3-4,10869,187802,0.05787478301615531
Germany,1997,5-9,12439,187802,0.06623465138816413
Germany,1997,5-9,12743,187802,0.06785337749331743
Germany,1997,5-9,13095,187802,0.06972769193086335
Germany,1997,5-9,12405,187802,0.06605360965271935
Germany,1997,5-9,10980,187802,0.05846583103481326
Germany,1997,10+,39436,187802,0.20998711408824186
Germany,1997,10+,24011,187802,0.12785273852248644
Germany,1997,10+,35965,187802,0.1915048828021001
Germany,1996,0-1,83,175550,4.727997721446881e-4
Germany,1996,0-1,1634,175550,0.00930788949017374
Germany,1996,1-2,5598,175550,0.03188835089718029
Germany,1996,3-4,8701,175550,0.04956422671603532
Germany,1996,3-4,11118,175550,0.06333238393620051
Germany,1996,5-9,12050,175550,0.06864141270293364
Germany,1996,5-9,13189,175550,0.07512959270863002
Germany,1996,5-9,12404,175550,0.07065793221304471
Germany,1996,5-9,11289,175550,0.0643064653944745
Germany,1996,5-9,9710,175550,0.055311876958131584
Germany,1996,10+,34571,175550,0.196929649672458
Germany,1996,10+,21792,175550,0.12413557391056679
Germany,1996,10+,33411,175550,0.1903218456280262
Germany,1995,0-1,91,169425,5.371108159952781e-4
Germany,1995,0-1,1637,169425,0.009662092371255718
Germany,1995,1-2,5732,169425,0.033832079091043236
Germany,1995,3-4,9064,169425,0.05349859819979342
Germany,1995,3-4,10922,169425,0.06446510255275195
Germany,1995,5-9,13214,169425,0.07799321233584182
Germany,1995,5-9,12822,169425,0.07567950420540062
Germany,1995,5-9,11822,169425,0.06977718754611185
Germany,1995,5-9,10185,169425,0.06011509517485613
Germany,1995,5-9,8913,169425,0.05260734838424082
Germany,1995,10+,32027,169425,0.18903349564704147
Germany,1995,10+,20602,169425,0.12159952781466726
Germany,1995,10+,32394,169425,0.19119964586100044
Greece,2023,0-1,120,15114,0.007939658594680429
Greece,2023,0-1,368,15114,0.02434828635701998
Greece,2023,1-2,383,15114,0.025340743681355034
Greece,2023,3-4,472,15114,0.03122932380574302
Greece,2023,3-4,579,15114,0.03830885271933307
Greece,2023,5-9,618,15114,0.04088924176260421
Greece,2023,5-9,617,15114,0.04082307794098187
Greece,2023,5-9,645,15114,0.0426756649464073
Greece,2023,5-9,682,15114,0.04512372634643377
Greece,2023,5-9,640,15114,0.04234484583829562
Greece,2023,10+,2884,15114,0.19081646155881965
Greece,2023,10+,2536,15114,0.16779145163424639
Greece,2023,10+,1816,15114,0.12015350006616382
Greece,2023,10+,2754,15114,0.18221516474791585
Greece,2016,0-1,17,11013,0.001543630255153001
Greece,2016,0-1,206,11013,0.018705166621265777
Greece,2016,1-2,347,11013,0.0315082175610642
Greece,2016,3-4,384,11013,0.03486788341051485
Greece,2016,3-4,450,11013,0.040860800871697085
Greece,2016,5-9,572,11013,0.05193861799691274
Greece,2016,5-9,541,11013,0.049123762825751385
Greece,2016,5-9,561,11013,0.05093979842004903
Greece,2016,5-9,501,11013,0.045491691637156086
Greece,2016,5-9,488,11013,0.044311268500862616
Greece,2016,10+,2056,11013,0.18668845909379825
Greece,2016,10+,1688,11013,0.1532734041587215
Greece,2016,10+,1235,11013,0.11214019794787977
Greece,2016,10+,1950,11013,0.1770634704440207
Greece,2010,0-1,1,13275,7.532956685499058e-5
Greece,2010,0-1,59,13275,0.0044444444444444444
Greece,2010,1-2,508,13275,0.038267419962335215
Greece,2010,3-4,774,13275,0.05830508474576271
Greece,2010,3-4,665,13275,0.050094161958568736
Greece,2010,5-9,696,13275,0.05242937853107345
Greece,2010,5-9,624,13275,0.04700564971751412
Greece,2010,5-9,676,13275,0.05092278719397363
Greece,2010,5-9,568,13275,0.04278719397363465
Greece,2010,5-9,550,13275,0.04143126177024482
Greece,2010,10+,467,13275,0.0351789077212806
Greece,2010,10+,552,13275,0.0415819209039548
Greece,2010,10+,478,13275,0.036007532956685497
Greece,2010,10+,497,13275,0.03743879472693032
Greece,2010,10+,332,13275,0.025009416195856875
Greece,2010,10+,464,13275,0.03495291902071563
Greece,2010,10+,390,13275,0.02937853107344633
Greece,2010,10+,391,13275,0.029453860640301317
Greece,2010,10+,338,13275,0.025461393596986816
Greece,2010,10+,387,13275,0.029152542372881354
Greece,2010,10+,373,13275,0.028097928436911487
Greece,2010,10+,360,13275,0.02711864406779661
Greece,2010,10+,250,13275,0.018832391713747645
Greece,2010,10+,256,13275,0.01928436911487759
Greece,2010,10+,250,13275,0.018832391713747645
Greece,2010,10+,248,13275,0.018681732580037663
Greece,2010,10+,209,13275,0.015743879472693033
Greece,2010,10+,196,13275,0.014764595103578155
Greece,2010,10+,178,13275,0.013408662900188323
Greece,2010,10+,184,13275,0.013860640301318268
Greece,2010,10+,1084,13275,0.0816572504708098
Greece,2005,0-1,2,13494,1.4821402104639098e-4
Greece,2005,0-1,38,13494,0.0028160663998814286
Greece,2005,1-2,724,13494,0.053653475618793536
Greece,2005,3-4,739,13494,0.05476508077664147
Greece,2005,3-4,688,13494,0.0509856232399585
Greece,2005,5-9,624,13494,0.046242774566473986
Greece,2005,5-9,802,13494,0.05943382243960279
Greece,2005,5-9,669,13494,0.049577590040017785
Greece,2005,5-9,673,13494,0.04987401808211057
Greece,2005,5-9,502,13494,0.03720171928264414
Greece,2005,10+,2633,13494,0.19512375870757373
Greece,2005,10+,1964,13494,0.14554616866755596
Greece,2005,10+,1469,13494,0.10886319845857419
Greece,2005,10+,1737,13494,0.12872387727879056
Greece,1997,0-1,0,9422,0
Greece,1997,0-1,106,9422,0.011250265336446614
Greece,1997,1-2,548,9422,0.05816174909785608
Greece,1997,3-4,541,9422,0.05741880704733602
Greece,1997,3-4,600,9422,0.06368074718743366
Greece,1997,5-9,461,9422,0.0489280407556782
Greece,1997,5-9,622,9422,0.06601570791763957
Greece,1997,5-9,498,9422,0.05285502016556994
Greece,1997,5-9,488,9422,0.05179367437911272
Greece,1997,5-9,337,9422,0.035767353003608574
Greece,1997,10+,1707,9422,0.18117172574824877
Greece,1997,10+,1406,9422,0.14922521757588622
Greece,1997,10+,1788,9422,0.18976862661855232
Greece,1996,0-1,0,9360,0
Greece,1996,0-1,174,9360,0.01858974358974359
Greece,1996,1-2,517,9360,0.05523504273504273
Greece,1996,3-4,582,9360,0.06217948717948718
Greece,1996,3-4,505,9360,0.053952991452991456
Greece,1996,5-9,659,9360,0.0704059829059829
Greece,1996,5-9,528,9360,0.05641025641025641
Greece,1996,5-9,494,9360,0.05277777777777778
Greece,1996,5-9,402,9360,0.04294871794871795
Greece,1996,5-9,485,9360,0.05181623931623932
Greece,1996,10+,1707,9360,0.18237179487179486
Greece,1996,10+,1336,9360,0.14273504273504273
Greece,1996,10+,1970,9360,0.21047008547008547
Greece,1995,0-1,1,10995,9.095043201455206e-5
Greece,1995,0-1,73,10995,0.006639381537062301
Greece,1995,1-2,634,10995,0.05766257389722601
Greece,1995,3-4,580,10995,0.0527512505684402
Greece,1995,3-4,822,10995,0.0747612551159618
Greece,1995,5-9,651,10995,0.0592087312414734
Greece,1995,5-9,639,10995,0.058117326057298774
Greece,1995,5-9,476,10995,0.043292405638926786
Greece,1995,5-9,570,10995,0.05184174624829468
Greece,1995,5-9,470,10995,0.042746703046839474
Greece,1995,10+,2017,10995,0.18344702137335153
Greece,1995,10+,1576,10995,0.14333788085493407
Greece,1995,10+,2115,10995,0.19236016371077763
Hungary,2023,0-1,280,16791,0.016675600023822287
Hungary,2023,0-1,864,16791,0.05145613721636591
Hungary,2023,1-2,1005,16791,0.05985349294264785
Hungary,2023,3-4,1058,16791,0.06300994580429992
Hungary,2023,3-4,879,16791,0.05234947293192782
Hungary,2023,5-9,865,16791,0.051515692930736705
Hungary,2023,5-9,845,16791,0.05032457864332083
Hungary,2023,5-9,791,16791,0.047108570067297954
Hungary,2023,5-9,637,16791,0.0379369900541957
Hungary,2023,5-9,523,16791,0.031147638615925198
Hungary,2023,10+,2280,16791,0.13578702876541004
Hungary,2023,10+,2142,16791,0.12756834018224048
Hungary,2023,10+,1731,16791,0.1030909415758442
Hungary,2023,10+,2891,16791,0.1721755702459651
Hungary,2022,0-1,309,17695,0.01746256004521051
Hungary,2022,0-1,762,17695,0.04306301215032495
Hungary,2022,1-2,999,17695,0.0564566261655835
Hungary,2022,3-4,1022,17695,0.05775642836959593
Hungary,2022,3-4,915,17695,0.051709522463972875
Hungary,2022,5-9,943,17695,0.05329189036450975
Hungary,2022,5-9,903,17695,0.05103136479231421
Hungary,2022,5-9,720,17695,0.040689460299519635
Hungary,2022,5-9,662,17695,0.037411698219836115
Hungary,2022,5-9,605,17695,0.034190449279457476
Hungary,2022,10+,2622,17695,0.14817745125741735
Hungary,2022,10+,2369,17695,0.1338796270132806
Hungary,2022,10+,1727,17695,0.09759819157954225
Hungary,2022,10+,3137,17695,0.17728171799943487
Hungary,2021,0-1,224,18092,0.012381162944948043
Hungary,2021,0-1,765,18092,0.042283882378952024
Hungary,2021,1-2,894,18092,0.04941410568206942
Hungary,2021,3-4,950,18092,0.05250939641830643
Hungary,2021,3-4,958,18092,0.052951580809197436
Hungary,2021,5-9,989,18092,0.05466504532390007
Hungary,2021,5-9,811,18092,0.04482644262657528
Hungary,2021,5-9,706,18092,0.039022772496130884
Hungary,2021,5-9,652,18092,0.036038027857616624
Hungary,2021,5-9,581,18092,0.032113641388458986
Hungary,2021,10+,2771,18092,0.15316161839487066
Hungary,2021,10+,2557,18092,0.14133318593853636
Hungary,2021,10+,1898,18092,0.10490824673889011
Hungary,2021,10+,3336,18092,0.18439089100154765
Hungary,2020,0-1,123,14979,0.008211496094532346
Hungary,2020,0-1,557,14979,0.03718539288337005
Hungary,2020,1-2,742,14979,0.0495360170905935
Hungary,2020,3-4,757,14979,0.050537419053341345
Hungary,2020,3-4,805,14979,0.053741905334134456
Hungary,2020,5-9,719,14979,0.0480005340810468
Hungary,2020,5-9,605,14979,0.04038987916416316
Hungary,2020,5-9,523,14979,0.03491554843447493
Hungary,2020,5-9,582,14979,0.038854396154616465
Hungary,2020,5-9,493,14979,0.032912744508979234
Hungary,2020,10+,2435,14979,0.1625609186194005
Hungary,2020,10+,2129,14979,0.1421323185793444
Hungary,2020,10+,1633,14979,0.10901929367781561
Hungary,2020,10+,2876,14979,0.1920021363241872
Hungary,2019,0-1,172,17600,0.009772727272727273
Hungary,2019,0-1,609,17600,0.034602272727272725
Hungary,2019,1-2,889,17600,0.05051136363636364
Hungary,2019,3-4,940,17600,0.053409090909090906
Hungary,2019,3-4,809,17600,0.04596590909090909
Hungary,2019,5-9,742,17600,0.04215909090909091
Hungary,2019,5-9,621,17600,0.03528409090909091
Hungary,2019,5-9,659,17600,0.03744318181818182
Hungary,2019,5-9,633,17600,0.03596590909090909
Hungary,2019,5-9,606,17600,0.03443181818181818
Hungary,2019,10+,3030,17600,0.1721590909090909
Hungary,2019,10+,2517,17600,0.14301136363636363
Hungary,2019,10+,2042,17600,0.11602272727272728
Hungary,2019,10+,3331,17600,0.18926136363636364
Hungary,2018,0-1,123,16952,0.007255781028787164
Hungary,2018,0-1,552,16952,0.03256252949504483
Hungary,2018,1-2,745,16952,0.04394761680037754
Hungary,2018,3-4,752,16952,0.04436054742803209
Hungary,2018,3-4,698,16952,0.04117508258612553
Hungary,2018,5-9,622,16952,0.036691835771590374
Hungary,2018,5-9,650,16952,0.03834355828220859
Hungary,2018,5-9,615,16952,0.03627890514393582
Hungary,2018,5-9,614,16952,0.036219915054270885
Hungary,2018,5-9,669,16952,0.03946436998584238
Hungary,2018,10+,3197,16952,0.18859131665880133
Hungary,2018,10+,2574,16952,0.15184049079754602
Hungary,2018,10+,2064,16952,0.1217555450684285
Hungary,2018,10+,3077,16952,0.18151250589900897
Hungary,2017,0-1,221,18495,0.011949175452825088
Hungary,2017,0-1,751,18495,0.04060556907272236
Hungary,2017,1-2,806,18495,0.04357934576912679
Hungary,2017,3-4,796,18495,0.043038659097053254
Hungary,2017,3-4,719,18495,0.03887537172208705
Hungary,2017,5-9,764,18495,0.04130846174641795
Hungary,2017,5-9,666,18495,0.03600973236009732
Hungary,2017,5-9,622,18495,0.033630711002973775
Hungary,2017,5-9,686,18495,0.03709110570424439
Hungary,2017,5-9,699,18495,0.03779399837793999
Hungary,2017,10+,3352,18495,0.1812381724790484
Hungary,2017,10+,2629,18495,0.1421465260881319
Hungary,2017,10+,2300,18495,0.12435793457691267
Hungary,2017,10+,3484,18495,0.18837523655041905
Hungary,2016,0-1,237,19552,0.01212152209492635
Hungary,2016,0-1,673,19552,0.03442103109656301
Hungary,2016,1-2,753,19552,0.03851268412438625
Hungary,2016,3-4,754,19552,0.03856382978723404
Hungary,2016,3-4,797,19552,0.04076309328968904
Hungary,2016,5-9,783,19552,0.04004705400981997
Hungary,2016,5-9,749,19552,0.03830810147299509
Hungary,2016,5-9,817,19552,0.04178600654664485
Hungary,2016,5-9,829,19552,0.04239975450081833
Hungary,2016,5-9,798,19552,0.04081423895253682
Hungary,2016,10+,3656,19552,0.1869885433715221
Hungary,2016,10+,2790,19552,0.1426963993453355
Hungary,2016,10+,2417,19552,0.12361906710310966
Hungary,2016,10+,3499,19552,0.17895867430441897
Hungary,2015,0-1,209,20315,0.010287964558208221
Hungary,2015,0-1,631,20315,0.03106079251784396
Hungary,2015,1-2,785,20315,0.038641397981786854
Hungary,2015,3-4,839,20315,0.04129953236524735
Hungary,2015,3-4,787,20315,0.038739847403396505
Hungary,2015,5-9,790,20315,0.03888752153581098
Hungary,2015,5-9,836,20315,0.041151858232832884
Hungary,2015,5-9,874,20315,0.043022397243416194
Hungary,2015,5-9,886,20315,0.04361309377307408
Hungary,2015,5-9,873,20315,0.04297317253261137
Hungary,2015,10+,3768,20315,0.1854787103125769
Hungary,2015,10+,2927,20315,0.1440807285257199
Hungary,2015,10+,2543,20315,0.1251784395766675
Hungary,2015,10+,3567,20315,0.1755845434408073
Hungary,2013,0-1,205,20209,0.01014399524964125
Hungary,2013,0-1,588,20209,0.02909594735019051
Hungary,2013,1-2,854,20209,0.04225839972289574
Hungary,2013,3-4,845,20209,0.04181305358998466
Hungary,2013,3-4,958,20209,0.04740462170320155
Hungary,2013,5-9,953,20209,0.04715720718491761
Hungary,2013,5-9,963,20209,0.04765203622148548
Hungary,2013,5-9,935,20209,0.046266514919095454
Hungary,2013,5-9,872,20209,0.0431490919887179
Hungary,2013,5-9,855,20209,0.04230788262655252
Hungary,2013,10+,3563,20209,0.17630758572913058
Hungary,2013,10+,2966,20209,0.146766292246029
Hungary,2013,10+,2566,20209,0.12697313078331438
Hungary,2013,10+,3086,20209,0.1527042406848434
Hungary,2012,0-1,210,21830,0.00961978928080623
Hungary,2012,0-1,672,21830,0.030783325698579937
Hungary,2012,1-2,819,21830,0.037517178195144295
Hungary,2012,3-4,912,21830,0.04177737059092991
Hungary,2012,3-4,1043,21830,0.04777828676133761
Hungary,2012,5-9,1128,21830,0.05167201099404489
Hungary,2012,5-9,1035,21830,0.04741181859825928
Hungary,2012,5-9,952,21830,0.043609711406321576
Hungary,2012,5-9,971,21830,0.04448007329363261
Hungary,2012,5-9,886,21830,0.040586349060925335
Hungary,2012,10+,802,21830,0.03673843334860284
Hungary,2012,10+,860,21830,0.03939532753092075
Hungary,2012,10+,760,21830,0.03481447549244159
Hungary,2012,10+,669,21830,0.03064590013742556
Hungary,2012,10+,649,21830,0.02972972972972973
Hungary,2012,10+,651,21830,0.029821346770499312
Hungary,2012,10+,700,21830,0.0320659642693541
Hungary,2012,10+,685,21830,0.03137883646358223
Hungary,2012,10+,673,21830,0.030829134218964726
Hungary,2012,10+,584,21830,0.02675217590471828
Hungary,2012,10+,637,21830,0.029180027485112232
Hungary,2012,10+,657,21830,0.030096197892808062
Hungary,2012,10+,579,21830,0.026523133302794318
Hungary,2012,10+,527,21830,0.024141090242785157
Hungary,2012,10+,471,21830,0.02157581310123683
Hungary,2012,10+,409,21830,0.01873568483737975
Hungary,2012,10+,389,21830,0.017819514429683922
Hungary,2012,10+,361,21830,0.01653687585890976
Hungary,2012,10+,310,21830,0.014200641319285386
Hungary,2012,10+,244,21830,0.011177278973889144
Hungary,2012,10+,234,21830,0.010719193770041227
Hungary,2012,10+,204,21830,0.009344938158497481
Hungary,2012,10+,172,21830,0.00787906550618415
Hungary,2012,10+,154,21830,0.007054512139257902
Hungary,2012,10+,127,21830,0.00581768208886853
Hungary,2012,10+,694,21830,0.03179111314704535
Hungary,2011,0-1,253,23335,0.010842082708377974
Hungary,2011,0-1,658,23335,0.028197985858152988
Hungary,2011,1-2,1001,23335,0.04289693593314763
Hungary,2011,3-4,1135,23335,0.04863938290122134
Hungary,2011,3-4,1080,23335,0.046282408399400045
Hungary,2011,5-9,1086,23335,0.04653953289050782
Hungary,2011,5-9,1022,23335,0.04379687165202486
Hungary,2011,5-9,1023,23335,0.04383972573387615
Hungary,2011,5-9,1000,23335,0.042854081851296334
Hungary,2011,5-9,908,23335,0.03891150632097707
Hungary,2011,10+,912,23335,0.03908292264838226
Hungary,2011,10+,836,23335,0.03582601242768374
Hungary,2011,10+,829,23335,0.035526033854724665
Hungary,2011,10+,674,23335,0.028883651167773732
Hungary,2011,10+,737,23335,0.0315834583244054
Hungary,2011,10+,706,23335,0.030254981787015214
Hungary,2011,10+,732,23335,0.031369187915148915
Hungary,2011,10+,684,23335,0.029312191986286693
Hungary,2011,10+,702,23335,0.030083565459610027
Hungary,2011,10+,710,23335,0.030426398114420397
Hungary,2011,10+,705,23335,0.030212127705163915
Hungary,2011,10+,656,23335,0.028112277694450398
Hungary,2011,10+,623,23335,0.026698092993357618
Hungary,2011,10+,517,23335,0.022155560317120206
Hungary,2011,10+,496,23335,0.021255624598242984
Hungary,2011,10+,454,23335,0.019455753160488535
Hungary,2011,10+,457,23335,0.019584315406042427
Hungary,2011,10+,388,23335,0.01662738375830298
Hungary,2011,10+,346,23335,0.014827512320548531
Hungary,2011,10+,262,23335,0.01122776944503964
Hungary,2011,10+,249,23335,0.010670666380972787
Hungary,2011,10+,201,23335,0.008613670452110563
Hungary,2011,10+,230,23335,0.009856438825798158
Hungary,2011,10+,170,23335,0.007285193914720377
Hungary,2011,10+,170,23335,0.007285193914720377
Hungary,2011,10+,723,23335,0.03098350117848725
Hungary,2010,0-1,235,23873,0.009843756545050894
Hungary,2010,0-1,861,23873,0.036065848448037535
Hungary,2010,1-2,1011,23873,0.04234909730658066
Hungary,2010,3-4,1169,23873,0.048967452770912745
Hungary,2010,3-4,1154,23873,0.04833912788505843
Hungary,2010,5-9,1039,23873,0.04352197042684204
Hungary,2010,5-9,1049,23873,0.04394085368407825
Hungary,2010,5-9,1023,23873,0.04285175721526411
Hungary,2010,5-9,938,23873,0.03929124952875634
Hungary,2010,5-9,924,23873,0.03870481296862564
Hungary,2010,10+,920,23873,0.03853725966573116
Hungary,2010,10+,854,23873,0.035772630167972184
Hungary,2010,10+,756,23873,0.031667574247057344
Hungary,2010,10+,784,23873,0.032840447367318726
Hungary,2010,10+,794,23873,0.03325933062455494
Hungary,2010,10+,718,23873,0.030075817869559755
Hungary,2010,10+,721,23873,0.030201482846730618
Hungary,2010,10+,765,23873,0.03204456917856993
Hungary,2010,10+,780,23873,0.032672894064424245
Hungary,2010,10+,813,23873,0.03405520881330373
Hungary,2010,10+,810,23873,0.03392954383613287
Hungary,2010,10+,679,23873,0.02844217316633854
Hungary,2010,10+,560,23873,0.023457462405227662
Hungary,2010,10+,550,23873,0.023038579147991456
Hungary,2010,10+,477,23873,0.019980731370167135
Hungary,2010,10+,472,23873,0.01977128974154903
Hungary,2010,10+,382,23873,0.016001340426423157
Hungary,2010,10+,365,23873,0.015289238889121601
Hungary,2010,10+,318,23873,0.013320487580111423
Hungary,2010,10+,283,23873,0.011854396179784694
Hungary,2010,10+,272,23873,0.011393624596824865
Hungary,2010,10+,197,23873,0.008252000167553303
Hungary,2010,10+,217,23873,0.00908976668202572
Hungary,2010,10+,178,23873,0.0074561219788045075
Hungary,2010,10+,177,23873,0.007414233653080886
Hungary,2010,10+,628,23873,0.02630586855443388
Hungary,2009,0-1,267,23820,0.011209068010075566
Hungary,2009,0-1,814,23820,0.03417296389588581
Hungary,2009,1-2,1058,23820,0.04441645675902603
Hungary,2009,3-4,1130,23820,0.04743912678421495
Hungary,2009,3-4,1120,23820,0.047019311502938706
Hungary,2009,5-9,1133,23820,0.04756507136859782
Hungary,2009,5-9,1082,23820,0.045424013434089
Hungary,2009,5-9,1018,23820,0.042737195633921074
Hungary,2009,5-9,1030,23820,0.04324097397145256
Hungary,2009,5-9,1019,23820,0.042779177162048695
Hungary,2009,10+,835,23820,0.03505457598656591
Hungary,2009,10+,791,23820,0.03320738874895046
Hungary,2009,10+,766,23820,0.03215785054575986
Hungary,2009,10+,791,23820,0.03320738874895046
Hungary,2009,10+,852,23820,0.035768261964735516
Hungary,2009,10+,768,23820,0.03224181360201511
Hungary,2009,10+,757,23820,0.03178001679261125
Hungary,2009,10+,771,23820,0.032367758186397984
Hungary,2009,10+,733,23820,0.030772460117548278
Hungary,2009,10+,784,23820,0.0329135180520571
Hungary,2009,10+,646,23820,0.027120067170445003
Hungary,2009,10+,643,23820,0.02699412258606213
Hungary,2009,10+,603,23820,0.02531486146095718
Hungary,2009,10+,571,23820,0.023971452560873217
Hungary,2009,10+,494,23820,0.02073887489504618
Hungary,2009,10+,440,23820,0.018471872376154493
Hungary,2009,10+,363,23820,0.015239294710327455
Hungary,2009,10+,321,23820,0.013476070528967255
Hungary,2009,10+,304,23820,0.012762384550797649
Hungary,2009,10+,266,23820,0.011167086481947943
Hungary,2009,10+,245,23820,0.010285474391267842
Hungary,2009,10+,266,23820,0.011167086481947943
Hungary,2009,10+,210,23820,0.008816120906801008
Hungary,2009,10+,172,23820,0.007220822837951301
Hungary,2009,10+,172,23820,0.007220822837951301
Hungary,2009,10+,585,23820,0.02455919395465995
Hungary,2008,0-1,265,25155,0.010534684953289604
Hungary,2008,0-1,969,25155,0.038521168753726895
Hungary,2008,1-2,1130,25155,0.044921486781951896
Hungary,2008,3-4,1133,25155,0.045040747366328765
Hungary,2008,3-4,1182,25155,0.0469886702444842
Hungary,2008,5-9,1242,25155,0.04937388193202147
Hungary,2008,5-9,1144,25155,0.04547803617571059
Hungary,2008,5-9,1089,25155,0.04329159212880143
Hungary,2008,5-9,1032,25155,0.041025641025641026
Hungary,2008,5-9,932,25155,0.03705028821307891
Hungary,2008,10+,901,25155,0.035817928841184656
Hungary,2008,10+,928,25155,0.036891274100576424
Hungary,2008,10+,836,25155,0.03323394951301928
Hungary,2008,10+,858,25155,0.034108527131782945
Hungary,2008,10+,889,25155,0.0353408865036772
Hungary,2008,10+,840,25155,0.033392963625521764
Hungary,2008,10+,810,25155,0.03220035778175313
Hungary,2008,10+,844,25155,0.03355197773802425
Hungary,2008,10+,817,25155,0.03247863247863248
Hungary,2008,10+,753,25155,0.029934406678592724
Hungary,2008,10+,697,25155,0.02770820910355794
Hungary,2008,10+,685,25155,0.027231166766050488
Hungary,2008,10+,587,25155,0.023335321009739615
Hungary,2008,10+,544,25155,0.021625919300337904
Hungary,2008,10+,505,25155,0.02007553170343868
Hungary,2008,10+,463,25155,0.018405883522162592
Hungary,2008,10+,402,25155,0.0159809183064997
Hungary,2008,10+,367,25155,0.014589544822102962
Hungary,2008,10+,351,25155,0.013953488372093023
Hungary,2008,10+,325,25155,0.012919896640826873
Hungary,2008,10+,274,25155,0.010892466706420195
Hungary,2008,10+,263,25155,0.010455177897038362
Hungary,2008,10+,217,25155,0.008626515603259789
Hungary,2008,10+,177,25155,0.007036374478234944
Hungary,2008,10+,144,25155,0.005724508050089445
Hungary,2008,10+,560,25155,0.022261975750347843
Hungary,2007,0-1,324,25160,0.01287758346581876
Hungary,2007,0-1,907,25160,0.03604928457869634
Hungary,2007,1-2,1112,25160,0.044197138314785375
Hungary,2007,3-4,1263,25160,0.050198728139904614
Hungary,2007,3-4,1231,25160,0.048926868044515105
Hungary,2007,5-9,1273,25160,0.05059618441971383
Hungary,2007,5-9,1129,25160,0.04487281399046105
Hungary,2007,5-9,1094,25160,0.043481717011128775
Hungary,2007,5-9,992,25160,0.03942766295707472
Hungary,2007,5-9,917,25160,0.036446740858505564
Hungary,2007,10+,931,25160,0.03700317965023847
Hungary,2007,10+,930,25160,0.03696343402225755
Hungary,2007,10+,933,25160,0.03708267090620032
Hungary,2007,10+,894,25160,0.03553259141494436
Hungary,2007,10+,866,25160,0.034419713831478536
Hungary,2007,10+,855,25160,0.0339825119236884
Hungary,2007,10+,898,25160,0.035691573926868045
Hungary,2007,10+,856,25160,0.034022257551669315
Hungary,2007,10+,784,25160,0.031160572337042926
Hungary,2007,10+,704,25160,0.027980922098569158
Hungary,2007,10+,688,25160,0.027344992050874404
Hungary,2007,10+,635,25160,0.025238473767885534
Hungary,2007,10+,614,25160,0.02440381558028617
Hungary,2007,10+,537,25160,0.021343402225755165
Hungary,2007,10+,470,25160,0.018680445151033388
Hungary,2007,10+,452,25160,0.017965023847376787
Hungary,2007,10+,367,25160,0.01458664546899841
Hungary,2007,10+,363,25160,0.014427662957074722
Hungary,2007,10+,322,25160,0.012798092209856915
Hungary,2007,10+,338,25160,0.01343402225755167
Hungary,2007,10+,260,25160,0.010333863275039745
Hungary,2007,10+,244,25160,0.009697933227344992
Hungary,2007,10+,208,25160,0.008267090620031796
Hungary,2007,10+,156,25160,0.006200317965023848
Hungary,2007,10+,134,25160,0.005325914149443561
Hungary,2007,10+,479,25160,0.019038155802861684
Hungary,2004,0-1,328,24638,0.013312768893579024
Hungary,2004,0-1,969,24638,0.03932949103011608
Hungary,2004,1-2,1163,24638,0.04720350677814758
Hungary,2004,3-4,1239,24638,0.050288172741293935
Hungary,2004,3-4,1274,24638,0.05170874259274292
Hungary,2004,5-9,1158,24638,0.04700056822794058
Hungary,2004,5-9,1062,24638,0.04310414806396623
Hungary,2004,5-9,1016,24638,0.041237113402061855
Hungary,2004,5-9,1057,24638,0.04290120951375923
Hungary,2004,5-9,1041,24638,0.042251806153096844
Hungary,2004,10+,4747,24638,0.19266985956652324
Hungary,2004,10+,3790,24638,0.15382742105690397
Hungary,2004,10+,2670,24638,0.10836918581053658
Hungary,2004,10+,3124,24638,0.12679600616933193
Hungary,1997,0-1,367,24992,0.014684699103713188
Hungary,1997,0-1,1063,24992,0.04253361075544174
Hungary,1997,1-2,1373,24992,0.054937580025608196
Hungary,1997,3-4,1428,24992,0.057138284250960306
Hungary,1997,3-4,1398,24992,0.05593790012804097
Hungary,1997,5-9,1435,24992,0.057418373879641486
Hungary,1997,5-9,1430,24992,0.05721830985915493
Hungary,1997,5-9,1232,24992,0.04929577464788732
Hungary,1997,5-9,1224,24992,0.04897567221510883
Hungary,1997,5-9,1086,24992,0.043453905249679896
Hungary,1997,10+,4616,24992,0.18469910371318823
Hungary,1997,10+,3552,24992,0.14212548015364918
Hungary,1997,10+,4788,24992,0.19158130601792572
Hungary,1996,0-1,319,22590,0.014121292607348384
Hungary,1996,0-1,1053,22590,0.04661354581673307
Hungary,1996,1-2,1255,22590,0.05555555555555555
Hungary,1996,3-4,1375,22590,0.06086764054891545
Hungary,1996,3-4,1402,22590,0.06206285967242142
Hungary,1996,5-9,1353,22590,0.0598937583001328
Hungary,1996,5-9,1325,22590,0.05865427180168216
Hungary,1996,5-9,1101,22590,0.048738379814077026
Hungary,1996,5-9,955,22590,0.04227534307215582
Hungary,1996,5-9,952,22590,0.042142540947321824
Hungary,1996,10+,3984,22590,0.17636122177954847
Hungary,1996,10+,3043,22590,0.13470562195661798
Hungary,1996,10+,4473,22590,0.19800796812749005
Hungary,1995,0-1,272,24857,0.010942591624089794
Hungary,1995,0-1,1026,24857,0.04127609928792694
Hungary,1995,1-2,1448,24857,0.05825320835177214
Hungary,1995,3-4,1545,24857,0.06215552962948063
Hungary,1995,3-4,1627,24857,0.06545439916321358
Hungary,1995,5-9,1512,24857,0.06082793579273444
Hungary,1995,5-9,1342,24857,0.05398881602767832
Hungary,1995,5-9,1222,24857,0.049161202075874
Hungary,1995,5-9,1181,24857,0.047511767309007524
Hungary,1995,5-9,1115,24857,0.04485657963551515
Hungary,1995,10+,4355,24857,0.1752021563342318
Hungary,1995,10+,3814,24857,0.15343766343484733
Hungary,1995,10+,4398,24857,0.17693205133362835
Iceland,2020,0-1,7,691,0.010130246020260492
Iceland,2020,0-1,16,691,0.023154848046309694
Iceland,2020,1-2,28,691,0.04052098408104197
Iceland,2020,3-4,23,691,0.03328509406657019
Iceland,2020,3-4,40,691,0.05788712011577424
Iceland,2020,5-9,22,691,0.03183791606367583
Iceland,2020,5-9,31,691,0.04486251808972504
Iceland,2020,5-9,19,691,0.027496382054992764
Iceland,2020,5-9,25,691,0.0361794500723589
Iceland,2020,5-9,22,691,0.03183791606367583
Iceland,2020,10+,104,691,0.15050651230101303
Iceland,2020,10+,61,691,0.08827785817655572
Iceland,2020,10+,32,691,0.04630969609261939
Iceland,2020,10+,33,691,0.04775687409551375
Iceland,2011,0-1,6,516,0.011627906976744186
Iceland,2011,0-1,16,516,0.031007751937984496
Iceland,2011,1-2,20,516,0.03875968992248062
Iceland,2011,3-4,37,516,0.07170542635658915
Iceland,2011,3-4,36,516,0.06976744186046512
Iceland,2011,5-9,38,516,0.07364341085271318
Iceland,2011,5-9,28,516,0.05426356589147287
Iceland,2011,5-9,20,516,0.03875968992248062
Iceland,2011,5-9,33,516,0.06395348837209303
Iceland,2011,5-9,16,516,0.031007751937984496
Iceland,2011,10+,21,516,0.040697674418604654
Iceland,2011,10+,23,516,0.044573643410852716
Iceland,2011,10+,24,516,0.046511627906976744
Iceland,2011,10+,12,516,0.023255813953488372
Iceland,2011,10+,21,516,0.040697674418604654
Iceland,2011,10+,13,516,0.025193798449612403
Iceland,2011,10+,14,516,0.027131782945736434
Iceland,2011,10+,13,516,0.025193798449612403
Iceland,2011,10+,13,516,0.025193798449612403
Iceland,2011,10+,10,516,0.01937984496124031
Iceland,2011,10+,11,516,0.02131782945736434
Iceland,2011,10+,5,516,0.009689922480620155
Iceland,2011,10+,6,516,0.011627906976744186
Iceland,2011,10+,8,516,0.015503875968992248
Iceland,2011,10+,7,516,0.013565891472868217
Iceland,2011,10+,9,516,0.01744186046511628
Iceland,2011,10+,7,516,0.013565891472868217
Iceland,2011,10+,2,516,0.003875968992248062
Iceland,2011,10+,6,516,0.011627906976744186
Iceland,2011,10+,4,516,0.007751937984496124
Iceland,2011,10+,3,516,0.005813953488372093
Iceland,2011,10+,3,516,0.005813953488372093
Iceland,2011,10+,4,516,0.007751937984496124
Iceland,2011,10+,5,516,0.009689922480620155
Iceland,2011,10+,2,516,0.003875968992248062
Iceland,2011,10+,18,516,0.03488372093023256
Iceland,2010,0-1,9,563,0.015985790408525755
Iceland,2010,0-1,9,563,0.015985790408525755
Iceland,2010,1-2,40,563,0.07104795737122557
Iceland,2010,3-4,40,563,0.07104795737122557
Iceland,2010,3-4,38,563,0.0674955595026643
Iceland,2010,5-9,35,563,0.06216696269982238
Iceland,2010,5-9,30,563,0.05328596802841918
Iceland,2010,5-9,26,563,0.046181172291296625
Iceland,2010,5-9,25,563,0.04440497335701599
Iceland,2010,5-9,34,563,0.06039076376554174
Iceland,2010,10+,16,563,0.028419182948490232
Iceland,2010,10+,25,563,0.04440497335701599
Iceland,2010,10+,28,563,0.0497335701598579
Iceland,2010,10+,14,563,0.02486678507992895
Iceland,2010,10+,12,563,0.021314387211367674
Iceland,2010,10+,17,563,0.03019538188277087
Iceland,2010,10+,10,563,0.017761989342806393
Iceland,2010,10+,9,563,0.015985790408525755
Iceland,2010,10+,12,563,0.021314387211367674
Iceland,2010,10+,15,563,0.02664298401420959
Iceland,2010,10+,4,563,0.007104795737122558
Iceland,2010,10+,10,563,0.017761989342806393
Iceland,2010,10+,7,563,0.012433392539964476
Iceland,2010,10+,10,563,0.017761989342806393
Iceland,2010,10+,9,563,0.015985790408525755
Iceland,2010,10+,8,563,0.014209591474245116
Iceland,2010,10+,8,563,0.014209591474245116
Iceland,2010,10+,4,563,0.007104795737122558
Iceland,2010,10+,5,563,0.008880994671403197
Iceland,2010,10+,7,563,0.012433392539964476
Iceland,2010,10+,5,563,0.008880994671403197
Iceland,2010,10+,6,563,0.010657193605683837
Iceland,2010,10+,7,563,0.012433392539964476
Iceland,2010,10+,4,563,0.007104795737122558
Iceland,2010,10+,1,563,0.0017761989342806395
Iceland,2010,10+,17,563,0.03019538188277087
Iceland,2009,0-1,10,550,0.01818181818181818
Iceland,2009,0-1,24,550,0.04363636363636364
Iceland,2009,1-2,37,550,0.06727272727272728
Iceland,2009,3-4,34,550,0.06181818181818182
Iceland,2009,3-4,26,550,0.04727272727272727
Iceland,2009,5-9,38,550,0.06909090909090909
Iceland,2009,5-9,33,550,0.06
Iceland,2009,5-9,25,550,0.045454545454545456
Iceland,2009,5-9,34,550,0.06181818181818182
Iceland,2009,5-9,33,550,0.06
Iceland,2009,10+,23,550,0.04181818181818182
Iceland,2009,10+,13,550,0.023636363636363636
Iceland,2009,10+,14,550,0.025454545454545455
Iceland,2009,10+,9,550,0.016363636363636365
Iceland,2009,10+,9,550,0.016363636363636365
Iceland,2009,10+,12,550,0.02181818181818182
Iceland,2009,10+,13,550,0.023636363636363636
Iceland,2009,10+,17,550,0.03090909090909091
Iceland,2009,10+,8,550,0.014545454545454545
Iceland,2009,10+,7,550,0.012727272727272728
Iceland,2009,10+,7,550,0.012727272727272728
Iceland,2009,10+,9,550,0.016363636363636365
Iceland,2009,10+,7,550,0.012727272727272728
Iceland,2009,10+,4,550,0.007272727272727273
Iceland,2009,10+,8,550,0.014545454545454545
Iceland,2009,10+,5,550,0.00909090909090909
Iceland,2009,10+,4,550,0.007272727272727273
Iceland,2009,10+,8,550,0.014545454545454545
Iceland,2009,10+,7,550,0.012727272727272728
Iceland,2009,10+,8,550,0.014545454545454545
Iceland,2009,10+,5,550,0.00909090909090909
Iceland,2009,10+,5,550,0.00909090909090909
Iceland,2009,10+,6,550,0.01090909090909091
Iceland,2009,10+,5,550,0.00909090909090909
Iceland,2009,10+,7,550,0.012727272727272728
Iceland,2009,10+,33,550,0.06
Iceland,2008,0-1,5,549,0.009107468123861567
Iceland,2008,0-1,23,549,0.04189435336976321
Iceland,2008,1-2,33,549,0.060109289617486336
Iceland,2008,3-4,33,549,0.060109289617486336
Iceland,2008,3-4,62,549,0.11293260473588343
Iceland,2008,5-9,30,549,0.0546448087431694
Iceland,2008,5-9,28,549,0.051001821493624776
Iceland,2008,5-9,27,549,0.04918032786885246
Iceland,2008,5-9,29,549,0.052823315118397086
Iceland,2008,5-9,31,549,0.056466302367941715
Iceland,2008,10+,17,549,0.030965391621129327
Iceland,2008,10+,14,549,0.025500910746812388
Iceland,2008,10+,21,549,0.03825136612021858
Iceland,2008,10+,15,549,0.0273224043715847
Iceland,2008,10+,16,549,0.029143897996357013
Iceland,2008,10+,10,549,0.018214936247723135
Iceland,2008,10+,13,549,0.023679417122040074
Iceland,2008,10+,10,549,0.018214936247723135
Iceland,2008,10+,9,549,0.01639344262295082
Iceland,2008,10+,10,549,0.018214936247723135
Iceland,2008,10+,10,549,0.018214936247723135
Iceland,2008,10+,15,549,0.0273224043715847
Iceland,2008,10+,9,549,0.01639344262295082
Iceland,2008,10+,3,549,0.00546448087431694
Iceland,2008,10+,10,549,0.018214936247723135
Iceland,2008,10+,12,549,0.02185792349726776
Iceland,2008,10+,6,549,0.01092896174863388
Iceland,2008,10+,3,549,0.00546448087431694
Iceland,2008,10+,8,549,0.014571948998178506
Iceland,2008,10+,2,549,0.0036429872495446266
Iceland,2008,10+,5,549,0.009107468123861567
Iceland,2008,10+,2,549,0.0036429872495446266
Iceland,2008,10+,2,549,0.0036429872495446266
Iceland,2008,10+,3,549,0.00546448087431694
Iceland,2008,10+,3,549,0.00546448087431694
Iceland,2008,10+,16,549,0.029143897996357013
Iceland,2007,0-1,10,515,0.019417475728155338
Iceland,2007,0-1,22,515,0.04271844660194175
Iceland,2007,1-2,31,515,0.06019417475728155
Iceland,2007,3-4,32,515,0.062135922330097085
Iceland,2007,3-4,47,515,0.0912621359223301
Iceland,2007,5-9,36,515,0.06990291262135923
Iceland,2007,5-9,34,515,0.06601941747572816
Iceland,2007,5-9,19,515,0.036893203883495145
Iceland,2007,5-9,21,515,0.040776699029126215
Iceland,2007,5-9,23,515,0.04466019417475728
Iceland,2007,10+,22,515,0.04271844660194175
Iceland,2007,10+,11,515,0.021359223300970873
Iceland,2007,10+,14,515,0.027184466019417475
Iceland,2007,10+,12,515,0.02330097087378641
Iceland,2007,10+,10,515,0.019417475728155338
Iceland,2007,10+,8,515,0.015533980582524271
Iceland,2007,10+,14,515,0.027184466019417475
Iceland,2007,10+,15,515,0.02912621359223301
Iceland,2007,10+,10,515,0.019417475728155338
Iceland,2007,10+,11,515,0.021359223300970873
Iceland,2007,10+,9,515,0.017475728155339806
Iceland,2007,10+,12,515,0.02330097087378641
Iceland,2007,10+,6,515,0.011650485436893204
Iceland,2007,10+,8,515,0.015533980582524271
Iceland,2007,10+,3,515,0.005825242718446602
Iceland,2007,10+,4,515,0.007766990291262136
Iceland,2007,10+,4,515,0.007766990291262136
Iceland,2007,10+,10,515,0.019417475728155338
Iceland,2007,10+,7,515,0.013592233009708738
Iceland,2007,10+,7,515,0.013592233009708738
Iceland,2007,10+,4,515,0.007766990291262136
Iceland,2007,10+,7,515,0.013592233009708738
Iceland,2007,10+,5,515,0.009708737864077669
Iceland,2007,10+,6,515,0.011650485436893204
Iceland,2007,10+,1,515,0.001941747572815534
Iceland,2007,10+,19,515,0.036893203883495145
Iceland,2006,0-1,5,498,0.010040160642570281
Iceland,2006,0-1,19,498,0.03815261044176707
Iceland,2006,1-2,19,498,0.03815261044176707
Iceland,2006,3-4,27,498,0.05421686746987952
Iceland,2006,3-4,25,498,0.050200803212851405
Iceland,2006,5-9,36,498,0.07228915662650602
Iceland,2006,5-9,41,498,0.0823293172690763
Iceland,2006,5-9,27,498,0.05421686746987952
Iceland,2006,5-9,26,498,0.05220883534136546
Iceland,2006,5-9,25,498,0.050200803212851405
Iceland,2006,10+,80,498,0.1606425702811245
Iceland,2006,10+,47,498,0.09437751004016064
Iceland,2006,10+,40,498,0.08032128514056225
Iceland,2006,10+,78,498,0.1566265060240964
Iceland,2004,0-1,7,552,0.012681159420289856
Iceland,2004,0-1,28,552,0.050724637681159424
Iceland,2004,1-2,22,552,0.03985507246376811
Iceland,2004,3-4,46,552,0.08333333333333333
Iceland,2004,3-4,35,552,0.06340579710144928
Iceland,2004,5-9,37,552,0.06702898550724638
Iceland,2004,5-9,25,552,0.04528985507246377
Iceland,2004,5-9,27,552,0.04891304347826087
Iceland,2004,5-9,25,552,0.04528985507246377
Iceland,2004,5-9,16,552,0.028985507246376812
Iceland,2004,10+,76,552,0.13768115942028986
Iceland,2004,10+,73,552,0.1322463768115942
Iceland,2004,10+,49,552,0.08876811594202899
Iceland,2004,10+,84,552,0.15217391304347827
Iceland,1999,0-1,8,473,0.016913319238900635
Iceland,1999,0-1,13,473,0.02748414376321353
Iceland,1999,1-2,19,473,0.040169133192389
Iceland,1999,3-4,27,473,0.05708245243128964
Iceland,1999,3-4,20,473,0.042283298097251586
Iceland,1999,5-9,26,473,0.05496828752642706
Iceland,1999,5-9,27,473,0.05708245243128964
Iceland,1999,5-9,20,473,0.042283298097251586
Iceland,1999,5-9,18,473,0.03805496828752643
Iceland,1999,5-9,16,473,0.03382663847780127
Iceland,1999,10+,81,473,0.17124735729386892
Iceland,1999,10+,68,473,0.14376321353065538
Iceland,1999,10+,129,473,0.2727272727272727
Iceland,1996,0-1,5,530,0.009433962264150943
Iceland,1996,0-1,16,530,0.03018867924528302
Iceland,1996,1-2,20,530,0.03773584905660377
Iceland,1996,3-4,25,530,0.04716981132075472
Iceland,1996,3-4,24,530,0.045283018867924525
Iceland,1996,5-9,26,530,0.04905660377358491
Iceland,1996,5-9,22,530,0.04150943396226415
Iceland,1996,5-9,29,530,0.05471698113207547
Iceland,1996,5-9,20,530,0.03773584905660377
Iceland,1996,5-9,24,530,0.045283018867924525
Iceland,1996,10+,93,530,0.17547169811320754
Iceland,1996,10+,78,530,0.1471698113207547
Iceland,1996,10+,147,530,0.27735849056603773
Italy,2016,0-1,6,99071,6.056262680299987e-5
Italy,2016,0-1,156,99071,0.0015746282968779966
Italy,2016,1-2,708,99071,0.0071463899627539846
Italy,2016,3-4,1245,99071,0.012566745061622473
Italy,2016,3-4,2017,99071,0.02035913637694179
Italy,2016,5-9,2407,99071,0.02429570711913678
Italy,2016,5-9,2939,99071,0.029665593362336103
Italy,2016,5-9,3632,99071,0.03666057675808259
Italy,2016,5-9,4014,99071,0.04051639733120691
Italy,2016,5-9,4020,99071,0.04057695995800991
Italy,2016,10+,18450,99071,0.1862300774192246
Italy,2016,10+,16785,99071,0.16942394848139214
Italy,2016,10+,14085,99071,0.1421707664200422
Italy,2016,10+,28607,99071,0.2887525108255695
Italy,2015,0-1,21,82469,2.546411378821133e-4
Italy,2015,0-1,152,82469,0.001843116807527677
Italy,2015,1-2,495,82469,0.006002255392935528
Italy,2015,3-4,1038,82469,0.012586547672458741
Italy,2015,3-4,1741,82469,0.02111096290727425
Italy,2015,5-9,2419,82469,0.029332233930325333
Italy,2015,5-9,3227,82469,0.03912985485455141
Italy,2015,5-9,3577,82469,0.0433738738192533
Italy,2015,5-9,3355,82469,0.04068195321878524
Italy,2015,5-9,3239,82469,0.03927536407619833
Italy,2015,10+,15814,82469,0.19175690259370187
Italy,2015,10+,13434,82469,0.16289757363372903
Italy,2015,10+,11577,82469,0.14038002158386786
Italy,2015,10+,21856,82469,0.265020795692927
Italy,2010,0-1,2,54160,3.692762186115214e-5
Italy,2010,0-1,8,54160,1.4771048744460856e-4
Italy,2010,1-2,7,54160,1.292466765140325e-4
Italy,2010,3-4,45,54160,8.308714918759232e-4
Italy,2010,3-4,526,54160,0.009711964549483013
Italy,2010,5-9,1370,54160,0.025295420974889217
Italy,2010,5-9,1913,54160,0.03532127031019203
Italy,2010,5-9,2332,54160,0.043057607090103395
Italy,2010,5-9,2537,54160,0.04684268833087149
Italy,2010,5-9,2645,54160,0.04883677991137371
Italy,2010,10+,2669,54160,0.04927991137370753
Italy,2010,10+,2391,54160,0.044146971935007384
Italy,2010,10+,2356,54160,0.043500738552437225
Italy,2010,10+,2158,54160,0.03984490398818316
Italy,2010,10+,2036,54160,0.03759231905465288
Italy,2010,10+,2211,54160,0.040823485967503695
Italy,2010,10+,2053,54160,0.03790620384047268
Italy,2010,10+,2207,54160,0.04074963072378139
Italy,2010,10+,2192,54160,0.040472673559822744
Italy,2010,10+,1958,54160,0.036152141802067946
Italy,2010,10+,1790,54160,0.03305022156573117
Italy,2010,10+,1661,54160,0.030668389955686853
Italy,2010,10+,1545,54160,0.02852658788774003
Italy,2010,10+,1369,54160,0.02527695716395864
Italy,2010,10+,1281,54160,0.02365214180206795
Italy,2010,10+,1125,54160,0.02077178729689808
Italy,2010,10+,1077,54160,0.01988552437223043
Italy,2010,10+,1026,54160,0.018943870014771047
Italy,2010,10+,1010,54160,0.01864844903988183
Italy,2010,10+,876,54160,0.016174298375184637
Italy,2010,10+,885,54160,0.016340472673559824
Italy,2010,10+,752,54160,0.013884785819793206
Italy,2010,10+,706,54160,0.013035450516986706
Italy,2010,10+,593,54160,0.01094903988183161
Italy,2010,10+,622,54160,0.011484490398818317
Italy,2010,10+,4226,54160,0.07802806499261447
Italy,2005,0-1,5,47036,1.0630155625478357e-4
Italy,2005,0-1,13,47036,2.7638404626243726e-4
Italy,2005,1-2,37,47036,7.866315162853984e-4
Italy,2005,3-4,260,47036,0.005527680925248746
Italy,2005,3-4,1098,47036,0.023343821753550473
Italy,2005,5-9,1888,47036,0.04013946764180627
Italy,2005,5-9,2288,47036,0.04864359214218896
Italy,2005,5-9,2272,47036,0.04830342716217365
Italy,2005,5-9,2492,47036,0.05298069563738413
Italy,2005,5-9,2547,47036,0.05415001275618675
Italy,2005,10+,9020,47036,0.19176800748362957
Italy,2005,10+,8803,47036,0.18715451994217194
Italy,2005,10+,5985,47036,0.12724296283697592
Italy,2005,10+,10328,47036,0.21957649459988093
Italy,2004,0-1,7,45097,1.552209681353527e-4
Italy,2004,0-1,10,45097,2.2174424019336098e-4
Italy,2004,1-2,33,45097,7.317559926380912e-4
Italy,2004,3-4,309,45097,0.006851897021974854
Italy,2004,3-4,1048,45097,0.02323879637226423
Italy,2004,5-9,1818,45097,0.040313102867153026
Italy,2004,5-9,2133,45097,0.047298046433243895
Italy,2004,5-9,2355,45097,0.05222076856553651
Italy,2004,5-9,2417,45097,0.05359558285473535
Italy,2004,5-9,2421,45097,0.053684280550812695
Italy,2004,10+,8904,45097,0.1974410714681686
Italy,2004,10+,8244,45097,0.1828059516154068
Italy,2004,10+,5708,45097,0.12657161230237043
Italy,2004,10+,9690,45097,0.21487016874736678
Italy,2003,0-1,10,43856,2.2801897117840205e-4
Italy,2003,0-1,18,43856,4.1043414812112365e-4
Italy,2003,1-2,45,43856,0.0010260853703028092
Italy,2003,3-4,333,43856,0.007593031740240788
Italy,2003,3-4,1063,43856,0.024238416636264137
Italy,2003,5-9,1651,43856,0.03764593214155418
Italy,2003,5-9,2143,43856,0.04886446552353156
Italy,2003,5-9,2518,43856,0.057415176942721635
Italy,2003,5-9,2466,43856,0.05622947829259394
Italy,2003,5-9,2403,43856,0.05479295877417001
Italy,2003,10+,8725,43856,0.19894655235315578
Italy,2003,10+,7643,43856,0.1742748996716527
Italy,2003,10+,5440,43856,0.12404232032105071
Italy,2003,10+,9398,43856,0.21429222911346224
Italy,1999,0-1,0,34341,0
Italy,1999,0-1,0,34341,0
Italy,1999,1-2,0,34341,0
Italy,1999,3-4,52,34341,0.0015142249788882094
Italy,1999,3-4,538,34341,0.015666404589266474
Italy,1999,5-9,1163,34341,0.033866224047057455
Italy,1999,5-9,1623,34341,0.04726129116799161
Italy,1999,5-9,1928,34341,0.05614280306339361
Italy,1999,5-9,1953,34341,0.05687079584170525
Italy,1999,5-9,1972,34341,0.0574240703532221
Italy,1999,10+,7900,34341,0.23004571794647796
Italy,1999,10+,5856,34341,0.17052502839171835
Italy,1999,10+,11356,34341,0.33068343962027896
Italy,1998,0-1,0,33510,0
Italy,1998,0-1,0,33510,0
Italy,1998,1-2,0,33510,0
Italy,1998,3-4,59,33510,0.001760668457176962
Italy,1998,3-4,448,33510,0.013369143539242017
Italy,1998,5-9,1100,33510,0.03282602208296031
Italy,1998,5-9,1604,33510,0.04786630856460758
Italy,1998,5-9,2057,33510,0.06138466129513578
Italy,1998,5-9,2003,33510,0.059773202029245
Italy,1998,5-9,1822,33510,0.05437182930468517
Italy,1998,10+,7494,33510,0.22363473589973143
Italy,1998,10+,5982,33510,0.1785138764547896
Italy,1998,10+,10941,33510,0.3264995523724261
Italy,1997,0-1,0,33342,0
Italy,1997,0-1,0,33342,0
Italy,1997,1-2,4,33342,1.1996880810989142e-4
Italy,1997,3-4,56,33342,0.00167956331353848
Italy,1997,3-4,584,33342,0.01751544598404415
Italy,1997,5-9,1198,33342,0.03593065802891248
Italy,1997,5-9,1726,33342,0.05176654069941815
Italy,1997,5-9,1962,33342,0.058844700377901744
Italy,1997,5-9,1856,33342,0.055665526962989625
Italy,1997,5-9,1873,33342,0.05617539439745666
Italy,1997,10+,7335,33342,0.2199928018715134
Italy,1997,10+,5937,33342,0.17806370343710634
Italy,1997,10+,10811,33342,0.32424569611900905
Italy,1996,0-1,0,32717,0
Italy,1996,0-1,0,32717,0
Italy,1996,1-2,4,32717,1.222605984656295e-4
Italy,1996,3-4,74,32717,0.0022618210716141454
Italy,1996,3-4,527,32717,0.016107833847846684
Italy,1996,5-9,1184,32717,0.036189137145826326
Italy,1996,5-9,1620,32717,0.04951554237857994
Italy,1996,5-9,1754,32717,0.05361127242717853
Italy,1996,5-9,1789,32717,0.05468105266375279
Italy,1996,5-9,1631,32717,0.049851759024360426
Italy,1996,10+,7226,32717,0.22086377112815966
Italy,1996,10+,5572,32717,0.17030901366262188
Italy,1996,10+,11336,32717,0.34648653605159396
Italy,1995,0-1,0,27038,0
Italy,1995,0-1,0,27038,0
Italy,1995,1-2,14,27038,5.177897773503957e-4
Italy,1995,3-4,90,27038,0.0033286485686811157
Italy,1995,3-4,553,27038,0.020452696205340633
Italy,1995,5-9,1037,27038,0.03835342850802574
Italy,1995,5-9,1332,27038,0.04926399881648051
Italy,1995,5-9,1435,27038,0.05307345217841556
Italy,1995,5-9,1346,27038,0.0497817885938309
Italy,1995,5-9,1384,27038,0.05118721798949626
Italy,1995,10+,5812,27038,0.21495672756860715
Italy,1995,10+,4968,27038,0.18374140099119757
Italy,1995,10+,9067,27038,0.33534285080257414
Latvia,2023,0-1,25,5312,0.00470632530120482
Latvia,2023,0-1,191,5312,0.03595632530120482
Latvia,2023,1-2,258,5312,0.048569277108433735
Latvia,2023,3-4,271,5312,0.051016566265060244
Latvia,2023,3-4,355,5312,0.06682981927710843
Latvia,2023,5-9,344,5312,0.06475903614457831
Latvia,2023,5-9,322,5312,0.06061746987951807
Latvia,2023,5-9,281,5312,0.05289909638554217
Latvia,2023,5-9,282,5312,0.05308734939759036
Latvia,2023,5-9,244,5312,0.04593373493975904
Latvia,2023,10+,850,5312,0.16001506024096385
Latvia,2023,10+,702,5312,0.13215361445783133
Latvia,2023,10+,339,5312,0.06381777108433735
Latvia,2023,10+,848,5312,0.15963855421686746
Latvia,2022,0-1,30,5407,0.0055483632328463105
Latvia,2022,0-1,157,5407,0.02903643425189569
Latvia,2022,1-2,278,5407,0.05141483262437581
Latvia,2022,3-4,348,5407,0.0643610135010172
Latvia,2022,3-4,357,5407,0.0660255224708711
Latvia,2022,5-9,330,5407,0.061031995561309414
Latvia,2022,5-9,302,5407,0.05585352321065286
Latvia,2022,5-9,333,5407,0.061586831884594045
Latvia,2022,5-9,288,5407,0.05326428703532458
Latvia,2022,5-9,232,5407,0.042907342334011465
Latvia,2022,10+,810,5407,0.1498058072868504
Latvia,2022,10+,677,5407,0.12520806362123174
Latvia,2022,10+,332,5407,0.06140188644349917
Latvia,2022,10+,933,5407,0.17255409654152026
Latvia,2021,0-1,24,4643,0.005169071720870127
Latvia,2021,0-1,125,4643,0.02692224854619858
Latvia,2021,1-2,236,4643,0.050829205255222915
Latvia,2021,3-4,324,4643,0.06978246823174672
Latvia,2021,3-4,306,4643,0.06590566444109412
Latvia,2021,5-9,291,4643,0.06267499461555029
Latvia,2021,5-9,288,4643,0.062028860650441525
Latvia,2021,5-9,248,4643,0.05341374111565798
Latvia,2021,5-9,204,4643,0.04393710962739608
Latvia,2021,5-9,210,4643,0.04522937755761361
Latvia,2021,10+,781,4643,0.16821020891664873
Latvia,2021,10+,563,4643,0.1212578074520784
Latvia,2021,10+,324,4643,0.06978246823174672
Latvia,2021,10+,719,4643,0.15485677363773423
Latvia,2020,0-1,27,5206,0.005186323472915867
Latvia,2020,0-1,198,5206,0.03803303880138302
Latvia,2020,1-2,301,5206,0.057817902420284284
Latvia,2020,3-4,337,5206,0.06473300038417211
Latvia,2020,3-4,334,5206,0.06415674222051479
Latvia,2020,5-9,337,5206,0.06473300038417211
Latvia,2020,5-9,283,5206,0.05436035343834038
Latvia,2020,5-9,256,5206,0.04917402996542451
Latvia,2020,5-9,223,5206,0.042835190165194006
Latvia,2020,5-9,190,5206,0.0364963503649635
Latvia,2020,10+,910,5206,0.17479830964271995
Latvia,2020,10+,547,5206,0.1050710718401844
Latvia,2020,10+,360,5206,0.06915097963887822
Latvia,2020,10+,903,5206,0.17345370726085285
Latvia,2019,0-1,31,5971,0.00519176017417518
Latvia,2019,0-1,208,5971,0.03483503600736895
Latvia,2019,1-2,305,5971,0.05108022106849774
Latvia,2019,3-4,390,5971,0.06531569251381678
Latvia,2019,3-4,398,5971,0.06665550159102328
Latvia,2019,5-9,385,5971,0.06447831184056271
Latvia,2019,5-9,337,5971,0.05643945737732373
Latvia,2019,5-9,287,5971,0.04806565064478312
Latvia,2019,5-9,255,5971,0.04270641433595713
Latvia,2019,5-9,211,5971,0.035337464411321386
Latvia,2019,10+,1128,5971,0.18891307988611622
Latvia,2019,10+,570,5971,0.09546139675096299
Latvia,2019,10+,371,5971,0.06213364595545135
Latvia,2019,10+,1095,5971,0.18338636744263942
Latvia,2018,0-1,18,5967,0.0030165912518853697
Latvia,2018,0-1,219,5967,0.036701860231272
Latvia,2018,1-2,290,5967,0.04860063683593095
Latvia,2018,3-4,388,5967,0.06502430031841797
Latvia,2018,3-4,368,5967,0.061672532260767556
Latvia,2018,5-9,379,5967,0.06351600469247529
Latvia,2018,5-9,335,5967,0.05614211496564438
Latvia,2018,5-9,288,5967,0.048265460030165915
Latvia,2018,5-9,237,5967,0.03971845148315736
Latvia,2018,5-9,215,5967,0.036031506619741915
Latvia,2018,10+,1160,5967,0.1944025473437238
Latvia,2018,10+,528,5967,0.08848667672197084
Latvia,2018,10+,426,5967,0.07139265962795374
Latvia,2018,10+,1116,5967,0.1870286576168929
Latvia,2017,0-1,34,5943,0.005721016321723035
Latvia,2017,0-1,215,5943,0.03617701497560155
Latvia,2017,1-2,346,5943,0.05821975433282854
Latvia,2017,3-4,349,5943,0.05872454989062763
Latvia,2017,3-4,384,5943,0.0646138313982837
Latvia,2017,5-9,351,5943,0.05906108026249369
Latvia,2017,5-9,302,5943,0.0508160861517752
Latvia,2017,5-9,229,5943,0.038532727578663974
Latvia,2017,5-9,222,5943,0.03735487127713276
Latvia,2017,5-9,279,5943,0.046945986875315496
Latvia,2017,10+,1093,5943,0.18391384822480228
Latvia,2017,10+,541,5943,0.09103146558976948
Latvia,2017,10+,432,5943,0.07269056032306916
Latvia,2017,10+,1166,5943,0.1961972067979135
Latvia,2016,0-1,19,6061,0.003134796238244514
Latvia,2016,0-1,241,6061,0.039762415442996205
Latvia,2016,1-2,315,6061,0.0519716218445801
Latvia,2016,3-4,316,6061,0.05213661112027718
Latvia,2016,3-4,368,6061,0.060716053456525323
Latvia,2016,5-9,319,6061,0.05263157894736842
Latvia,2016,5-9,261,6061,0.0430622009569378
Latvia,2016,5-9,288,6061,0.04751691140075895
Latvia,2016,5-9,307,6061,0.050651707639003465
Latvia,2016,5-9,383,6061,0.06319089259198152
Latvia,2016,10+,979,6061,0.16152450090744103
Latvia,2016,10+,530,6061,0.08744431611945223
Latvia,2016,10+,473,6061,0.0780399274047187
Latvia,2016,10+,1262,6061,0.20821646592971457
Latvia,2015,0-1,19,5151,0.0036886041545331006
Latvia,2015,0-1,136,5151,0.026402640264026403
Latvia,2015,1-2,255,5151,0.04950495049504951
Latvia,2015,3-4,297,5151,0.05765870704717531
Latvia,2015,3-4,303,5151,0.058823529411764705
Latvia,2015,5-9,267,5151,0.05183459522422831
Latvia,2015,5-9,232,5151,0.045039798097456805
Latvia,2015,5-9,282,5151,0.054746651135701804
Latvia,2015,5-9,352,5151,0.0683362453892448
Latvia,2015,5-9,306,5151,0.0594059405940594
Latvia,2015,10+,720,5151,0.13977868375072802
Latvia,2015,10+,467,5151,0.09066200737720831
Latvia,2015,10+,474,5151,0.09202096680256261
Latvia,2015,10+,1041,5151,0.20209668025626093
Latvia,2014,0-1,33,6271,0.0052623186094721735
Latvia,2014,0-1,158,6271,0.025195343645351618
Latvia,2014,1-2,308,6271,0.049114973688406956
Latvia,2014,3-4,344,6271,0.05485568489874023
Latvia,2014,3-4,283,6271,0.04512836868123107
Latvia,2014,5-9,345,6271,0.05501514909902727
Latvia,2014,5-9,366,6271,0.058363897305055014
Latvia,2014,5-9,450,6271,0.071758890129166
Latvia,2014,5-9,364,6271,0.058044968904480944
Latvia,2014,5-9,296,6271,0.04720140328496253
Latvia,2014,10+,893,6271,0.14240153085632276
Latvia,2014,10+,580,6271,0.09248923616648062
Latvia,2014,10+,679,6271,0.10827619199489714
Latvia,2014,10+,1172,6271,0.18689204273640567
Latvia,2012,0-1,66,7311,0.009027492819039803
Latvia,2012,0-1,157,7311,0.0214744904937765
Latvia,2012,1-2,268,7311,0.03665709205307072
Latvia,2012,3-4,323,7311,0.044180002735603886
Latvia,2012,3-4,462,7311,0.06319244973327862
Latvia,2012,5-9,624,7311,0.0853508411981945
Latvia,2012,5-9,489,7311,0.06688551497743127
Latvia,2012,5-9,404,7311,0.05525919846806183
Latvia,2012,5-9,310,7311,0.0424018602106415
Latvia,2012,5-9,267,7311,0.03652031185884284
Latvia,2012,10+,231,7311,0.03159622486663931
Latvia,2012,10+,197,7311,0.026945698262891532
Latvia,2012,10+,192,7311,0.026261797291752154
Latvia,2012,10+,170,7311,0.023252633018738887
Latvia,2012,10+,141,7311,0.01928600738613049
Latvia,2012,10+,154,7311,0.021064149911092872
Latvia,2012,10+,150,7311,0.02051702913418137
Latvia,2012,10+,153,7311,0.020927369716865
Latvia,2012,10+,176,7311,0.024073314184106142
Latvia,2012,10+,162,7311,0.02215839146491588
Latvia,2012,10+,185,7311,0.025304335932157022
Latvia,2012,10+,200,7311,0.02735603884557516
Latvia,2012,10+,230,7311,0.031459444672411435
Latvia,2012,10+,172,7311,0.02352619340719464
Latvia,2012,10+,170,7311,0.023252633018738887
Latvia,2012,10+,176,7311,0.024073314184106142
Latvia,2012,10+,146,7311,0.019969908357269868
Latvia,2012,10+,130,7311,0.017781425249623853
Latvia,2012,10+,124,7311,0.016960744084256598
Latvia,2012,10+,84,7311,0.011489536315141567
Latvia,2012,10+,89,7311,0.012173437286280947
Latvia,2012,10+,90,7311,0.012310217480508822
Latvia,2012,10+,68,7311,0.009301053207495554
Latvia,2012,10+,61,7311,0.008343591847900424
Latvia,2012,10+,46,7311,0.006291888934482287
Latvia,2012,10+,244,7311,0.0333743673916017
Latvia,2011,0-1,26,8302,0.0031317754757889667
Latvia,2011,0-1,147,8302,0.01770657672849916
Latvia,2011,1-2,344,8302,0.04143579860274633
Latvia,2011,3-4,535,8302,0.06444230305950373
Latvia,2011,3-4,712,8302,0.08576246687545169
Latvia,2011,5-9,627,8302,0.07552397012768007
Latvia,2011,5-9,519,8302,0.06251505661286437
Latvia,2011,5-9,376,8302,0.04529029149602505
Latvia,2011,5-9,352,8302,0.04239942182606601
Latvia,2011,5-9,341,8302,0.04107443989400145
Latvia,2011,10+,258,8302,0.031076848952059744
Latvia,2011,10+,231,8302,0.02782462057335582
Latvia,2011,10+,221,8302,0.026620091544206217
Latvia,2011,10+,189,8302,0.022765598650927487
Latvia,2011,10+,167,8302,0.020115634786798363
Latvia,2011,10+,168,8302,0.02023608768971332
Latvia,2011,10+,190,8302,0.02288605155384245
Latvia,2011,10+,164,8302,0.01975427607805348
Latvia,2011,10+,180,8302,0.021681522524692846
Latvia,2011,10+,205,8302,0.024692845097566852
Latvia,2011,10+,247,8302,0.02975186701999518
Latvia,2011,10+,230,8302,0.027704167670440857
Latvia,2011,10+,214,8302,0.025776921223801492
Latvia,2011,10+,188,8302,0.022645145748012525
Latvia,2011,10+,169,8302,0.020356540592628283
Latvia,2011,10+,175,8302,0.021079258010118045
Latvia,2011,10+,156,8302,0.0187906528547338
Latvia,2011,10+,136,8302,0.016381594796434595
Latvia,2011,10+,116,8302,0.013972536738135389
Latvia,2011,10+,102,8302,0.012286196097325945
Latvia,2011,10+,90,8302,0.010840761262346423
Latvia,2011,10+,82,8302,0.00987713803902674
Latvia,2011,10+,85,8302,0.010238496747771622
Latvia,2011,10+,62,8302,0.0074680799807275355
Latvia,2011,10+,46,8302,0.0055408335340881715
Latvia,2011,10+,252,8302,0.03035413153456998
Latvia,2010,0-1,3,4930,6.085192697768763e-4
Latvia,2010,0-1,93,4930,0.018864097363083164
Latvia,2010,1-2,271,4930,0.054969574036511155
Latvia,2010,3-4,393,4930,0.0797160243407708
Latvia,2010,3-4,410,4930,0.08316430020283976
Latvia,2010,5-9,351,4930,0.07119675456389453
Latvia,2010,5-9,289,4930,0.05862068965517241
Latvia,2010,5-9,204,4930,0.041379310344827586
Latvia,2010,5-9,183,4930,0.03711967545638945
Latvia,2010,5-9,153,4930,0.03103448275862069
Latvia,2010,10+,160,4930,0.032454361054766734
Latvia,2010,10+,161,4930,0.032657200811359026
Latvia,2010,10+,115,4930,0.02332657200811359
Latvia,2010,10+,112,4930,0.022718052738336714
Latvia,2010,10+,107,4930,0.021703853955375253
Latvia,2010,10+,106,4930,0.02150101419878296
Latvia,2010,10+,100,4930,0.02028397565922921
Latvia,2010,10+,136,4930,0.027586206896551724
Latvia,2010,10+,145,4930,0.029411764705882353
Latvia,2010,10+,151,4930,0.030628803245436105
Latvia,2010,10+,144,4930,0.02920892494929006
Latvia,2010,10+,119,4930,0.02413793103448276
Latvia,2010,10+,139,4930,0.0281947261663286
Latvia,2010,10+,111,4930,0.02251521298174442
Latvia,2010,10+,104,4930,0.021095334685598377
Latvia,2010,10+,89,4930,0.018052738336713996
Latvia,2010,10+,101,4930,0.0204868154158215
Latvia,2010,10+,62,4930,0.01257606490872211
Latvia,2010,10+,61,4930,0.012373225152129817
Latvia,2010,10+,79,4930,0.016024340770791075
Latvia,2010,10+,46,4930,0.009330628803245436
Latvia,2010,10+,41,4930,0.008316430020283976
Latvia,2010,10+,35,4930,0.007099391480730223
Latvia,2010,10+,23,4930,0.004665314401622718
Latvia,2010,10+,24,4930,0.00486815415821501
Latvia,2010,10+,109,4930,0.022109533468559837
Latvia,2009,0-1,21,5099,0.0041184545989409686
Latvia,2009,0-1,107,5099,0.020984506766032557
Latvia,2009,1-2,297,5099,0.05824671504216513
Latvia,2009,3-4,380,5099,0.07452441655226515
Latvia,2009,3-4,344,5099,0.06746420866836635
Latvia,2009,5-9,274,5099,0.05373602667189645
Latvia,2009,5-9,250,5099,0.049029221415963914
Latvia,2009,5-9,223,5099,0.043734065503039814
Latvia,2009,5-9,205,5099,0.04020396156109041
Latvia,2009,5-9,154,5099,0.030202000392233773
Latvia,2009,10+,175,5099,0.03432045499117474
Latvia,2009,10+,166,5099,0.03255540302020004
Latvia,2009,10+,151,5099,0.029613649735242203
Latvia,2009,10+,137,5099,0.026868013335948224
Latvia,2009,10+,129,5099,0.02529907825063738
Latvia,2009,10+,124,5099,0.024318493822318103
Latvia,2009,10+,141,5099,0.02765248087860365
Latvia,2009,10+,177,5099,0.03471268876250245
Latvia,2009,10+,172,5099,0.03373210433418317
Latvia,2009,10+,166,5099,0.03255540302020004
Latvia,2009,10+,168,5099,0.03294763679152775
Latvia,2009,10+,125,5099,0.024514610707981957
Latvia,2009,10+,127,5099,0.02490684447930967
Latvia,2009,10+,105,5099,0.020592272994704845
Latvia,2009,10+,112,5099,0.021965091194351832
Latvia,2009,10+,84,5099,0.016473818395763874
Latvia,2009,10+,89,5099,0.017454402824083153
Latvia,2009,10+,87,5099,0.01706216905275544
Latvia,2009,10+,61,5099,0.011963130025495195
Latvia,2009,10+,54,5099,0.010590311825848206
Latvia,2009,10+,59,5099,0.011570896254167485
Latvia,2009,10+,43,5099,0.008433026083545793
Latvia,2009,10+,37,5099,0.007256324769562659
Latvia,2009,10+,25,5099,0.004902922141596391
Latvia,2009,10+,24,5099,0.004706805255932536
Latvia,2009,10+,106,5099,0.0207883898803687
Latvia,2008,0-1,24,6214,0.0038622465400708077
Latvia,2008,0-1,179,6214,0.028805922111361442
Latvia,2008,1-2,359,6214,0.0577727711618925
Latvia,2008,3-4,370,6214,0.05954296749275829
Latvia,2008,3-4,311,6214,0.050048278081750885
Latvia,2008,5-9,329,6214,0.05294496298680399
Latvia,2008,5-9,280,6214,0.04505954296749276
Latvia,2008,5-9,239,6214,0.038461538461538464
Latvia,2008,5-9,212,6214,0.0341165111039588
Latvia,2008,5-9,211,6214,0.033955584164789186
Latvia,2008,10+,195,6214,0.03138075313807531
Latvia,2008,10+,185,6214,0.029771483746379144
Latvia,2008,10+,165,6214,0.026552944962986803
Latvia,2008,10+,185,6214,0.029771483746379144
Latvia,2008,10+,178,6214,0.028644995172191826
Latvia,2008,10+,194,6214,0.031219826198905697
Latvia,2008,10+,216,6214,0.03476021886063727
Latvia,2008,10+,244,6214,0.03926617315738655
Latvia,2008,10+,248,6214,0.03990988091406501
Latvia,2008,10+,233,6214,0.03749597682652076
Latvia,2008,10+,225,6214,0.03620856131316382
Latvia,2008,10+,175,6214,0.028162214354682975
Latvia,2008,10+,177,6214,0.028484068233022207
Latvia,2008,10+,143,6214,0.02301255230125523
Latvia,2008,10+,151,6214,0.024299967814612165
Latvia,2008,10+,115,6214,0.018506598004505954
Latvia,2008,10+,90,6214,0.014483424525265529
Latvia,2008,10+,89,6214,0.014322497586095913
Latvia,2008,10+,82,6214,0.013196009011908594
Latvia,2008,10+,74,6214,0.011908593498551657
Latvia,2008,10+,55,6214,0.008850981654328934
Latvia,2008,10+,44,6214,0.007080785323463148
Latvia,2008,10+,42,6214,0.0067589314451239136
Latvia,2008,10+,27,6214,0.004345027357579659
Latvia,2008,10+,26,6214,0.0041841004184100415
Latvia,2008,10+,142,6214,0.022851625362085612
Latvia,2007,0-1,29,7403,0.003917330811833041
Latvia,2007,0-1,226,7403,0.030528164257733352
Latvia,2007,1-2,293,7403,0.03957854923679589
Latvia,2007,3-4,336,7403,0.04538700526813454
Latvia,2007,3-4,362,7403,0.04889909496150209
Latvia,2007,5-9,376,7403,0.0507902201810077
Latvia,2007,5-9,328,7403,0.04430636228555991
Latvia,2007,5-9,316,7403,0.04268539781169796
Latvia,2007,5-9,271,7403,0.03660678103471566
Latvia,2007,5-9,268,7403,0.03620153991625017
Latvia,2007,10+,1257,7403,0.16979602863703905
Latvia,2007,10+,1447,7403,0.19546129947318655
Latvia,2007,10+,990,7403,0.1337295690936107
Latvia,2007,10+,544,7403,0.07348372281507497
Latvia,2007,10+,360,7403,0.048628934215858434
Latvia,2005,0-1,19,6341,0.002996372811859328
Latvia,2005,0-1,124,6341,0.019555275193187196
Latvia,2005,1-2,247,6341,0.038952846554171264
Latvia,2005,3-4,299,6341,0.04715344582873364
Latvia,2005,3-4,319,6341,0.05030752247279609
Latvia,2005,5-9,296,6341,0.04668033433212427
Latvia,2005,5-9,329,6341,0.05188456079482731
Latvia,2005,5-9,273,6341,0.04305314619145245
Latvia,2005,5-9,287,6341,0.045260999842296167
Latvia,2005,5-9,225,6341,0.035483362245702574
Latvia,2005,10+,1436,6341,0.22646270304368396
Latvia,2005,10+,1250,6341,0.19712979025390318
Latvia,2005,10+,674,6341,0.10629238290490459
Latvia,2005,10+,563,6341,0.08878725753035799
Latvia,2004,0-1,6,5271,0.0011383039271485487
Latvia,2004,0-1,78,5271,0.014797951052931132
Latvia,2004,1-2,169,5271,0.03206222728135079
Latvia,2004,3-4,217,5271,0.041168658698539175
Latvia,2004,3-4,246,5271,0.0466704610130905
Latvia,2004,5-9,285,5271,0.05406943653955606
Latvia,2004,5-9,258,5271,0.048947068867387596
Latvia,2004,5-9,268,5271,0.05084424207930184
Latvia,2004,5-9,242,5271,0.0459115917283248
Latvia,2004,5-9,258,5271,0.048947068867387596
Latvia,2004,10+,1250,5271,0.23714665148928096
Latvia,2004,10+,980,5271,0.18592297476759628
Latvia,2004,10+,550,5271,0.10434452665528363
Latvia,2004,10+,464,5271,0.08802883703282109
Latvia,1997,0-1,13,6103,0.002130099950843847
Latvia,1997,0-1,99,6103,0.01622153039488776
Latvia,1997,1-2,223,6103,0.036539406849090614
Latvia,1997,3-4,305,6103,0.04997542192364411
Latvia,1997,3-4,401,6103,0.06570539079141406
Latvia,1997,5-9,487,6103,0.07979682123545798
Latvia,1997,5-9,498,6103,0.0815992135015566
Latvia,1997,5-9,478,6103,0.07832213665410453
Latvia,1997,5-9,404,6103,0.06619695231853187
Latvia,1997,5-9,337,6103,0.055218744879567426
Latvia,1997,10+,1261,6103,0.2066196952318532
Latvia,1997,10+,751,6103,0.12305423562182533
Latvia,1997,10+,846,6103,0.13862035064722267
Latvia,1996,0-1,9,6051,0.001487357461576599
Latvia,1996,0-1,105,6051,0.017352503718393655
Latvia,1996,1-2,256,6051,0.04230705668484548
Latvia,1996,3-4,379,6051,0.06263427532639233
Latvia,1996,3-4,487,6051,0.08048256486531152
Latvia,1996,5-9,525,6051,0.08676251859196826
Latvia,1996,5-9,470,6051,0.0776731118823335
Latvia,1996,5-9,446,6051,0.07370682531812923
Latvia,1996,5-9,408,6051,0.06742687159147248
Latvia,1996,5-9,316,6051,0.05222277309535614
Latvia,1996,10+,1224,6051,0.20228061477441744
Latvia,1996,10+,704,6051,0.11634440588332506
Latvia,1996,10+,722,6051,0.11931912080647827
Latvia,1995,0-1,7,7821,8.950262114819077e-4
Latvia,1995,0-1,132,7821,0.016877637130801686
Latvia,1995,1-2,388,7821,0.049610024293568596
Latvia,1995,3-4,591,7821,0.07556578442654392
Latvia,1995,3-4,703,7821,0.08988620381025444
Latvia,1995,5-9,648,7821,0.08285385500575373
Latvia,1995,5-9,590,7821,0.07543792353918936
Latvia,1995,5-9,543,7821,0.06942846183352512
Latvia,1995,5-9,501,7821,0.06405830456463368
Latvia,1995,5-9,406,7821,0.051911520265950646
Latvia,1995,10+,1502,7821,0.19204705280654646
Latvia,1995,10+,893,7821,0.1141797724076205
Latvia,1995,10+,917,7821,0.1172484337041299
Liechtenstein,2019,1-2,15,99,0.15151515151515152
Liechtenstein,2019,3-4,9,99,0.09090909090909091
Liechtenstein,2019,5-9,24,99,0.24242424242424243
Liechtenstein,2019,10+,13,99,0.13131313131313133
Liechtenstein,2019,10+,14,99,0.1414141414141414
Liechtenstein,2019,10+,14,99,0.1414141414141414
Liechtenstein,2019,10+,9,99,0.09090909090909091
Liechtenstein,2018,1-2,2,74,0.02702702702702703
Liechtenstein,2018,3-4,12,74,0.16216216216216217
Liechtenstein,2018,5-9,18,74,0.24324324324324326
Liechtenstein,2018,10+,17,74,0.22972972972972974
Liechtenstein,2018,10+,10,74,0.13513513513513514
Liechtenstein,2018,10+,12,74,0.16216216216216217
Liechtenstein,2018,10+,3,74,0.04054054054054054
Liechtenstein,2017,1-2,10,90,0.1111111111111111
Liechtenstein,2017,3-4,7,90,0.07777777777777778
Liechtenstein,2017,5-9,26,90,0.28888888888888886
Liechtenstein,2017,10+,12,90,0.13333333333333333
Liechtenstein,2017,10+,14,90,0.15555555555555556
Liechtenstein,2017,10+,16,90,0.17777777777777778
Liechtenstein,2017,10+,5,90,0.05555555555555555
Liechtenstein,2016,1-2,4,81,0.04938271604938271
Liechtenstein,2016,3-4,8,81,0.09876543209876543
Liechtenstein,2016,5-9,23,81,0.2839506172839506
Liechtenstein,2016,10+,17,81,0.20987654320987653
Liechtenstein,2016,10+,15,81,0.18518518518518517
Liechtenstein,2016,10+,6,81,0.07407407407407407
Liechtenstein,2016,10+,8,81,0.09876543209876543
Liechtenstein,2015,1-2,3,98,0.030612244897959183
Liechtenstein,2015,3-4,11,98,0.11224489795918367
Liechtenstein,2015,5-9,29,98,0.29591836734693877
Liechtenstein,2015,10+,21,98,0.21428571428571427
Liechtenstein,2015,10+,10,98,0.10204081632653061
Liechtenstein,2015,10+,14,98,0.14285714285714285
Liechtenstein,2015,10+,10,98,0.10204081632653061
Liechtenstein,2014,1-2,8,82,0.0975609756097561
Liechtenstein,2014,3-4,6,82,0.07317073170731707
Liechtenstein,2014,5-9,20,82,0.24390243902439024
Liechtenstein,2014,10+,17,82,0.2073170731707317
Liechtenstein,2014,10+,7,82,0.08536585365853659
Liechtenstein,2014,10+,15,82,0.18292682926829268
Liechtenstein,2014,10+,4,82,0.04878048780487805
Liechtenstein,2013,1-2,6,75,0.08
Liechtenstein,2013,3-4,3,75,0.04
Liechtenstein,2013,5-9,22,75,0.29333333333333333
Liechtenstein,2013,10+,11,75,0.14666666666666667
Liechtenstein,2013,10+,9,75,0.12
Liechtenstein,2013,10+,17,75,0.22666666666666666
Liechtenstein,2013,10+,3,75,0.04
Liechtenstein,2012,0-1,0,87,0
Liechtenstein,2012,0-1,7,87,0.08045977011494253
Liechtenstein,2012,1-2,4,87,0.04597701149425287
Liechtenstein,2012,3-4,2,87,0.022988505747126436
Liechtenstein,2012,3-4,4,87,0.04597701149425287
Liechtenstein,2012,5-9,9,87,0.10344827586206896
Liechtenstein,2012,5-9,7,87,0.08045977011494253
Liechtenstein,2012,5-9,7,87,0.08045977011494253
Liechtenstein,2012,5-9,5,87,0.05747126436781609
Liechtenstein,2012,5-9,3,87,0.034482758620689655
Liechtenstein,2012,10+,3,87,0.034482758620689655
Liechtenstein,2012,10+,1,87,0.011494252873563218
Liechtenstein,2012,10+,3,87,0.034482758620689655
Liechtenstein,2012,10+,0,87,0
Liechtenstein,2012,10+,3,87,0.034482758620689655
Liechtenstein,2012,10+,1,87,0.011494252873563218
Liechtenstein,2012,10+,4,87,0.04597701149425287
Liechtenstein,2012,10+,2,87,0.022988505747126436
Liechtenstein,2012,10+,3,87,0.034482758620689655
Liechtenstein,2012,10+,4,87,0.04597701149425287
Liechtenstein,2012,10+,0,87,0
Liechtenstein,2012,10+,2,87,0.022988505747126436
Liechtenstein,2012,10+,0,87,0
Liechtenstein,2012,10+,2,87,0.022988505747126436
Liechtenstein,2012,10+,2,87,0.022988505747126436
Liechtenstein,2012,10+,0,87,0
Liechtenstein,2012,10+,0,87,0
Liechtenstein,2012,10+,0,87,0
Liechtenstein,2012,10+,4,87,0.04597701149425287
Liechtenstein,2012,10+,0,87,0
Liechtenstein,2012,10+,1,87,0.011494252873563218
Liechtenstein,2012,10+,0,87,0
Liechtenstein,2012,10+,0,87,0
Liechtenstein,2012,10+,1,87,0.011494252873563218
Liechtenstein,2012,10+,0,87,0
Liechtenstein,2012,10+,3,87,0.034482758620689655
Liechtenstein,2011,0-1,0,91,0
Liechtenstein,2011,0-1,3,91,0.03296703296703297
Liechtenstein,2011,1-2,5,91,0.054945054945054944
Liechtenstein,2011,3-4,2,91,0.02197802197802198
Liechtenstein,2011,3-4,5,91,0.054945054945054944
Liechtenstein,2011,5-9,4,91,0.04395604395604396
Liechtenstein,2011,5-9,5,91,0.054945054945054944
Liechtenstein,2011,5-9,4,91,0.04395604395604396
Liechtenstein,2011,5-9,3,91,0.03296703296703297
Liechtenstein,2011,5-9,6,91,0.06593406593406594
Liechtenstein,2011,10+,3,91,0.03296703296703297
Liechtenstein,2011,10+,7,91,0.07692307692307693
Liechtenstein,2011,10+,3,91,0.03296703296703297
Liechtenstein,2011,10+,5,91,0.054945054945054944
Liechtenstein,2011,10+,3,91,0.03296703296703297
Liechtenstein,2011,10+,1,91,0.01098901098901099
Liechtenstein,2011,10+,1,91,0.01098901098901099
Liechtenstein,2011,10+,3,91,0.03296703296703297
Liechtenstein,2011,10+,3,91,0.03296703296703297
Liechtenstein,2011,10+,2,91,0.02197802197802198
Liechtenstein,2011,10+,1,91,0.01098901098901099
Liechtenstein,2011,10+,2,91,0.02197802197802198
Liechtenstein,2011,10+,1,91,0.01098901098901099
Liechtenstein,2011,10+,1,91,0.01098901098901099
Liechtenstein,2011,10+,2,91,0.02197802197802198
Liechtenstein,2011,10+,3,91,0.03296703296703297
Liechtenstein,2011,10+,0,91,0
Liechtenstein,2011,10+,1,91,0.01098901098901099
Liechtenstein,2011,10+,1,91,0.01098901098901099
Liechtenstein,2011,10+,0,91,0
Liechtenstein,2011,10+,0,91,0
Liechtenstein,2011,10+,1,91,0.01098901098901099
Liechtenstein,2011,10+,0,91,0
Liechtenstein,2011,10+,0,91,0
Liechtenstein,2011,10+,0,91,0
Liechtenstein,2011,10+,1,91,0.01098901098901099
Liechtenstein,2007,0-1,0,97,0
Liechtenstein,2007,0-1,5,97,0.05154639175257732
Liechtenstein,2007,1-2,9,97,0.09278350515463918
Liechtenstein,2007,3-4,7,97,0.07216494845360824
Liechtenstein,2007,3-4,2,97,0.020618556701030927
Liechtenstein,2007,5-9,9,97,0.09278350515463918
Liechtenstein,2007,5-9,5,97,0.05154639175257732
Liechtenstein,2007,5-9,6,97,0.061855670103092786
Liechtenstein,2007,5-9,7,97,0.07216494845360824
Liechtenstein,2007,5-9,4,97,0.041237113402061855
Liechtenstein,2007,10+,2,97,0.020618556701030927
Liechtenstein,2007,10+,3,97,0.030927835051546393
Liechtenstein,2007,10+,3,97,0.030927835051546393
Liechtenstein,2007,10+,1,97,0.010309278350515464
Liechtenstein,2007,10+,1,97,0.010309278350515464
Liechtenstein,2007,10+,1,97,0.010309278350515464
Liechtenstein,2007,10+,2,97,0.020618556701030927
Liechtenstein,2007,10+,4,97,0.041237113402061855
Liechtenstein,2007,10+,1,97,0.010309278350515464
Liechtenstein,2007,10+,5,97,0.05154639175257732
Liechtenstein,2007,10+,2,97,0.020618556701030927
Liechtenstein,2007,10+,3,97,0.030927835051546393
Liechtenstein,2007,10+,0,97,0
Liechtenstein,2007,10+,2,97,0.020618556701030927
Liechtenstein,2007,10+,0,97,0
Liechtenstein,2007,10+,0,97,0
Liechtenstein,2007,10+,3,97,0.030927835051546393
Liechtenstein,2007,10+,2,97,0.020618556701030927
Liechtenstein,2007,10+,1,97,0.010309278350515464
Liechtenstein,2007,10+,2,97,0.020618556701030927
Liechtenstein,2007,10+,1,97,0.010309278350515464
Liechtenstein,2007,10+,0,97,0
Liechtenstein,2007,10+,1,97,0.010309278350515464
Liechtenstein,2007,10+,2,97,0.020618556701030927
Liechtenstein,2007,10+,0,97,0
Liechtenstein,2007,10+,1,97,0.010309278350515464
Liechtenstein,2004,0-1,3,101,0.0297029702970297
Liechtenstein,2004,1-2,4,101,0.039603960396039604
Liechtenstein,2004,3-4,4,101,0.039603960396039604
Liechtenstein,2004,3-4,4,101,0.039603960396039604
Liechtenstein,2004,5-9,3,101,0.0297029702970297
Liechtenstein,2004,5-9,7,101,0.06930693069306931
Liechtenstein,2004,5-9,3,101,0.0297029702970297
Liechtenstein,2004,5-9,4,101,0.039603960396039604
Liechtenstein,2004,5-9,6,101,0.0594059405940594
Liechtenstein,2004,10+,18,101,0.1782178217821782
Liechtenstein,2004,10+,18,101,0.1782178217821782
Liechtenstein,2004,10+,13,101,0.12871287128712872
Liechtenstein,2004,10+,14,101,0.13861386138613863
Liechtenstein,2002,0-1,5,99,0.050505050505050504
Liechtenstein,2002,1-2,3,99,0.030303030303030304
Liechtenstein,2002,3-4,7,99,0.0707070707070707
Liechtenstein,2002,3-4,5,99,0.050505050505050504
Liechtenstein,2002,5-9,3,99,0.030303030303030304
Liechtenstein,2002,5-9,6,99,0.06060606060606061
Liechtenstein,2002,5-9,7,99,0.0707070707070707
Liechtenstein,2002,5-9,13,99,0.13131313131313133
Liechtenstein,2002,5-9,4,99,0.04040404040404041
Liechtenstein,2002,10+,13,99,0.13131313131313133
Liechtenstein,2002,10+,14,99,0.1414141414141414
Liechtenstein,2002,10+,11,99,0.1111111111111111
Liechtenstein,2002,10+,8,99,0.08080808080808081
Liechtenstein,2001,1-2,1,82,0.012195121951219513
Liechtenstein,2001,3-4,3,82,0.036585365853658534
Liechtenstein,2001,3-4,1,82,0.012195121951219513
Liechtenstein,2001,5-9,4,82,0.04878048780487805
Liechtenstein,2001,5-9,4,82,0.04878048780487805
Liechtenstein,2001,5-9,5,82,0.06097560975609756
Liechtenstein,2001,5-9,5,82,0.06097560975609756
Liechtenstein,2001,5-9,5,82,0.06097560975609756
Liechtenstein,2001,10+,26,82,0.3170731707317073
Liechtenstein,2001,10+,12,82,0.14634146341463414
Liechtenstein,2001,10+,2,82,0.024390243902439025
Liechtenstein,2001,10+,14,82,0.17073170731707318
Liechtenstein,2000,0-1,2,126,0.015873015873015872
Liechtenstein,2000,1-2,3,126,0.023809523809523808
Liechtenstein,2000,3-4,7,126,0.05555555555555555
Liechtenstein,2000,3-4,6,126,0.047619047619047616
Liechtenstein,2000,5-9,7,126,0.05555555555555555
Liechtenstein,2000,5-9,5,126,0.03968253968253968
Liechtenstein,2000,5-9,12,126,0.09523809523809523
Liechtenstein,2000,5-9,7,126,0.05555555555555555
Liechtenstein,2000,5-9,9,126,0.07142857142857142
Liechtenstein,2000,10+,25,126,0.1984126984126984
Liechtenstein,2000,10+,20,126,0.15873015873015872
Liechtenstein,2000,10+,10,126,0.07936507936507936
Liechtenstein,2000,10+,13,126,0.10317460317460317
Liechtenstein,1997,0-1,0,64,0
Liechtenstein,1997,5-9,7,64,0.109375
Liechtenstein,1997,5-9,13,64,0.203125
Liechtenstein,1997,10+,32,64,0.5
Liechtenstein,1997,10+,12,64,0.1875
Liechtenstein,1996,0-1,0,43,0
Liechtenstein,1996,5-9,4,43,0.09302325581395349
Liechtenstein,1996,5-9,6,43,0.13953488372093023
Liechtenstein,1996,10+,18,43,0.4186046511627907
Liechtenstein,1996,10+,15,43,0.3488372093023256
Liechtenstein,1995,0-1,0,37,0
Liechtenstein,1995,5-9,1,37,0.02702702702702703
Liechtenstein,1995,5-9,13,37,0.35135135135135137
Liechtenstein,1995,10+,14,37,0.3783783783783784
Liechtenstein,1995,10+,9,37,0.24324324324324326
Lithuania,2023,0-1,32,7231,0.0044253906790208825
Lithuania,2023,0-1,389,7231,0.0537961554418476
Lithuania,2023,1-2,330,7231,0.04563684137740285
Lithuania,2023,3-4,374,7231,0.051721753561056565
Lithuania,2023,3-4,443,7231,0.06126400221269534
Lithuania,2023,5-9,389,7231,0.0537961554418476
Lithuania,2023,5-9,360,7231,0.049785645138984924
Lithuania,2023,5-9,378,7231,0.05227492739593417
Lithuania,2023,5-9,345,7231,0.04771124325819389
Lithuania,2023,5-9,277,7231,0.03830728806527451
Lithuania,2023,10+,1075,7231,0.14866546812335776
Lithuania,2023,10+,850,7231,0.11754943991149219
Lithuania,2023,10+,498,7231,0.06887014244226249
Lithuania,2023,10+,1491,7231,0.20619554695062922
Lithuania,2022,0-1,34,7395,0.004597701149425287
Lithuania,2022,0-1,316,7395,0.0427315753887762
Lithuania,2022,1-2,380,7395,0.05138607167004733
Lithuania,2022,3-4,420,7395,0.056795131845841784
Lithuania,2022,3-4,449,7395,0.060716700473292765
Lithuania,2022,5-9,418,7395,0.05652467883705206
Lithuania,2022,5-9,408,7395,0.05517241379310345
Lithuania,2022,5-9,347,7395,0.0469235970250169
Lithuania,2022,5-9,337,7395,0.04557133198106829
Lithuania,2022,5-9,288,7395,0.03894523326572008
Lithuania,2022,10+,1160,7395,0.1568627450980392
Lithuania,2022,10+,822,7395,0.11115618661257606
Lithuania,2022,10+,535,7395,0.07234617985125084
Lithuania,2022,10+,1481,7395,0.20027045300878973
Lithuania,2021,0-1,69,7822,0.00882127333162874
Lithuania,2021,0-1,369,7822,0.047174635643058044
Lithuania,2021,1-2,457,7822,0.05842495525441064
Lithuania,2021,3-4,501,7822,0.06405011506008694
Lithuania,2021,3-4,504,7822,0.06443364868320123
Lithuania,2021,5-9,454,7822,0.058041421631296344
Lithuania,2021,5-9,443,7822,0.05663513167987727
Lithuania,2021,5-9,384,7822,0.0490923037586295
Lithuania,2021,5-9,339,7822,0.04333929941191511
Lithuania,2021,5-9,302,7822,0.0386090513935055
Lithuania,2021,10+,1246,7822,0.1592942981334697
Lithuania,2021,10+,764,7822,0.09767322935310663
Lithuania,2021,10+,588,7822,0.07517259013040144
Lithuania,2021,10+,1398,7822,0.17872666837126056
Lithuania,2019,0-1,110,8683,0.01266843256938846
Lithuania,2019,0-1,441,8683,0.05078889784636646
Lithuania,2019,1-2,491,8683,0.05654727628699758
Lithuania,2019,3-4,568,8683,0.0654151790855695
Lithuania,2019,3-4,526,8683,0.06057814119543936
Lithuania,2019,5-9,501,8683,0.057698951975123806
Lithuania,2019,5-9,427,8683,0.04917655188298975
Lithuania,2019,5-9,403,8683,0.046412530231486816
Lithuania,2019,5-9,296,8683,0.03408960036853622
Lithuania,2019,5-9,318,8683,0.03662328688241391
Lithuania,2019,10+,1382,8683,0.1591615800990441
Lithuania,2019,10+,787,8683,0.0906368766555338
Lithuania,2019,10+,780,8683,0.08983070367384545
Lithuania,2019,10+,1638,8683,0.18864447771507545
Lithuania,2018,0-1,86,8640,0.009953703703703704
Lithuania,2018,0-1,357,8640,0.04131944444444444
Lithuania,2018,1-2,521,8640,0.060300925925925924
Lithuania,2018,3-4,528,8640,0.06111111111111111
Lithuania,2018,3-4,518,8640,0.059953703703703703
Lithuania,2018,5-9,481,8640,0.055671296296296295
Lithuania,2018,5-9,368,8640,0.04259259259259259
Lithuania,2018,5-9,315,8640,0.036458333333333336
Lithuania,2018,5-9,383,8640,0.044328703703703703
Lithuania,2018,5-9,427,8640,0.049421296296296297
Lithuania,2018,10+,1424,8640,0.1648148148148148
Lithuania,2018,10+,831,8640,0.09618055555555556
Lithuania,2018,10+,789,8640,0.09131944444444444
Lithuania,2018,10+,1605,8640,0.1857638888888889
Lithuania,2017,0-1,49,8518,0.00575252406668232
Lithuania,2017,0-1,271,8518,0.03181498004226344
Lithuania,2017,1-2,514,8518,0.06034280347499413
Lithuania,2017,3-4,520,8518,0.06104719417703686
Lithuania,2017,3-4,511,8518,0.05999060812397276
Lithuania,2017,5-9,474,8518,0.055646865461375906
Lithuania,2017,5-9,363,8518,0.04261563747358535
Lithuania,2017,5-9,310,8518,0.03639351960554121
Lithuania,2017,5-9,377,8518,0.04425921577835173
Lithuania,2017,5-9,421,8518,0.04942474759333177
Lithuania,2017,10+,1405,8518,0.16494482272834
Lithuania,2017,10+,821,8518,0.09638412772951398
Lithuania,2017,10+,779,8518,0.09145339281521483
Lithuania,2017,10+,1703,8518,0.19992956092979572
Lithuania,2016,0-1,104,8879,0.01171303074670571
Lithuania,2016,0-1,455,8879,0.05124450951683748
Lithuania,2016,1-2,518,8879,0.05833990314224575
Lithuania,2016,3-4,573,8879,0.06453429440252281
Lithuania,2016,3-4,502,8879,0.05653789841198333
Lithuania,2016,5-9,444,8879,0.05000563126478207
Lithuania,2016,5-9,394,8879,0.044374366482712015
Lithuania,2016,5-9,431,8879,0.04854150242144386
Lithuania,2016,5-9,466,8879,0.05248338776889289
Lithuania,2016,5-9,407,8879,0.04583849532605023
Lithuania,2016,10+,1163,8879,0.13098321883094943
Lithuania,2016,10+,893,8879,0.10057438900777114
Lithuania,2016,10+,895,8879,0.10079963959905394
Lithuania,2016,10+,1634,8879,0.18402973307804932
Lithuania,2015,0-1,110,9371,0.011738341692455448
Lithuania,2015,0-1,449,9371,0.04791377654465905
Lithuania,2015,1-2,578,9371,0.06167964998399317
Lithuania,2015,3-4,520,9371,0.055490342546153024
Lithuania,2015,3-4,454,9371,0.04844733753067976
Lithuania,2015,5-9,447,9371,0.04770035215025077
Lithuania,2015,5-9,499,9371,0.053249386404866074
Lithuania,2015,5-9,516,9371,0.05506349375733646
Lithuania,2015,5-9,440,9371,0.04695336676982179
Lithuania,2015,5-9,366,9371,0.0390566641767154
Lithuania,2015,10+,1215,9371,0.12965531960303062
Lithuania,2015,10+,1044,9371,0.11140753388112261
Lithuania,2015,10+,1078,9371,0.11503574858606339
Lithuania,2015,10+,1655,9371,0.17660868637285243
Lithuania,2012,0-1,138,10399,0.013270506779498028
Lithuania,2012,0-1,418,10399,0.04019617270891432
Lithuania,2012,1-2,552,10399,0.05308202711799211
Lithuania,2012,3-4,629,10399,0.060486585248581595
Lithuania,2012,3-4,670,10399,0.06442927204538898
Lithuania,2012,5-9,620,10399,0.05962111741513607
Lithuania,2012,5-9,565,10399,0.05433214732185787
Lithuania,2012,5-9,421,10399,0.040484661986729495
Lithuania,2012,5-9,356,10399,0.03423406096740071
Lithuania,2012,5-9,320,10399,0.030772189633618618
Lithuania,2012,10+,259,10399,0.024906240984710067
Lithuania,2012,10+,269,10399,0.02586787191076065
Lithuania,2012,10+,267,10399,0.025675545725550534
Lithuania,2012,10+,271,10399,0.026060198095970766
Lithuania,2012,10+,271,10399,0.026060198095970766
Lithuania,2012,10+,248,10399,0.02384844696605443
Lithuania,2012,10+,275,10399,0.026444850466390998
Lithuania,2012,10+,229,10399,0.022021348206558322
Lithuania,2012,10+,258,10399,0.02481007789210501
Lithuania,2012,10+,264,10399,0.02538705644773536
Lithuania,2012,10+,298,10399,0.028656601596307337
Lithuania,2012,10+,317,10399,0.03048370035580344
Lithuania,2012,10+,292,10399,0.028079623040676988
Lithuania,2012,10+,241,10399,0.02317530531781902
Lithuania,2012,10+,247,10399,0.02375228387344937
Lithuania,2012,10+,236,10399,0.02269448985479373
Lithuania,2012,10+,227,10399,0.021829022021348208
Lithuania,2012,10+,174,10399,0.016732378113280124
Lithuania,2012,10+,163,10399,0.015674584094624484
Lithuania,2012,10+,116,10399,0.01115491874218675
Lithuania,2012,10+,112,10399,0.010770266371766516
Lithuania,2012,10+,107,10399,0.010289450908741225
Lithuania,2012,10+,103,10399,0.009904798538320993
Lithuania,2012,10+,92,10399,0.008847004519665353
Lithuania,2012,10+,60,10399,0.005769785556303491
Lithuania,2012,10+,314,10399,0.030195211077988268
Lithuania,2011,0-1,145,10341,0.014021854752925248
Lithuania,2011,0-1,387,10341,0.03742384682332463
Lithuania,2011,1-2,632,10341,0.06111594623343971
Lithuania,2011,3-4,727,10341,0.07030267865777004
Lithuania,2011,3-4,635,10341,0.0614060535731554
Lithuania,2011,5-9,597,10341,0.057731360603423265
Lithuania,2011,5-9,449,10341,0.043419398510782324
Lithuania,2011,5-9,429,10341,0.041485349579344355
Lithuania,2011,5-9,319,10341,0.03084808045643555
Lithuania,2011,5-9,266,10341,0.02572285078812494
Lithuania,2011,10+,268,10341,0.025916255681268735
Lithuania,2011,10+,276,10341,0.026689875253843923
Lithuania,2011,10+,294,10341,0.028430519292138093
Lithuania,2011,10+,272,10341,0.026303065467556327
Lithuania,2011,10+,266,10341,0.02572285078812494
Lithuania,2011,10+,270,10341,0.02610966057441253
Lithuania,2011,10+,279,10341,0.026979982593559618
Lithuania,2011,10+,262,10341,0.025336041001837346
Lithuania,2011,10+,268,10341,0.025916255681268735
Lithuania,2011,10+,317,10341,0.030654675563291753
Lithuania,2011,10+,334,10341,0.032298617155014024
Lithuania,2011,10+,293,10341,0.02833381684556619
Lithuania,2011,10+,272,10341,0.026303065467556327
Lithuania,2011,10+,227,10341,0.021951455371820906
Lithuania,2011,10+,249,10341,0.024078909196402667
Lithuania,2011,10+,192,10341,0.01856686974180447
Lithuania,2011,10+,203,10341,0.019630596654095347
Lithuania,2011,10+,165,10341,0.015955903684363216
Lithuania,2011,10+,157,10341,0.015182284111788028
Lithuania,2011,10+,130,10341,0.012571318054346775
Lithuania,2011,10+,118,10341,0.011410888695483996
Lithuania,2011,10+,111,10341,0.010733971569480708
Lithuania,2011,10+,90,10341,0.008703220191470844
Lithuania,2011,10+,74,10341,0.007155981046320472
Lithuania,2011,10+,74,10341,0.007155981046320472
Lithuania,2011,10+,294,10341,0.028430519292138093
Lithuania,2010,0-1,127,10006,0.012692384569258445
Lithuania,2010,0-1,471,10006,0.0470717569458325
Lithuania,2010,1-2,684,10006,0.06835898460923447
Lithuania,2010,3-4,627,10006,0.06266240255846492
Lithuania,2010,3-4,592,10006,0.05916450129922047
Lithuania,2010,5-9,469,10006,0.04687187687387567
Lithuania,2010,5-9,446,10006,0.044573256046372176
Lithuania,2010,5-9,312,10006,0.03118129122526484
Lithuania,2010,5-9,313,10006,0.031281231261243256
Lithuania,2010,5-9,307,10006,0.030681591045372776
Lithuania,2010,10+,282,10006,0.028183090145912453
Lithuania,2010,10+,274,10006,0.027383569858085148
Lithuania,2010,10+,294,10006,0.02938237057765341
Lithuania,2010,10+,286,10006,0.028582850289826104
Lithuania,2010,10+,290,10006,0.028982610433739755
Lithuania,2010,10+,302,10006,0.03018189086548071
Lithuania,2010,10+,289,10006,0.028882670397761344
Lithuania,2010,10+,310,10006,0.030981411153308016
Lithuania,2010,10+,309,10006,0.0308814711173296
Lithuania,2010,10+,349,10006,0.03487907255646612
Lithuania,2010,10+,341,10006,0.03407955226863882
Lithuania,2010,10+,287,10006,0.02868279032580452
Lithuania,2010,10+,258,10006,0.02578452928243054
Lithuania,2010,10+,235,10006,0.023485908454927044
Lithuania,2010,10+,174,10006,0.017389566260243853
Lithuania,2010,10+,180,10006,0.017989206476114333
Lithuania,2010,10+,162,10006,0.016190285828502897
Lithuania,2010,10+,148,10006,0.014791125324805117
Lithuania,2010,10+,138,10006,0.013791724965020987
Lithuania,2010,10+,129,10006,0.01289226464121527
Lithuania,2010,10+,87,10006,0.008694783130121926
Lithuania,2010,10+,77,10006,0.007695382770337798
Lithuania,2010,10+,82,10006,0.008195082950229863
Lithuania,2010,10+,66,10006,0.006596042374575255
Lithuania,2010,10+,68,10006,0.006795922446532081
Lithuania,2010,10+,241,10006,0.02408554867079752
Lithuania,2009,0-1,125,9270,0.01348435814455232
Lithuania,2009,0-1,438,9270,0.04724919093851133
Lithuania,2009,1-2,553,9270,0.05965480043149946
Lithuania,2009,3-4,574,9270,0.06192017259978425
Lithuania,2009,3-4,509,9270,0.05490830636461704
Lithuania,2009,5-9,434,9270,0.04681769147788565
Lithuania,2009,5-9,342,9270,0.036893203883495145
Lithuania,2009,5-9,304,9270,0.03279395900755124
Lithuania,2009,5-9,296,9270,0.03193096008629989
Lithuania,2009,5-9,333,9270,0.035922330097087375
Lithuania,2009,10+,313,9270,0.033764832793959004
Lithuania,2009,10+,301,9270,0.03247033441208198
Lithuania,2009,10+,281,9270,0.030312837108953612
Lithuania,2009,10+,298,9270,0.03214670981661273
Lithuania,2009,10+,301,9270,0.03247033441208198
Lithuania,2009,10+,294,9270,0.03171521035598705
Lithuania,2009,10+,313,9270,0.033764832793959004
Lithuania,2009,10+,327,9270,0.035275080906148865
Lithuania,2009,10+,325,9270,0.03505933117583603
Lithuania,2009,10+,324,9270,0.03495145631067961
Lithuania,2009,10+,261,9270,0.02815533980582524
Lithuania,2009,10+,227,9270,0.024487594390507014
Lithuania,2009,10+,226,9270,0.024379719525350594
Lithuania,2009,10+,204,9270,0.022006472491909384
Lithuania,2009,10+,183,9270,0.019741100323624597
Lithuania,2009,10+,150,9270,0.016181229773462782
Lithuania,2009,10+,170,9270,0.018338727076591153
Lithuania,2009,10+,93,9270,0.010032362459546926
Lithuania,2009,10+,110,9270,0.011866235167206042
Lithuania,2009,10+,99,9270,0.010679611650485437
Lithuania,2009,10+,94,9270,0.010140237324703344
Lithuania,2009,10+,97,9270,0.0104638619201726
Lithuania,2009,10+,62,9270,0.00668824163969795
Lithuania,2009,10+,52,9270,0.005609492988133765
Lithuania,2009,10+,39,9270,0.004207119741100324
Lithuania,2009,10+,218,9270,0.023516720604099244
Lithuania,2008,0-1,122,10317,0.01182514296791703
Lithuania,2008,0-1,478,10317,0.04633129785790443
Lithuania,2008,1-2,586,10317,0.056799457206552294
Lithuania,2008,3-4,601,10317,0.05825336822719783
Lithuania,2008,3-4,550,10317,0.053310070757003
Lithuania,2008,5-9,461,10317,0.04468353203450615
Lithuania,2008,5-9,422,10317,0.04090336338082776
Lithuania,2008,5-9,369,10317,0.0357662111078802
Lithuania,2008,5-9,329,10317,0.031889115052825434
Lithuania,2008,5-9,369,10317,0.0357662111078802
Lithuania,2008,10+,336,10317,0.03256760686246002
Lithuania,2008,10+,318,10317,0.030822913637685374
Lithuania,2008,10+,336,10317,0.03256760686246002
Lithuania,2008,10+,363,10317,0.035184646699621985
Lithuania,2008,10+,352,10317,0.03411844528448192
Lithuania,2008,10+,352,10317,0.03411844528448192
Lithuania,2008,10+,381,10317,0.03692933992439663
Lithuania,2008,10+,424,10317,0.041097218183580496
Lithuania,2008,10+,368,10317,0.03566928370650383
Lithuania,2008,10+,344,10317,0.03334302607347097
Lithuania,2008,10+,283,10317,0.027430454589512456
Lithuania,2008,10+,256,10317,0.02481341475235049
Lithuania,2008,10+,241,10317,0.023359503731704954
Lithuania,2008,10+,256,10317,0.02481341475235049
Lithuania,2008,10+,200,10317,0.01938548027527382
Lithuania,2008,10+,178,10317,0.0172530774449937
Lithuania,2008,10+,161,10317,0.015605311621595425
Lithuania,2008,10+,160,10317,0.015508384220219057
Lithuania,2008,10+,107,10317,0.010371231947271494
Lithuania,2008,10+,119,10317,0.011534360763787922
Lithuania,2008,10+,83,10317,0.008044974314238635
Lithuania,2008,10+,63,10317,0.0061064262867112536
Lithuania,2008,10+,70,10317,0.006784918096345837
Lithuania,2008,10+,65,10317,0.006300281089463991
Lithuania,2008,10+,37,10317,0.0035863138509256566
Lithuania,2008,10+,177,10317,0.01715615004361733
Lithuania,2007,0-1,114,11336,0.010056457304163727
Lithuania,2007,0-1,419,11336,0.03696189131968949
Lithuania,2007,1-2,573,11336,0.0505469301340861
Lithuania,2007,3-4,636,11336,0.0561044460127029
Lithuania,2007,3-4,514,11336,0.04534227240649259
Lithuania,2007,5-9,474,11336,0.041813690896259706
Lithuania,2007,5-9,451,11336,0.039784756527875796
Lithuania,2007,5-9,413,11336,0.036432604093154554
Lithuania,2007,5-9,453,11336,0.03996118560338744
Lithuania,2007,5-9,421,11336,0.03713832039520113
Lithuania,2007,10+,442,11336,0.0389908256880734
Lithuania,2007,10+,401,11336,0.03537402964008469
Lithuania,2007,10+,418,11336,0.036873676781933665
Lithuania,2007,10+,389,11336,0.03431545518701482
Lithuania,2007,10+,392,11336,0.03458009880028229
Lithuania,2007,10+,466,11336,0.04110797459421313
Lithuania,2007,10+,474,11336,0.041813690896259706
Lithuania,2007,10+,430,11336,0.03793225123500353
Lithuania,2007,10+,388,11336,0.034227240649259
Lithuania,2007,10+,340,11336,0.029992942836979536
Lithuania,2007,10+,343,11336,0.030257586450247002
Lithuania,2007,10+,320,11336,0.028228652081863093
Lithuania,2007,10+,307,11336,0.027081863091037404
Lithuania,2007,10+,267,11336,0.023553281580804518
Lithuania,2007,10+,202,11336,0.017819336626676077
Lithuania,2007,10+,188,11336,0.016584333098094567
Lithuania,2007,10+,173,11336,0.015261115031757234
Lithuania,2007,10+,158,11336,0.013937896965419902
Lithuania,2007,10+,125,11336,0.01102681721947777
Lithuania,2007,10+,120,11336,0.01058574453069866
Lithuania,2007,10+,93,11336,0.008203952011291461
Lithuania,2007,10+,80,11336,0.007057163020465773
Lithuania,2007,10+,66,11336,0.005822159491884263
Lithuania,2007,10+,43,11336,0.003793225123500353
Lithuania,2007,10+,47,11336,0.004146083274523642
Lithuania,2007,10+,196,11336,0.017290049400141144
Lithuania,2005,0-1,74,11097,0.006668468955573578
Lithuania,2005,0-1,392,11097,0.03532486257547085
Lithuania,2005,1-2,494,11097,0.04451653600072092
Lithuania,2005,3-4,483,11097,0.04352527710191944
Lithuania,2005,3-4,462,11097,0.04163287374966207
Lithuania,2005,5-9,482,11097,0.04343516265657385
Lithuania,2005,5-9,557,11097,0.050193746057493015
Lithuania,2005,5-9,477,11097,0.042984590429845905
Lithuania,2005,5-9,436,11097,0.03928989817067676
Lithuania,2005,5-9,440,11097,0.03965035595205912
Lithuania,2005,10+,2487,11097,0.2241146255744796
Lithuania,2005,10+,1935,11097,0.17437145174371452
Lithuania,2005,10+,1178,11097,0.10615481661710373
Lithuania,2005,10+,1200,11097,0.10813733441470667
Lithuania,2004,0-1,49,10997,0.004455760661998727
Lithuania,2004,0-1,311,10997,0.028280440120032738
Lithuania,2004,1-2,405,10997,0.036828225879785396
Lithuania,2004,3-4,460,10997,0.04182958988815132
Lithuania,2004,3-4,532,10997,0.0483768300445576
Lithuania,2004,5-9,568,10997,0.051650450122760753
Lithuania,2004,5-9,527,10997,0.04792216058925161
Lithuania,2004,5-9,493,10997,0.044830408293170865
Lithuania,2004,5-9,518,10997,0.047103755569700825
Lithuania,2004,5-9,492,10997,0.044739474402109666
Lithuania,2004,10+,2525,10997,0.22960807492952623
Lithuania,2004,10+,1827,10997,0.16613621896880967
Lithuania,2004,10+,1144,10997,0.1040283713740111
Lithuania,2004,10+,1146,10997,0.10421023915613349
Lithuania,1997,0-1,124,11371,0.01090493360302524
Lithuania,1997,0-1,338,11371,0.02972473836953654
Lithuania,1997,1-2,586,11371,0.05153460557558702
Lithuania,1997,3-4,628,11371,0.055228212118547185
Lithuania,1997,3-4,751,11371,0.06604520270864479
Lithuania,1997,5-9,895,11371,0.0787089965702225
Lithuania,1997,5-9,853,11371,0.07501539002726233
Lithuania,1997,5-9,759,11371,0.06674874681206579
Lithuania,1997,5-9,671,11371,0.05900976167443497
Lithuania,1997,5-9,573,11371,0.050391346407527925
Lithuania,1997,10+,2271,11371,0.1997185823586316
Lithuania,1997,10+,1366,11371,0.12013015565913288
Lithuania,1997,10+,1555,11371,0.1367513851024536
Lithuania,1996,0-1,120,11311,0.010609141543630095
Lithuania,1996,0-1,355,11311,0.031385377066572365
Lithuania,1996,1-2,562,11311,0.049686146229334274
Lithuania,1996,3-4,716,11311,0.06330121121032622
Lithuania,1996,3-4,921,11311,0.08142516134736097
Lithuania,1996,5-9,921,11311,0.08142516134736097
Lithuania,1996,5-9,816,11311,0.07214216249668465
Lithuania,1996,5-9,676,11311,0.05976483069578287
Lithuania,1996,5-9,643,11311,0.056847316771284594
Lithuania,1996,5-9,570,11311,0.05039342233224295
Lithuania,1996,10+,2137,11311,0.18893112898947928
Lithuania,1996,10+,1369,11311,0.12103262311024666
Lithuania,1996,10+,1481,11311,0.1309344885509681
Lithuania,1995,0-1,116,10221,0.011349183054495646
Lithuania,1995,0-1,320,10221,0.031308091184815576
Lithuania,1995,1-2,617,10221,0.06036591331572253
Lithuania,1995,3-4,805,10221,0.07875941688680169
Lithuania,1995,3-4,869,10221,0.0850210351237648
Lithuania,1995,5-9,755,10221,0.07386752763917424
Lithuania,1995,5-9,686,10221,0.06711672047744839
Lithuania,1995,5-9,597,10221,0.05840915761667156
Lithuania,1995,5-9,569,10221,0.0556696996380002
Lithuania,1995,5-9,484,10221,0.04735348791703356
Lithuania,1995,10+,1982,10221,0.19391448977595147
Lithuania,1995,10+,1175,10221,0.11495939731924469
Lithuania,1995,10+,1243,10221,0.121612366696018
Luxembourg,2023,0-1,22,1359,0.016188373804267846
Luxembourg,2023,0-1,61,1359,0.044885945548197206
Luxembourg,2023,1-2,81,1359,0.059602649006622516
Luxembourg,2023,3-4,76,1359,0.05592347314201619
Luxembourg,2023,3-4,69,1359,0.05077262693156733
Luxembourg,2023,5-9,79,1359,0.058130978660779986
Luxembourg,2023,5-9,65,1359,0.047829286239882265
Luxembourg,2023,5-9,76,1359,0.05592347314201619
Luxembourg,2023,5-9,71,1359,0.05224429727740986
Luxembourg,2023,5-9,41,1359,0.03016924208977189
Luxembourg,2023,10+,223,1359,0.16409124356144222
Luxembourg,2023,10+,188,1359,0.13833701250919794
Luxembourg,2023,10+,127,1359,0.09345106696100074
Luxembourg,2023,10+,180,1359,0.13245033112582782
Luxembourg,2022,0-1,18,1243,0.014481094127111826
Luxembourg,2022,0-1,47,1243,0.03781174577634755
Luxembourg,2022,1-2,58,1243,0.04666130329847144
Luxembourg,2022,3-4,84,1243,0.06757843925985518
Luxembourg,2022,3-4,64,1243,0.05148833467417538
Luxembourg,2022,5-9,70,1243,0.05631536604987932
Luxembourg,2022,5-9,58,1243,0.04666130329847144
Luxembourg,2022,5-9,56,1243,0.04505229283990346
Luxembourg,2022,5-9,47,1243,0.03781174577634755
Luxembourg,2022,5-9,46,1243,0.03700724054706356
Luxembourg,2022,10+,233,1243,0.18744971842316976
Luxembourg,2022,10+,172,1243,0.13837489943684633
Luxembourg,2022,10+,108,1243,0.08688656476267095
Luxembourg,2022,10+,182,1243,0.14641995172968625
Luxembourg,2021,0-1,19,1400,0.013571428571428571
Luxembourg,2021,0-1,56,1400,0.04
Luxembourg,2021,1-2,65,1400,0.04642857142857143
Luxembourg,2021,3-4,93,1400,0.06642857142857143
Luxembourg,2021,3-4,76,1400,0.054285714285714284
Luxembourg,2021,5-9,97,1400,0.06928571428571428
Luxembourg,2021,5-9,75,1400,0.05357142857142857
Luxembourg,2021,5-9,63,1400,0.045
Luxembourg,2021,5-9,75,1400,0.05357142857142857
Luxembourg,2021,5-9,49,1400,0.035
Luxembourg,2021,10+,234,1400,0.16714285714285715
Luxembourg,2021,10+,196,1400,0.14
Luxembourg,2021,10+,114,1400,0.08142857142857143
Luxembourg,2021,10+,187,1400,0.13357142857142856
Luxembourg,2020,0-1,16,1447,0.0110573600552868
Luxembourg,2020,0-1,52,1447,0.0359364201796821
Luxembourg,2020,1-2,67,1447,0.04630269523151347
Luxembourg,2020,3-4,99,1447,0.06841741534208708
Luxembourg,2020,3-4,88,1447,0.0608154803040774
Luxembourg,2020,5-9,72,1447,0.0497581202487906
Luxembourg,2020,5-9,64,1447,0.0442294402211472
Luxembourg,2020,5-9,62,1447,0.04284727021423635
Luxembourg,2020,5-9,67,1447,0.04630269523151347
Luxembourg,2020,5-9,62,1447,0.04284727021423635
Luxembourg,2020,10+,263,1447,0.18175535590877678
Luxembourg,2020,10+,199,1447,0.1375259156876296
Luxembourg,2020,10+,145,1447,0.10020732550103663
Luxembourg,2020,10+,190,1447,0.13130615065653076
Luxembourg,2019,0-1,19,1906,0.009968520461699895
Luxembourg,2019,0-1,60,1906,0.03147953830010493
Luxembourg,2019,1-2,77,1906,0.040398740818468
Luxembourg,2019,3-4,110,1906,0.05771248688352571
Luxembourg,2019,3-4,112,1906,0.05876180482686254
Luxembourg,2019,5-9,106,1906,0.055613850996852045
Luxembourg,2019,5-9,82,1906,0.04302203567681007
Luxembourg,2019,5-9,95,1906,0.049842602308499476
Luxembourg,2019,5-9,74,1906,0.03882476390346275
Luxembourg,2019,5-9,74,1906,0.03882476390346275
Luxembourg,2019,10+,376,1906,0.19727177334732424
Luxembourg,2019,10+,234,1906,0.12277019937040923
Luxembourg,2019,10+,200,1906,0.1049317943336831
Luxembourg,2019,10+,287,1906,0.15057712486883526
Luxembourg,2018,0-1,6,1230,0.004878048780487805
Luxembourg,2018,0-1,17,1230,0.013821138211382113
Luxembourg,2018,1-2,40,1230,0.032520325203252036
Luxembourg,2018,3-4,74,1230,0.06016260162601626
Luxembourg,2018,3-4,77,1230,0.06260162601626017
Luxembourg,2018,5-9,65,1230,0.052845528455284556
Luxembourg,2018,5-9,65,1230,0.052845528455284556
Luxembourg,2018,5-9,58,1230,0.04715447154471545
Luxembourg,2018,5-9,46,1230,0.03739837398373984
Luxembourg,2018,5-9,49,1230,0.03983739837398374
Luxembourg,2018,10+,233,1230,0.18943089430894308
Luxembourg,2018,10+,186,1230,0.15121951219512195
Luxembourg,2018,10+,126,1230,0.1024390243902439
Luxembourg,2018,10+,186,1230,0.15121951219512195
Luxembourg,2017,0-1,7,1192,0.00587248322147651
Luxembourg,2017,0-1,31,1192,0.026006711409395974
Luxembourg,2017,1-2,36,1192,0.030201342281879196
Luxembourg,2017,3-4,56,1192,0.04697986577181208
Luxembourg,2017,3-4,57,1192,0.047818791946308725
Luxembourg,2017,5-9,60,1192,0.050335570469798654
Luxembourg,2017,5-9,51,1192,0.04278523489932886
Luxembourg,2017,5-9,67,1192,0.05620805369127517
Luxembourg,2017,5-9,66,1192,0.05536912751677853
Luxembourg,2017,5-9,49,1192,0.041107382550335574
Luxembourg,2017,10+,221,1192,0.18540268456375839
Luxembourg,2017,10+,187,1192,0.1568791946308725
Luxembourg,2017,10+,136,1192,0.11409395973154363
Luxembourg,2017,10+,168,1192,0.14093959731543623
Luxembourg,2016,0-1,4,1241,0.0032232070910556
Luxembourg,2016,0-1,17,1241,0.0136986301369863
Luxembourg,2016,1-2,37,1241,0.029814665592264304
Luxembourg,2016,3-4,53,1241,0.0427074939564867
Luxembourg,2016,3-4,61,1241,0.04915390813859791
Luxembourg,2016,5-9,68,1241,0.0547945205479452
Luxembourg,2016,5-9,52,1241,0.041901692183722805
Luxembourg,2016,5-9,77,1241,0.062046736502820304
Luxembourg,2016,5-9,48,1241,0.038678485092667206
Luxembourg,2016,5-9,66,1241,0.0531829170024174
Luxembourg,2016,10+,209,1241,0.16841257050765512
Luxembourg,2016,10+,176,1241,0.14182111200644643
Luxembourg,2016,10+,158,1241,0.12731668009669622
Luxembourg,2016,10+,215,1241,0.17324738114423852
Luxembourg,2015,0-1,9,1345,0.006691449814126394
Luxembourg,2015,0-1,12,1345,0.008921933085501859
Luxembourg,2015,1-2,37,1345,0.0275092936802974
Luxembourg,2015,3-4,58,1345,0.04312267657992565
Luxembourg,2015,3-4,72,1345,0.053531598513011154
Luxembourg,2015,5-9,73,1345,0.05427509293680297
Luxembourg,2015,5-9,61,1345,0.04535315985130112
Luxembourg,2015,5-9,84,1345,0.06245353159851301
Luxembourg,2015,5-9,61,1345,0.04535315985130112
Luxembourg,2015,5-9,63,1345,0.04684014869888476
Luxembourg,2015,10+,268,1345,0.19925650557620816
Luxembourg,2015,10+,203,1345,0.15092936802973977
Luxembourg,2015,10+,160,1345,0.11895910780669144
Luxembourg,2015,10+,184,1345,0.13680297397769517
Luxembourg,2013,0-1,0,1163,0
Luxembourg,2013,0-1,10,1163,0.008598452278589854
Luxembourg,2013,1-2,28,1163,0.02407566638005159
Luxembourg,2013,3-4,48,1163,0.0412725709372313
Luxembourg,2013,3-4,77,1163,0.06620808254514188
Luxembourg,2013,5-9,54,1163,0.046431642304385214
Luxembourg,2013,5-9,51,1163,0.043852106620808254
Luxembourg,2013,5-9,59,1163,0.05073086844368014
Luxembourg,2013,5-9,75,1163,0.0644883920894239
Luxembourg,2013,5-9,52,1163,0.04471195184866724
Luxembourg,2013,10+,239,1163,0.2055030094582975
Luxembourg,2013,10+,170,1163,0.1461736887360275
Luxembourg,2013,10+,131,1163,0.11263972484952708
Luxembourg,2013,10+,169,1163,0.14531384350816853
Luxembourg,2010,0-1,9,1083,0.008310249307479225
Luxembourg,2010,0-1,10,1083,0.009233610341643583
Luxembourg,2010,1-2,34,1083,0.03139427516158818
Luxembourg,2010,3-4,66,1083,0.060941828254847646
Luxembourg,2010,3-4,66,1083,0.060941828254847646
Luxembourg,2010,5-9,60,1083,0.055401662049861494
Luxembourg,2010,5-9,63,1083,0.05817174515235457
Luxembourg,2010,5-9,61,1083,0.05632502308402586
Luxembourg,2010,5-9,57,1083,0.05263157894736842
Luxembourg,2010,5-9,56,1083,0.05170821791320406
Luxembourg,2010,10+,45,1083,0.04155124653739612
Luxembourg,2010,10+,36,1083,0.0332409972299169
Luxembourg,2010,10+,30,1083,0.027700831024930747
Luxembourg,2010,10+,32,1083,0.029547553093259463
Luxembourg,2010,10+,43,1083,0.03970452446906741
Luxembourg,2010,10+,30,1083,0.027700831024930747
Luxembourg,2010,10+,40,1083,0.03693444136657433
Luxembourg,2010,10+,45,1083,0.04155124653739612
Luxembourg,2010,10+,31,1083,0.028624192059095107
Luxembourg,2010,10+,40,1083,0.03693444136657433
Luxembourg,2010,10+,21,1083,0.019390581717451522
Luxembourg,2010,10+,28,1083,0.02585410895660203
Luxembourg,2010,10+,25,1083,0.023084025854108958
Luxembourg,2010,10+,17,1083,0.01569713758079409
Luxembourg,2010,10+,25,1083,0.023084025854108958
Luxembourg,2010,10+,13,1083,0.012003693444136657
Luxembourg,2010,10+,11,1083,0.010156971375807941
Luxembourg,2010,10+,13,1083,0.012003693444136657
Luxembourg,2010,10+,16,1083,0.014773776546629732
Luxembourg,2010,10+,11,1083,0.010156971375807941
Luxembourg,2010,10+,9,1083,0.008310249307479225
Luxembourg,2010,10+,10,1083,0.009233610341643583
Luxembourg,2010,10+,3,1083,0.002770083102493075
Luxembourg,2010,10+,3,1083,0.002770083102493075
Luxembourg,2010,10+,2,1083,0.0018467220683287165
Luxembourg,2010,10+,22,1083,0.020313942751615882
Luxembourg,2009,0-1,8,1052,0.0076045627376425855
Luxembourg,2009,0-1,10,1052,0.009505703422053232
Luxembourg,2009,1-2,37,1052,0.03517110266159696
Luxembourg,2009,3-4,53,1052,0.05038022813688213
Luxembourg,2009,3-4,60,1052,0.057034220532319393
Luxembourg,2009,5-9,58,1052,0.055133079847908745
Luxembourg,2009,5-9,51,1052,0.04847908745247148
Luxembourg,2009,5-9,49,1052,0.04657794676806084
Luxembourg,2009,5-9,46,1052,0.043726235741444866
Luxembourg,2009,5-9,55,1052,0.05228136882129278
Luxembourg,2009,10+,62,1052,0.058935361216730035
Luxembourg,2009,10+,44,1052,0.04182509505703422
Luxembourg,2009,10+,25,1052,0.02376425855513308
Luxembourg,2009,10+,30,1052,0.028517110266159697
Luxembourg,2009,10+,34,1052,0.03231939163498099
Luxembourg,2009,10+,37,1052,0.03517110266159696
Luxembourg,2009,10+,38,1052,0.03612167300380228
Luxembourg,2009,10+,38,1052,0.03612167300380228
Luxembourg,2009,10+,31,1052,0.029467680608365018
Luxembourg,2009,10+,30,1052,0.028517110266159697
Luxembourg,2009,10+,37,1052,0.03517110266159696
Luxembourg,2009,10+,20,1052,0.019011406844106463
Luxembourg,2009,10+,30,1052,0.028517110266159697
Luxembourg,2009,10+,19,1052,0.01806083650190114
Luxembourg,2009,10+,21,1052,0.019961977186311788
Luxembourg,2009,10+,12,1052,0.011406844106463879
Luxembourg,2009,10+,14,1052,0.013307984790874524
Luxembourg,2009,10+,13,1052,0.012357414448669201
Luxembourg,2009,10+,14,1052,0.013307984790874524
Luxembourg,2009,10+,5,1052,0.004752851711026616
Luxembourg,2009,10+,14,1052,0.013307984790874524
Luxembourg,2009,10+,8,1052,0.0076045627376425855
Luxembourg,2009,10+,9,1052,0.008555133079847909
Luxembourg,2009,10+,2,1052,0.0019011406844106464
Luxembourg,2009,10+,6,1052,0.005703422053231939
Luxembourg,2009,10+,29,1052,0.027566539923954372
Luxembourg,2008,0-1,7,977,0.007164790174002047
Luxembourg,2008,0-1,15,977,0.015353121801432957
Luxembourg,2008,1-2,40,977,0.04094165813715456
Luxembourg,2008,3-4,52,977,0.05322415557830092
Luxembourg,2008,3-4,56,977,0.057318321392016376
Luxembourg,2008,5-9,76,977,0.07778915046059365
Luxembourg,2008,5-9,44,977,0.04503582395087001
Luxembourg,2008,5-9,55,977,0.05629477993858751
Luxembourg,2008,5-9,40,977,0.04094165813715456
Luxembourg,2008,5-9,49,977,0.05015353121801433
Luxembourg,2008,10+,35,977,0.03582395087001024
Luxembourg,2008,10+,28,977,0.028659160696008188
Luxembourg,2008,10+,29,977,0.02968270214943705
Luxembourg,2008,10+,30,977,0.030706243602865915
Luxembourg,2008,10+,40,977,0.04094165813715456
Luxembourg,2008,10+,35,977,0.03582395087001024
Luxembourg,2008,10+,34,977,0.03480040941658137
Luxembourg,2008,10+,35,977,0.03582395087001024
Luxembourg,2008,10+,25,977,0.0255885363357216
Luxembourg,2008,10+,28,977,0.028659160696008188
Luxembourg,2008,10+,25,977,0.0255885363357216
Luxembourg,2008,10+,26,977,0.02661207778915046
Luxembourg,2008,10+,17,977,0.017400204708290685
Luxembourg,2008,10+,21,977,0.021494370522006142
Luxembourg,2008,10+,18,977,0.01842374616171955
Luxembourg,2008,10+,14,977,0.014329580348004094
Luxembourg,2008,10+,13,977,0.01330603889457523
Luxembourg,2008,10+,10,977,0.01023541453428864
Luxembourg,2008,10+,12,977,0.012282497441146366
Luxembourg,2008,10+,10,977,0.01023541453428864
Luxembourg,2008,10+,8,977,0.008188331627430911
Luxembourg,2008,10+,4,977,0.0040941658137154556
Luxembourg,2008,10+,7,977,0.007164790174002047
Luxembourg,2008,10+,9,977,0.009211873080859774
Luxembourg,2008,10+,5,977,0.00511770726714432
Luxembourg,2008,10+,25,977,0.0255885363357216
Luxembourg,2007,0-1,9,1106,0.0081374321880651
Luxembourg,2007,0-1,12,1106,0.0108499095840868
Luxembourg,2007,1-2,33,1106,0.029837251356238697
Luxembourg,2007,3-4,74,1106,0.06690777576853527
Luxembourg,2007,3-4,55,1106,0.04972875226039783
Luxembourg,2007,5-9,72,1106,0.0650994575045208
Luxembourg,2007,5-9,68,1106,0.06148282097649186
Luxembourg,2007,5-9,56,1106,0.05063291139240506
Luxembourg,2007,5-9,70,1106,0.06329113924050633
Luxembourg,2007,5-9,47,1106,0.042495479204339964
Luxembourg,2007,10+,43,1106,0.03887884267631103
Luxembourg,2007,10+,51,1106,0.0461121157323689
Luxembourg,2007,10+,42,1106,0.0379746835443038
Luxembourg,2007,10+,43,1106,0.03887884267631103
Luxembourg,2007,10+,42,1106,0.0379746835443038
Luxembourg,2007,10+,34,1106,0.03074141048824593
Luxembourg,2007,10+,39,1106,0.0352622061482821
Luxembourg,2007,10+,43,1106,0.03887884267631103
Luxembourg,2007,10+,31,1106,0.02802893309222423
Luxembourg,2007,10+,22,1106,0.019891500904159132
Luxembourg,2007,10+,21,1106,0.0189873417721519
Luxembourg,2007,10+,25,1106,0.022603978300180832
Luxembourg,2007,10+,13,1106,0.011754068716094032
Luxembourg,2007,10+,21,1106,0.0189873417721519
Luxembourg,2007,10+,22,1106,0.019891500904159132
Luxembourg,2007,10+,16,1106,0.014466546112115732
Luxembourg,2007,10+,8,1106,0.007233273056057866
Luxembourg,2007,10+,12,1106,0.0108499095840868
Luxembourg,2007,10+,7,1106,0.006329113924050633
Luxembourg,2007,10+,16,1106,0.014466546112115732
Luxembourg,2007,10+,9,1106,0.0081374321880651
Luxembourg,2007,10+,8,1106,0.007233273056057866
Luxembourg,2007,10+,9,1106,0.0081374321880651
Luxembourg,2007,10+,6,1106,0.0054249547920434
Luxembourg,2007,10+,5,1106,0.0045207956600361665
Luxembourg,2007,10+,22,1106,0.019891500904159132
Luxembourg,2004,0-1,5,1055,0.004739336492890996
Luxembourg,2004,0-1,16,1055,0.015165876777251185
Luxembourg,2004,1-2,47,1055,0.04454976303317536
Luxembourg,2004,3-4,55,1055,0.052132701421800945
Luxembourg,2004,3-4,82,1055,0.07772511848341232
Luxembourg,2004,5-9,49,1055,0.046445497630331754
Luxembourg,2004,5-9,64,1055,0.06066350710900474
Luxembourg,2004,5-9,58,1055,0.054976303317535544
Luxembourg,2004,5-9,49,1055,0.046445497630331754
Luxembourg,2004,5-9,40,1055,0.037914691943127965
Luxembourg,2004,10+,232,1055,0.21990521327014217
Luxembourg,2004,10+,146,1055,0.13838862559241707
Luxembourg,2004,10+,99,1055,0.0938388625592417
Luxembourg,2004,10+,113,1055,0.10710900473933649
Luxembourg,1996,0-1,2,817,0.0024479804161566705
Luxembourg,1996,0-1,13,817,0.01591187270501836
Luxembourg,1996,1-2,22,817,0.02692778457772338
Luxembourg,1996,3-4,70,817,0.08567931456548347
Luxembourg,1996,3-4,63,817,0.07711138310893513
Luxembourg,1996,5-9,67,817,0.08200734394124846
Luxembourg,1996,5-9,53,817,0.06487148102815178
Luxembourg,1996,5-9,60,817,0.07343941248470012
Luxembourg,1996,5-9,40,817,0.04895960832313342
Luxembourg,1996,5-9,37,817,0.04528763769889841
Luxembourg,1996,10+,135,817,0.16523867809057527
Luxembourg,1996,10+,121,817,0.1481028151774786
Luxembourg,1996,10+,132,817,0.16156670746634028
Luxembourg,1995,0-1,3,727,0.0041265474552957355
Luxembourg,1995,0-1,19,727,0.026134800550206328
Luxembourg,1995,1-2,11,727,0.015130674002751032
Luxembourg,1995,3-4,62,727,0.08528198074277854
Luxembourg,1995,3-4,66,727,0.0907840440165062
Luxembourg,1995,5-9,43,727,0.059147180192572216
Luxembourg,1995,5-9,49,727,0.06740027510316368
Luxembourg,1995,5-9,40,727,0.055020632737276476
Luxembourg,1995,5-9,25,727,0.0343878954607978
Luxembourg,1995,5-9,24,727,0.033012379642365884
Luxembourg,1995,10+,144,727,0.19807427785419532
Luxembourg,1995,10+,93,727,0.1279229711141678
Luxembourg,1995,10+,148,727,0.20357634112792297
Malta,2011,0-1,0,42,0
Malta,2011,0-1,0,42,0
Malta,2011,1-2,0,42,0
Malta,2011,3-4,0,42,0
Malta,2011,3-4,0,42,0
Malta,2011,5-9,0,42,0
Malta,2011,5-9,1,42,0.023809523809523808
Malta,2011,5-9,1,42,0.023809523809523808
Malta,2011,5-9,0,42,0
Malta,2011,5-9,0,42,0
Malta,2011,10+,4,42,0.09523809523809523
Malta,2011,10+,4,42,0.09523809523809523
Malta,2011,10+,1,42,0.023809523809523808
Malta,2011,10+,3,42,0.07142857142857142
Malta,2011,10+,3,42,0.07142857142857142
Malta,2011,10+,1,42,0.023809523809523808
Malta,2011,10+,0,42,0
Malta,2011,10+,2,42,0.047619047619047616
Malta,2011,10+,0,42,0
Malta,2011,10+,1,42,0.023809523809523808
Malta,2011,10+,0,42,0
Malta,2011,10+,2,42,0.047619047619047616
Malta,2011,10+,1,42,0.023809523809523808
Malta,2011,10+,2,42,0.047619047619047616
Malta,2011,10+,3,42,0.07142857142857142
Malta,2011,10+,1,42,0.023809523809523808
Malta,2011,10+,0,42,0
Malta,2011,10+,0,42,0
Malta,2011,10+,0,42,0
Malta,2011,10+,1,42,0.023809523809523808
Malta,2011,10+,1,42,0.023809523809523808
Malta,2011,10+,1,42,0.023809523809523808
Malta,2011,10+,2,42,0.047619047619047616
Malta,2011,10+,0,42,0
Malta,2011,10+,1,42,0.023809523809523808
Malta,2011,10+,6,42,0.14285714285714285
Montenegro,2023,0-1,33,775,0.04258064516129032
Montenegro,2023,3-4,152,775,0.19612903225806452
Montenegro,2023,5-9,147,775,0.1896774193548387
Montenegro,2023,10+,143,775,0.18451612903225806
Montenegro,2023,10+,93,775,0.12
Montenegro,2023,10+,207,775,0.2670967741935484
Montenegro,2022,0-1,23,690,0.03333333333333333
Montenegro,2022,3-4,154,690,0.22318840579710145
Montenegro,2022,5-9,169,690,0.24492753623188407
Montenegro,2022,10+,119,690,0.17246376811594202
Montenegro,2022,10+,88,690,0.12753623188405797
Montenegro,2022,10+,137,690,0.19855072463768117
Montenegro,2021,0-1,17,768,0.022135416666666668
Montenegro,2021,0-1,36,768,0.046875
Montenegro,2021,1-2,49,768,0.06380208333333333
Montenegro,2021,3-4,53,768,0.06901041666666667
Montenegro,2021,3-4,38,768,0.049479166666666664
Montenegro,2021,5-9,53,768,0.06901041666666667
Montenegro,2021,5-9,40,768,0.052083333333333336
Montenegro,2021,5-9,50,768,0.06510416666666667
Montenegro,2021,5-9,27,768,0.03515625
Montenegro,2021,5-9,29,768,0.037760416666666664
Montenegro,2021,10+,129,768,0.16796875
Montenegro,2021,10+,85,768,0.11067708333333333
Montenegro,2021,10+,66,768,0.0859375
Montenegro,2021,10+,96,768,0.125
Montenegro,2020,0-1,12,784,0.015306122448979591
Montenegro,2020,0-1,55,784,0.07015306122448979
Montenegro,2020,1-2,45,784,0.05739795918367347
Montenegro,2020,3-4,52,784,0.0663265306122449
Montenegro,2020,3-4,45,784,0.05739795918367347
Montenegro,2020,5-9,52,784,0.0663265306122449
Montenegro,2020,5-9,55,784,0.07015306122448979
Montenegro,2020,5-9,36,784,0.04591836734693878
Montenegro,2020,5-9,37,784,0.047193877551020405
Montenegro,2020,5-9,36,784,0.04591836734693878
Montenegro,2020,10+,108,784,0.1377551020408163
Montenegro,2020,10+,94,784,0.11989795918367346
Montenegro,2020,10+,74,784,0.09438775510204081
Montenegro,2020,10+,83,784,0.10586734693877552
Montenegro,2019,0-1,26,841,0.030915576694411414
Montenegro,2019,0-1,60,841,0.0713436385255648
Montenegro,2019,1-2,58,841,0.06896551724137931
Montenegro,2019,3-4,57,841,0.06777645659928656
Montenegro,2019,3-4,70,841,0.08323424494649227
Montenegro,2019,5-9,46,841,0.054696789536266346
Montenegro,2019,5-9,44,841,0.052318668252080855
Montenegro,2019,5-9,39,841,0.04637336504161712
Montenegro,2019,5-9,29,841,0.034482758620689655
Montenegro,2019,5-9,30,841,0.0356718192627824
Montenegro,2019,10+,128,841,0.15219976218787157
Montenegro,2019,10+,90,841,0.1070154577883472
Montenegro,2019,10+,65,841,0.07728894173602854
Montenegro,2019,10+,99,841,0.11771700356718193
Montenegro,2018,0-1,25,849,0.02944640753828033
Montenegro,2018,0-1,54,849,0.0636042402826855
Montenegro,2018,1-2,63,849,0.07420494699646643
Montenegro,2018,3-4,70,849,0.08244994110718493
Montenegro,2018,3-4,63,849,0.07420494699646643
Montenegro,2018,5-9,42,849,0.04946996466431095
Montenegro,2018,5-9,31,849,0.03651354534746761
Montenegro,2018,5-9,35,849,0.04122497055359246
Montenegro,2018,5-9,34,849,0.04004711425206125
Montenegro,2018,5-9,29,849,0.03415783274440518
Montenegro,2018,10+,137,849,0.16136631330977622
Montenegro,2018,10+,100,849,0.11778563015312132
Montenegro,2018,10+,61,849,0.071849234393404
Montenegro,2018,10+,105,849,0.12367491166077739
Montenegro,2017,0-1,38,765,0.04967320261437908
Montenegro,2017,0-1,50,765,0.06535947712418301
Montenegro,2017,1-2,57,765,0.07450980392156863
Montenegro,2017,3-4,47,765,0.06143790849673202
Montenegro,2017,3-4,43,765,0.05620915032679739
Montenegro,2017,5-9,45,765,0.058823529411764705
Montenegro,2017,5-9,31,765,0.040522875816993466
Montenegro,2017,5-9,40,765,0.05228758169934641
Montenegro,2017,5-9,35,765,0.0457516339869281
Montenegro,2017,5-9,44,765,0.05751633986928104
Montenegro,2017,10+,110,765,0.1437908496732026
Montenegro,2017,10+,84,765,0.10980392156862745
Montenegro,2017,10+,64,765,0.08366013071895424
Montenegro,2017,10+,77,765,0.10065359477124183
Montenegro,2016,0-1,36,703,0.051209103840682786
Montenegro,2016,0-1,47,703,0.06685633001422475
Montenegro,2016,1-2,41,703,0.05832147937411095
Montenegro,2016,3-4,38,703,0.05405405405405406
Montenegro,2016,3-4,41,703,0.05832147937411095
Montenegro,2016,5-9,37,703,0.05263157894736842
Montenegro,2016,5-9,34,703,0.04836415362731152
Montenegro,2016,5-9,31,703,0.044096728307254626
Montenegro,2016,5-9,30,703,0.04267425320056899
Montenegro,2016,5-9,23,703,0.032716927453769556
Montenegro,2016,10+,123,703,0.17496443812233287
Montenegro,2016,10+,80,703,0.11379800853485064
Montenegro,2016,10+,67,703,0.0953058321479374
Montenegro,2016,10+,75,703,0.10668563300142248
Montenegro,2014,0-1,36,584,0.06164383561643835
Montenegro,2014,0-1,32,584,0.0547945205479452
Montenegro,2014,1-2,35,584,0.059931506849315065
Montenegro,2014,3-4,32,584,0.0547945205479452
Montenegro,2014,3-4,35,584,0.059931506849315065
Montenegro,2014,5-9,31,584,0.053082191780821915
Montenegro,2014,5-9,32,584,0.0547945205479452
Montenegro,2014,5-9,29,584,0.04965753424657534
Montenegro,2014,5-9,30,584,0.05136986301369863
Montenegro,2014,5-9,20,584,0.03424657534246575
Montenegro,2014,10+,88,584,0.1506849315068493
Montenegro,2014,10+,77,584,0.13184931506849315
Montenegro,2014,10+,42,584,0.07191780821917808
Montenegro,2014,10+,65,584,0.1113013698630137
Montenegro,2013,0-1,21,499,0.04208416833667335
Montenegro,2013,0-1,29,499,0.05811623246492986
Montenegro,2013,1-2,29,499,0.05811623246492986
Montenegro,2013,3-4,38,499,0.07615230460921844
Montenegro,2013,3-4,36,499,0.07214428857715431
Montenegro,2013,5-9,31,499,0.06212424849699399
Montenegro,2013,5-9,25,499,0.050100200400801605
Montenegro,2013,5-9,27,499,0.05410821643286573
Montenegro,2013,5-9,21,499,0.04208416833667335
Montenegro,2013,5-9,16,499,0.03206412825651302
Montenegro,2013,10+,85,499,0.17034068136272545
Montenegro,2013,10+,49,499,0.09819639278557114
Montenegro,2013,10+,52,499,0.10420841683366733
Montenegro,2013,10+,40,499,0.08016032064128256
Montenegro,2012,0-1,20,515,0.038834951456310676
Montenegro,2012,0-1,31,515,0.06019417475728155
Montenegro,2012,1-2,32,515,0.062135922330097085
Montenegro,2012,3-4,48,515,0.09320388349514563
Montenegro,2012,3-4,36,515,0.06990291262135923
Montenegro,2012,5-9,22,515,0.04271844660194175
Montenegro,2012,5-9,26,515,0.05048543689320388
Montenegro,2012,5-9,33,515,0.06407766990291262
Montenegro,2012,5-9,17,515,0.03300970873786408
Montenegro,2012,5-9,22,515,0.04271844660194175
Montenegro,2012,10+,13,515,0.02524271844660194
Montenegro,2012,10+,14,515,0.027184466019417475
Montenegro,2012,10+,23,515,0.04466019417475728
Montenegro,2012,10+,13,515,0.02524271844660194
Montenegro,2012,10+,13,515,0.02524271844660194
Montenegro,2012,10+,19,515,0.036893203883495145
Montenegro,2012,10+,7,515,0.013592233009708738
Montenegro,2012,10+,13,515,0.02524271844660194
Montenegro,2012,10+,6,515,0.011650485436893204
Montenegro,2012,10+,12,515,0.02330097087378641
Montenegro,2012,10+,9,515,0.017475728155339806
Montenegro,2012,10+,10,515,0.019417475728155338
Montenegro,2012,10+,10,515,0.019417475728155338
Montenegro,2012,10+,5,515,0.009708737864077669
Montenegro,2012,10+,6,515,0.011650485436893204
Montenegro,2012,10+,4,515,0.007766990291262136
Montenegro,2012,10+,7,515,0.013592233009708738
Montenegro,2012,10+,8,515,0.015533980582524271
Montenegro,2012,10+,3,515,0.005825242718446602
Montenegro,2012,10+,4,515,0.007766990291262136
Montenegro,2012,10+,5,515,0.009708737864077669
Montenegro,2012,10+,2,515,0.003883495145631068
Montenegro,2012,10+,5,515,0.009708737864077669
Montenegro,2012,10+,1,515,0.001941747572815534
Montenegro,2012,10+,2,515,0.003883495145631068
Montenegro,2012,10+,14,515,0.027184466019417475
Montenegro,2011,0-1,20,471,0.04246284501061571
Montenegro,2011,0-1,36,471,0.07643312101910828
Montenegro,2011,1-2,44,471,0.09341825902335456
Montenegro,2011,3-4,30,471,0.06369426751592357
Montenegro,2011,3-4,25,471,0.05307855626326964
Montenegro,2011,5-9,21,471,0.044585987261146494
Montenegro,2011,5-9,29,471,0.06157112526539278
Montenegro,2011,5-9,21,471,0.044585987261146494
Montenegro,2011,5-9,23,471,0.04883227176220807
Montenegro,2011,5-9,19,471,0.040339702760084924
Montenegro,2011,10+,14,471,0.029723991507430998
Montenegro,2011,10+,14,471,0.029723991507430998
Montenegro,2011,10+,18,471,0.03821656050955414
Montenegro,2011,10+,13,471,0.027600849256900213
Montenegro,2011,10+,15,471,0.03184713375796178
Montenegro,2011,10+,11,471,0.02335456475583864
Montenegro,2011,10+,10,471,0.021231422505307854
Montenegro,2011,10+,9,471,0.01910828025477707
Montenegro,2011,10+,8,471,0.016985138004246284
Montenegro,2011,10+,11,471,0.02335456475583864
Montenegro,2011,10+,10,471,0.021231422505307854
Montenegro,2011,10+,10,471,0.021231422505307854
Montenegro,2011,10+,4,471,0.008492569002123142
Montenegro,2011,10+,13,471,0.027600849256900213
Montenegro,2011,10+,6,471,0.012738853503184714
Montenegro,2011,10+,5,471,0.010615711252653927
Montenegro,2011,10+,3,471,0.006369426751592357
Montenegro,2011,10+,9,471,0.01910828025477707
Montenegro,2011,10+,4,471,0.008492569002123142
Montenegro,2011,10+,2,471,0.004246284501061571
Montenegro,2011,10+,3,471,0.006369426751592357
Montenegro,2011,10+,0,471,0
Montenegro,2011,10+,1,471,0.0021231422505307855
Montenegro,2011,10+,3,471,0.006369426751592357
Montenegro,2011,10+,1,471,0.0021231422505307855
Montenegro,2011,10+,6,471,0.012738853503184714
Montenegro,2009,0-1,11,456,0.02412280701754386
Montenegro,2009,0-1,38,456,0.08333333333333333
Montenegro,2009,1-2,48,456,0.10526315789473684
Montenegro,2009,3-4,42,456,0.09210526315789473
Montenegro,2009,3-4,39,456,0.08552631578947369
Montenegro,2009,5-9,32,456,0.07017543859649122
Montenegro,2009,5-9,19,456,0.041666666666666664
Montenegro,2009,5-9,16,456,0.03508771929824561
Montenegro,2009,5-9,16,456,0.03508771929824561
Montenegro,2009,5-9,28,456,0.06140350877192982
Montenegro,2009,10+,13,456,0.02850877192982456
Montenegro,2009,10+,11,456,0.02412280701754386
Montenegro,2009,10+,10,456,0.021929824561403508
Montenegro,2009,10+,9,456,0.019736842105263157
Montenegro,2009,10+,8,456,0.017543859649122806
Montenegro,2009,10+,9,456,0.019736842105263157
Montenegro,2009,10+,14,456,0.03070175438596491
Montenegro,2009,10+,6,456,0.013157894736842105
Montenegro,2009,10+,4,456,0.008771929824561403
Montenegro,2009,10+,8,456,0.017543859649122806
Montenegro,2009,10+,7,456,0.015350877192982455
Montenegro,2009,10+,8,456,0.017543859649122806
Montenegro,2009,10+,4,456,0.008771929824561403
Montenegro,2009,10+,5,456,0.010964912280701754
Montenegro,2009,10+,4,456,0.008771929824561403
Montenegro,2009,10+,6,456,0.013157894736842105
Montenegro,2009,10+,3,456,0.006578947368421052
Montenegro,2009,10+,6,456,0.013157894736842105
Montenegro,2009,10+,8,456,0.017543859649122806
Montenegro,2009,10+,5,456,0.010964912280701754
Montenegro,2009,10+,4,456,0.008771929824561403
Montenegro,2009,10+,1,456,0.0021929824561403508
Montenegro,2009,10+,0,456,0
Montenegro,2009,10+,1,456,0.0021929824561403508
Montenegro,2009,10+,2,456,0.0043859649122807015
Montenegro,2009,10+,11,456,0.02412280701754386
Montenegro,2008,0-1,26,460,0.05652173913043478
Montenegro,2008,0-1,43,460,0.09347826086956522
Montenegro,2008,1-2,22,460,0.04782608695652174
Montenegro,2008,3-4,34,460,0.07391304347826087
Montenegro,2008,3-4,30,460,0.06521739130434782
Montenegro,2008,5-9,31,460,0.06739130434782609
Montenegro,2008,5-9,16,460,0.034782608695652174
Montenegro,2008,5-9,23,460,0.05
Montenegro,2008,5-9,17,460,0.036956521739130437
Montenegro,2008,5-9,18,460,0.0391304347826087
Montenegro,2008,10+,19,460,0.041304347826086954
Montenegro,2008,10+,9,460,0.01956521739130435
Montenegro,2008,10+,19,460,0.041304347826086954
Montenegro,2008,10+,6,460,0.013043478260869565
Montenegro,2008,10+,14,460,0.030434782608695653
Montenegro,2008,10+,9,460,0.01956521739130435
Montenegro,2008,10+,15,460,0.03260869565217391
Montenegro,2008,10+,11,460,0.02391304347826087
Montenegro,2008,10+,8,460,0.017391304347826087
Montenegro,2008,10+,10,460,0.021739130434782608
Montenegro,2008,10+,9,460,0.01956521739130435
Montenegro,2008,10+,5,460,0.010869565217391304
Montenegro,2008,10+,10,460,0.021739130434782608
Montenegro,2008,10+,10,460,0.021739130434782608
Montenegro,2008,10+,8,460,0.017391304347826087
Montenegro,2008,10+,2,460,0.004347826086956522
Montenegro,2008,10+,9,460,0.01956521739130435
Montenegro,2008,10+,5,460,0.010869565217391304
Montenegro,2008,10+,1,460,0.002173913043478261
Montenegro,2008,10+,3,460,0.006521739130434782
Montenegro,2008,10+,2,460,0.004347826086956522
Montenegro,2008,10+,3,460,0.006521739130434782
Montenegro,2008,10+,3,460,0.006521739130434782
Montenegro,2008,10+,2,460,0.004347826086956522
Montenegro,2008,10+,1,460,0.002173913043478261
Montenegro,2008,10+,7,460,0.015217391304347827
Montenegro,2007,0-1,16,453,0.03532008830022075
Montenegro,2007,0-1,38,453,0.08388520971302428
Montenegro,2007,1-2,46,453,0.10154525386313466
Montenegro,2007,3-4,41,453,0.09050772626931568
Montenegro,2007,3-4,33,453,0.0728476821192053
Montenegro,2007,5-9,25,453,0.05518763796909492
Montenegro,2007,5-9,24,453,0.052980132450331126
Montenegro,2007,5-9,24,453,0.052980132450331126
Montenegro,2007,5-9,18,453,0.039735099337748346
Montenegro,2007,5-9,14,453,0.03090507726269316
Montenegro,2007,10+,14,453,0.03090507726269316
Montenegro,2007,10+,10,453,0.02207505518763797
Montenegro,2007,10+,11,453,0.024282560706401765
Montenegro,2007,10+,9,453,0.019867549668874173
Montenegro,2007,10+,15,453,0.033112582781456956
Montenegro,2007,10+,11,453,0.024282560706401765
Montenegro,2007,10+,10,453,0.02207505518763797
Montenegro,2007,10+,13,453,0.02869757174392936
Montenegro,2007,10+,4,453,0.008830022075055188
Montenegro,2007,10+,11,453,0.024282560706401765
Montenegro,2007,10+,10,453,0.02207505518763797
Montenegro,2007,10+,12,453,0.026490066225165563
Montenegro,2007,10+,8,453,0.017660044150110375
Montenegro,2007,10+,4,453,0.008830022075055188
Montenegro,2007,10+,3,453,0.006622516556291391
Montenegro,2007,10+,4,453,0.008830022075055188
Montenegro,2007,10+,5,453,0.011037527593818985
Montenegro,2007,10+,4,453,0.008830022075055188
Montenegro,2007,10+,3,453,0.006622516556291391
Montenegro,2007,10+,0,453,0
Montenegro,2007,10+,3,453,0.006622516556291391
Montenegro,2007,10+,0,453,0
Montenegro,2007,10+,1,453,0.002207505518763797
Montenegro,2007,10+,3,453,0.006622516556291391
Montenegro,2007,10+,2,453,0.004415011037527594
Montenegro,2007,10+,4,453,0.008830022075055188
Montenegro,2006,0-1,18,470,0.03829787234042553
Montenegro,2006,1-2,63,470,0.13404255319148936
Montenegro,2006,3-4,74,470,0.1574468085106383
Montenegro,2006,5-9,315,470,0.6702127659574468
Montenegro,2005,0-1,15,499,0.03006012024048096
Montenegro,2005,1-2,85,499,0.17034068136272545
Montenegro,2005,3-4,74,499,0.14829659318637275
Montenegro,2005,5-9,325,499,0.6513026052104208
Montenegro,2004,0-1,18,505,0.03564356435643564
Montenegro,2004,1-2,73,505,0.14455445544554454
Montenegro,2004,3-4,61,505,0.12079207920792079
Montenegro,2004,5-9,353,505,0.699009900990099
Montenegro,2003,0-1,33,494,0.06680161943319839
Montenegro,2003,1-2,73,494,0.14777327935222673
Montenegro,2003,3-4,67,494,0.13562753036437247
Montenegro,2003,5-9,321,494,0.6497975708502024
Montenegro,2002,0-1,19,506,0.037549407114624504
Montenegro,2002,1-2,72,506,0.1422924901185771
Montenegro,2002,3-4,64,506,0.12648221343873517
Montenegro,2002,5-9,351,506,0.6936758893280632
Montenegro,2001,0-1,18,492,0.036585365853658534
Montenegro,2001,1-2,76,492,0.15447154471544716
Montenegro,2001,3-4,80,492,0.16260162601626016
Montenegro,2001,5-9,318,492,0.6463414634146342
Montenegro,2000,0-1,26,435,0.059770114942528735
Montenegro,2000,1-2,66,435,0.15172413793103448
Montenegro,2000,3-4,58,435,0.13333333333333333
Montenegro,2000,5-9,285,435,0.6551724137931034
Netherlands,2023,0-1,345,24310,0.014191690662278898
Netherlands,2023,0-1,900,24310,0.03702180172768408
Netherlands,2023,1-2,936,24310,0.038502673796791446
Netherlands,2023,3-4,1124,24310,0.046236116824352115
Netherlands,2023,3-4,1207,24310,0.04965034965034965
Netherlands,2023,5-9,1183,24310,0.04866310160427807
Netherlands,2023,5-9,1145,24310,0.04709995886466475
Netherlands,2023,5-9,1174,24310,0.048292883587001234
Netherlands,2023,5-9,1078,24310,0.044343891402714934
Netherlands,2023,5-9,983,24310,0.04043603455368161
Netherlands,2023,10+,4455,24310,0.1832579185520362
Netherlands,2023,10+,3326,24310,0.13681612505141916
Netherlands,2023,10+,2669,24310,0.10979020979020979
Netherlands,2023,10+,3785,24310,0.15569724393253806
Netherlands,2022,0-1,311,23603,0.013176291149430157
Netherlands,2022,0-1,767,23603,0.03249586916917341
Netherlands,2022,1-2,1010,23603,0.042791170613905014
Netherlands,2022,3-4,1151,23603,0.04876498750158878
Netherlands,2022,3-4,1068,23603,0.04524848536203025
Netherlands,2022,5-9,1098,23603,0.0465195102317502
Netherlands,2022,5-9,1069,23603,0.04529085285768758
Netherlands,2022,5-9,1067,23603,0.04520611786637292
Netherlands,2022,5-9,1057,23603,0.0447824429097996
Netherlands,2022,5-9,1018,23603,0.04313011057916367
Netherlands,2022,10+,4272,23603,0.180993941448121
Netherlands,2022,10+,3135,23603,0.13282209888573487
Netherlands,2022,10+,2757,23603,0.11680718552726348
Netherlands,2022,10+,3823,23603,0.16197093589797906
Netherlands,2021,0-1,303,25962,0.01167090362837994
Netherlands,2021,0-1,867,25962,0.03339496186734458
Netherlands,2021,1-2,1155,25962,0.04448809798936908
Netherlands,2021,3-4,1212,25962,0.04668361451351976
Netherlands,2021,3-4,1143,25962,0.044025883984284725
Netherlands,2021,5-9,1196,25962,0.046067329173407286
Netherlands,2021,5-9,1173,25962,0.04518141899699561
Netherlands,2021,5-9,1148,25962,0.04421847315306987
Netherlands,2021,5-9,1126,25962,0.04337108081041522
Netherlands,2021,5-9,1077,25962,0.041483706956320775
Netherlands,2021,10+,4574,25962,0.17618057160465295
Netherlands,2021,10+,3560,25962,0.13712348817502504
Netherlands,2021,10+,3079,25962,0.11859641013789385
Netherlands,2021,10+,4349,25962,0.16751405900932131
Netherlands,2020,0-1,335,28965,0.01156568272052477
Netherlands,2020,0-1,1026,28965,0.03542206110823407
Netherlands,2020,1-2,1227,28965,0.04236147074054894
Netherlands,2020,3-4,1242,28965,0.0428793371310202
Netherlands,2020,3-4,1309,28965,0.045192473675125154
Netherlands,2020,5-9,1296,28965,0.04474365613671673
Netherlands,2020,5-9,1303,28965,0.04498532711893665
Netherlands,2020,5-9,1376,28965,0.0475056102192301
Netherlands,2020,5-9,1234,28965,0.042603141722768856
Netherlands,2020,5-9,1229,28965,0.04243051959261177
Netherlands,2020,10+,5121,28965,0.1767995857068876
Netherlands,2020,10+,4165,28965,0.14379423442085276
Netherlands,2020,10+,3353,28965,0.11576040048334196
Netherlands,2020,10+,4749,28965,0.1639564992232004
Netherlands,2019,0-1,395,30041,0.013148696781065877
Netherlands,2019,0-1,1039,30041,0.03458606571019607
Netherlands,2019,1-2,1297,30041,0.043174328417828964
Netherlands,2019,3-4,1300,30041,0.04327419193768516
Netherlands,2019,3-4,1323,30041,0.04403981225658267
Netherlands,2019,5-9,1318,30041,0.043873373056822346
Netherlands,2019,5-9,1383,30041,0.0460370826537066
Netherlands,2019,5-9,1340,30041,0.04460570553576779
Netherlands,2019,5-9,1304,30041,0.04340734329749343
Netherlands,2019,5-9,1300,30041,0.04327419193768516
Netherlands,2019,10+,5333,30041,0.17752405046436537
Netherlands,2019,10+,4380,30041,0.14580073899004695
Netherlands,2019,10+,3378,30041,0.11244632335807729
Netherlands,2019,10+,4951,30041,0.16480809560267634
Netherlands,2018,0-1,336,30729,0.01093429659279508
Netherlands,2018,0-1,1029,30729,0.033486283315434934
Netherlands,2018,1-2,1265,30729,0.041166324969898145
Netherlands,2018,3-4,1296,30729,0.04217514400078102
Netherlands,2018,3-4,1374,30729,0.04471346285267988
Netherlands,2018,5-9,1396,30729,0.04542939893911289
Netherlands,2018,5-9,1397,30729,0.04546194148849621
Netherlands,2018,5-9,1404,30729,0.04568973933417944
Netherlands,2018,5-9,1365,30729,0.044420579908230014
Netherlands,2018,5-9,1369,30729,0.04455075010576329
Netherlands,2018,10+,5229,30729,0.17016499072537342
Netherlands,2018,10+,4618,30729,0.1502814930521657
Netherlands,2018,10+,3553,30729,0.1156236779589313
Netherlands,2018,10+,5098,30729,0.16590191675615867
Netherlands,2017,0-1,391,32768,0.011932373046875
Netherlands,2017,0-1,1096,32768,0.033447265625
Netherlands,2017,1-2,1243,32768,0.037933349609375
Netherlands,2017,3-4,1364,32768,0.0416259765625
Netherlands,2017,3-4,1534,32768,0.04681396484375
Netherlands,2017,5-9,1510,32768,0.04608154296875
Netherlands,2017,5-9,1506,32768,0.04595947265625
Netherlands,2017,5-9,1458,32768,0.04449462890625
Netherlands,2017,5-9,1395,32768,0.042572021484375
Netherlands,2017,5-9,1334,32768,0.04071044921875
Netherlands,2017,10+,5676,32768,0.1732177734375
Netherlands,2017,10+,4922,32768,0.15020751953125
Netherlands,2017,10+,3849,32768,0.117462158203125
Netherlands,2017,10+,5490,32768,0.16754150390625
Netherlands,2016,0-1,339,33414,0.01014544801580176
Netherlands,2016,0-1,1058,33414,0.031663374633387205
Netherlands,2016,1-2,1343,33414,0.040192733584724964
Netherlands,2016,3-4,1490,33414,0.04459208714909918
Netherlands,2016,3-4,1521,33414,0.04551984198240259
Netherlands,2016,5-9,1514,33414,0.04531034895552762
Netherlands,2016,5-9,1656,33414,0.04956006464356258
Netherlands,2016,5-9,1519,33414,0.04545998683186688
Netherlands,2016,5-9,1379,33414,0.04127012629436763
Netherlands,2016,5-9,1246,33414,0.03728975878374334
Netherlands,2016,10+,5762,33414,0.17244268869336207
Netherlands,2016,10+,5031,33414,0.1505656311725624
Netherlands,2016,10+,4083,33414,0.12219428981863889
Netherlands,2016,10+,5473,33414,0.1637936194409529
Netherlands,2015,0-1,331,34232,0.009669315260574901
Netherlands,2015,0-1,1016,34232,0.029679831736387007
Netherlands,2015,1-2,1450,34232,0.042358027576536575
Netherlands,2015,3-4,1593,34232,0.04653540546856742
Netherlands,2015,3-4,1731,34232,0.05056672119654125
Netherlands,2015,5-9,1685,34232,0.04922294928721664
Netherlands,2015,5-9,1694,34232,0.04948586118251928
Netherlands,2015,5-9,1568,34232,0.04580509464828231
Netherlands,2015,5-9,1368,34232,0.039962608086001404
Netherlands,2015,5-9,1279,34232,0.0373627015657864
Netherlands,2015,10+,6066,34232,0.17720261743397991
Netherlands,2015,10+,5008,34232,0.1462958635195139
Netherlands,2015,10+,4003,34232,0.11693736854405234
Netherlands,2015,10+,5440,34232,0.15891563449404067
Netherlands,2014,0-1,311,35409,0.00878307774859499
Netherlands,2014,0-1,1106,35409,0.03123499675223813
Netherlands,2014,1-2,1557,35409,0.043971871558078454
Netherlands,2014,3-4,1682,35409,0.0475020475020475
Netherlands,2014,3-4,1699,35409,0.04798215143042729
Netherlands,2014,5-9,1650,35409,0.046598322460391424
Netherlands,2014,5-9,1673,35409,0.04724787483408173
Netherlands,2014,5-9,1427,35409,0.04030048857635064
Netherlands,2014,5-9,1430,35409,0.0403852127990059
Netherlands,2014,5-9,1335,35409,0.03770227908158943
Netherlands,2014,10+,6273,35409,0.1771583495721427
Netherlands,2014,10+,5216,35409,0.1473071817899404
Netherlands,2014,10+,4458,35409,0.1259001948657121
Netherlands,2014,10+,5592,35409,0.1579259510293993
Netherlands,2013,0-1,345,33636,0.010256867641812344
Netherlands,2013,0-1,1161,33636,0.03451658936853371
Netherlands,2013,1-2,1506,33636,0.04477345701034606
Netherlands,2013,3-4,1700,33636,0.05054108693066952
Netherlands,2013,3-4,1701,33636,0.05057081698180521
Netherlands,2013,5-9,1698,33636,0.05048162682839814
Netherlands,2013,5-9,1545,33636,0.045932929004637885
Netherlands,2013,5-9,1384,33636,0.04114639077179213
Netherlands,2013,5-9,1351,33636,0.040165299084314425
Netherlands,2013,5-9,1327,33636,0.03945177785705791
Netherlands,2013,10+,6198,33636,0.18426685693899394
Netherlands,2013,10+,4706,33636,0.1399096206445475
Netherlands,2013,10+,4048,33636,0.12034724699726483
Netherlands,2013,10+,4966,33636,0.14763943393982637
Netherlands,2012,0-1,450,34721,0.012960456208058524
Netherlands,2012,0-1,1343,34721,0.03867976152760577
Netherlands,2012,1-2,1813,34721,0.05221623801157801
Netherlands,2012,3-4,1809,34721,0.052101033956395267
Netherlands,2012,3-4,1770,34721,0.050977794418363524
Netherlands,2012,5-9,1610,34721,0.04636963221105383
Netherlands,2012,5-9,1560,34721,0.04492958152126955
Netherlands,2012,5-9,1502,34721,0.043259122721119786
Netherlands,2012,5-9,1460,34721,0.042049480141700984
Netherlands,2012,5-9,1457,34721,0.04196307710031393
Netherlands,2012,10+,1378,34721,0.039687797010454766
Netherlands,2012,10+,1252,34721,0.03605886927219838
Netherlands,2012,10+,1288,34721,0.037095705768843065
Netherlands,2012,10+,1183,34721,0.034071599320296075
Netherlands,2012,10+,1119,34721,0.0322283344373722
Netherlands,2012,10+,978,34721,0.028167391492180525
Netherlands,2012,10+,974,34721,0.02805218743699778
Netherlands,2012,10+,891,34721,0.025661703291955877
Netherlands,2012,10+,911,34721,0.02623772356786959
Netherlands,2012,10+,963,34721,0.02773537628524524
Netherlands,2012,10+,952,34721,0.0274185651334927
Netherlands,2012,10+,862,34721,0.024826473891880994
Netherlands,2012,10+,795,34721,0.022896805967570058
Netherlands,2012,10+,706,34721,0.02033351573975404
Netherlands,2012,10+,664,34721,0.019123873160335245
Netherlands,2012,10+,569,34721,0.01638777684974511
Netherlands,2012,10+,558,34721,0.01607096569799257
Netherlands,2012,10+,417,34721,0.012010022752800898
Netherlands,2012,10+,389,34721,0.011203594366521701
Netherlands,2012,10+,371,34721,0.010685176118199361
Netherlands,2012,10+,327,34721,0.009417931511189194
Netherlands,2012,10+,301,34721,0.008669105152501367
Netherlands,2012,10+,277,34721,0.007977880821404914
Netherlands,2012,10+,210,34721,0.006048212897093978
Netherlands,2012,10+,192,34721,0.0055297946487716364
Netherlands,2012,10+,1420,34721,0.04089743958987356
Netherlands,2011,0-1,398,33755,0.01179084580062213
Netherlands,2011,0-1,1339,33755,0.0396681973041031
Netherlands,2011,1-2,1681,33755,0.0498000296252407
Netherlands,2011,3-4,1721,33755,0.050985039253443935
Netherlands,2011,3-4,1645,33755,0.0487335209598578
Netherlands,2011,5-9,1547,33755,0.045830247370759886
Netherlands,2011,5-9,1515,33755,0.04488223966819731
Netherlands,2011,5-9,1558,33755,0.04615612501851578
Netherlands,2011,5-9,1553,33755,0.046007998814990375
Netherlands,2011,5-9,1400,33755,0.04147533698711302
Netherlands,2011,10+,1363,33755,0.040379203081025036
Netherlands,2011,10+,1345,33755,0.03984594874833358
Netherlands,2011,10+,1217,33755,0.03605391793808325
Netherlands,2011,10+,1051,33755,0.031136127981039846
Netherlands,2011,10+,970,33755,0.028736483483928307
Netherlands,2011,10+,954,33755,0.028262479632647015
Netherlands,2011,10+,941,33755,0.027877351503480967
Netherlands,2011,10+,931,33755,0.027581099096430157
Netherlands,2011,10+,993,33755,0.029417864020145165
Netherlands,2011,10+,893,33755,0.026455339949637093
Netherlands,2011,10+,906,33755,0.02684046807880314
Netherlands,2011,10+,857,33755,0.025388831284254183
Netherlands,2011,10+,785,33755,0.023255813953488372
Netherlands,2011,10+,707,33755,0.020945045178492074
Netherlands,2011,10+,662,33755,0.01961190934676344
Netherlands,2011,10+,529,33755,0.015671752332987704
Netherlands,2011,10+,501,33755,0.014842245593245445
Netherlands,2011,10+,439,33755,0.01300548066953044
Netherlands,2011,10+,360,33755,0.010665086653829063
Netherlands,2011,10+,372,33755,0.011020589542290031
Netherlands,2011,10+,338,33755,0.010013331358317286
Netherlands,2011,10+,278,33755,0.008235816916012443
Netherlands,2011,10+,253,33755,0.007495185898385425
Netherlands,2011,10+,207,33755,0.006132424825951711
Netherlands,2011,10+,192,33755,0.0056880462153755
Netherlands,2011,10+,1354,33755,0.04011257591467931
Netherlands,2009,0-1,327,30779,0.010624126839728387
Netherlands,2009,0-1,1028,30779,0.03339939569186783
Netherlands,2009,1-2,1297,30779,0.04213912082913675
Netherlands,2009,3-4,1406,30779,0.045680496442379544
Netherlands,2009,3-4,1468,30779,0.04769485688293967
Netherlands,2009,5-9,1523,30779,0.049481789531823646
Netherlands,2009,5-9,1586,30779,0.05152863965690893
Netherlands,2009,5-9,1433,30779,0.046557717924558956
Netherlands,2009,5-9,1428,30779,0.04639526950193314
Netherlands,2009,5-9,1371,30779,0.04454335748399883
Netherlands,2009,10+,1189,30779,0.038630234900419114
Netherlands,2009,10+,1115,30779,0.036225998245557035
Netherlands,2009,10+,1031,30779,0.03349686474544332
Netherlands,2009,10+,962,30779,0.03125507651320706
Netherlands,2009,10+,946,30779,0.030735241560804444
Netherlands,2009,10+,944,30779,0.03067026219175412
Netherlands,2009,10+,983,30779,0.031937359888235484
Netherlands,2009,10+,910,30779,0.029565612917898568
Netherlands,2009,10+,1005,30779,0.03265213294778908
Netherlands,2009,10+,860,30779,0.027941128691640404
Netherlands,2009,10+,869,30779,0.028233535852366872
Netherlands,2009,10+,766,30779,0.024887098346275057
Netherlands,2009,10+,664,30779,0.021573150524708404
Netherlands,2009,10+,618,30779,0.020078625036550894
Netherlands,2009,10+,573,30779,0.01861658923291855
Netherlands,2009,10+,468,30779,0.015205172357776405
Netherlands,2009,10+,448,30779,0.01455537866727314
Netherlands,2009,10+,405,30779,0.01315832223269112
Netherlands,2009,10+,412,30779,0.013385750024367263
Netherlands,2009,10+,343,30779,0.011143961792130999
Netherlands,2009,10+,294,30779,0.009551967250397999
Netherlands,2009,10+,283,30779,0.009194580720621202
Netherlands,2009,10+,237,30779,0.007700055232463693
Netherlands,2009,10+,225,30779,0.007310179018161733
Netherlands,2009,10+,190,30779,0.00617304005978102
Netherlands,2009,10+,1172,30779,0.03807791026349134
Netherlands,2008,0-1,308,32236,0.009554535302146668
Netherlands,2008,0-1,999,32236,0.030990197294949746
Netherlands,2008,1-2,1304,32236,0.040451668941556024
Netherlands,2008,3-4,1371,32236,0.04253009058195806
Netherlands,2008,3-4,1624,32236,0.05037845886586425
Netherlands,2008,5-9,1648,32236,0.05112296811018737
Netherlands,2008,5-9,1721,32236,0.053387517061670185
Netherlands,2008,5-9,1590,32236,0.0493237374364065
Netherlands,2008,5-9,1490,32236,0.04622161558506018
Netherlands,2008,5-9,1382,32236,0.042871323985606155
Netherlands,2008,10+,1260,32236,0.03908673532696364
Netherlands,2008,10+,1185,32236,0.0367601439384539
Netherlands,2008,10+,1069,32236,0.03316168259089217
Netherlands,2008,10+,1095,32236,0.033968234272242215
Netherlands,2008,10+,1032,32236,0.032013897505894034
Netherlands,2008,10+,1070,32236,0.03319270380940564
Netherlands,2008,10+,1049,32236,0.032541258220622905
Netherlands,2008,10+,1034,32236,0.03207593994292096
Netherlands,2008,10+,1031,32236,0.03198287628738057
Netherlands,2008,10+,924,32236,0.028663605906440005
Netherlands,2008,10+,846,32236,0.026243950862389873
Netherlands,2008,10+,767,32236,0.023793274599826282
Netherlands,2008,10+,693,32236,0.021497704429830004
Netherlands,2008,10+,600,32236,0.018612731108077925
Netherlands,2008,10+,595,32236,0.01845762501551061
Netherlands,2008,10+,499,32236,0.015479588038218141
Netherlands,2008,10+,458,32236,0.01420771807916615
Netherlands,2008,10+,455,32236,0.01411465442362576
Netherlands,2008,10+,404,32236,0.012532572279439136
Netherlands,2008,10+,355,32236,0.01101253257227944
Netherlands,2008,10+,300,32236,0.009306365554038963
Netherlands,2008,10+,266,32236,0.008251644124581214
Netherlands,2008,10+,232,32236,0.0071969226951234646
Netherlands,2008,10+,204,32236,0.0063283285767464946
Netherlands,2008,10+,201,32236,0.006235264921206105
Netherlands,2008,10+,1175,32236,0.03644993175331927
Netherlands,2007,0-1,306,31983,0.009567582778351
Netherlands,2007,0-1,952,31983,0.029765813088203107
Netherlands,2007,1-2,1251,31983,0.03911452959384673
Netherlands,2007,3-4,1501,31983,0.046931182190538726
Netherlands,2007,3-4,1788,31983,0.05590469937154113
Netherlands,2007,5-9,1734,31983,0.05421630241065566
Netherlands,2007,5-9,1622,31983,0.050714442047337646
Netherlands,2007,5-9,1662,31983,0.051965106462808365
Netherlands,2007,5-9,1396,31983,0.043648188099928084
Netherlands,2007,5-9,1304,31983,0.04077165994434544
Netherlands,2007,10+,1225,31983,0.03830159772379076
Netherlands,2007,10+,1076,31983,0.03364287277616233
Netherlands,2007,10+,1108,31983,0.03464340430853891
Netherlands,2007,10+,1069,31983,0.03342400650345496
Netherlands,2007,10+,1088,31983,0.03401807210080355
Netherlands,2007,10+,1071,31983,0.0334865397242285
Netherlands,2007,10+,1110,31983,0.03470593752931245
Netherlands,2007,10+,909,31983,0.028421348841572085
Netherlands,2007,10+,946,31983,0.0295782134258825
Netherlands,2007,10+,876,31983,0.027389550698808742
Netherlands,2007,10+,876,31983,0.027389550698808742
Netherlands,2007,10+,743,31983,0.0232310915173686
Netherlands,2007,10+,679,31983,0.021230028452615454
Netherlands,2007,10+,625,31983,0.01954163149172998
Netherlands,2007,10+,588,31983,0.018384766907419567
Netherlands,2007,10+,518,31983,0.016196104180345807
Netherlands,2007,10+,488,31983,0.01525810586874277
Netherlands,2007,10+,403,31983,0.012600443985867493
Netherlands,2007,10+,365,31983,0.011412312791170309
Netherlands,2007,10+,324,31983,0.010130381765312823
Netherlands,2007,10+,275,31983,0.008598317856361191
Netherlands,2007,10+,281,31983,0.0087859175186818
Netherlands,2007,10+,299,31983,0.009348716505643622
Netherlands,2007,10+,233,31983,0.007285120220116937
Netherlands,2007,10+,206,31983,0.006440921739674202
Netherlands,2007,10+,1086,31983,0.033955538880030015
Netherlands,2004,0-1,293,31098,0.009421827770274616
Netherlands,2004,0-1,1084,31098,0.03485754710913885
Netherlands,2004,1-2,1430,31098,0.04598366454434369
Netherlands,2004,3-4,1613,31098,0.051868287349668786
Netherlands,2004,3-4,1821,31098,0.0585568203743006
Netherlands,2004,5-9,1656,31098,0.053251012926876326
Netherlands,2004,5-9,1437,31098,0.04620875940574957
Netherlands,2004,5-9,1404,31098,0.045147597916264715
Netherlands,2004,5-9,1372,31098,0.044118592835552126
Netherlands,2004,5-9,1234,31098,0.0396810084249791
Netherlands,2004,10+,5989,31098,0.19258473213711494
Netherlands,2004,10+,4575,31098,0.14711557013312754
Netherlands,2004,10+,3132,31098,0.10071387227474436
Netherlands,2004,10+,4058,31098,0.13049070679786481
Netherlands,1996,0-1,65,34871,0.0018640130767686616
Netherlands,1996,0-1,745,34871,0.02136445757219466
Netherlands,1996,1-2,1831,34871,0.0525078145163603
Netherlands,1996,3-4,2450,34871,0.07025895443204955
Netherlands,1996,3-4,3096,34871,0.08878437670270425
Netherlands,1996,5-9,3086,34871,0.08849760546012446
Netherlands,1996,5-9,2254,34871,0.06463823807748559
Netherlands,1996,5-9,1711,34871,0.04906655960540277
Netherlands,1996,5-9,1511,34871,0.043331134753806885
Netherlands,1996,5-9,1350,34871,0.0387141177482722
Netherlands,1996,10+,4909,34871,0.14077600298242093
Netherlands,1996,10+,3785,34871,0.10854291531645206
Netherlands,1996,10+,8078,34871,0.23165380975595767
Netherlands,1995,0-1,37,34170,0.0010828211881767633
Netherlands,1995,0-1,930,34170,0.027216856892010536
Netherlands,1995,1-2,2109,34170,0.06172080772607551
Netherlands,1995,3-4,2413,34170,0.07061750073163593
Netherlands,1995,3-4,3331,34170,0.09748317237342698
Netherlands,1995,5-9,2620,34170,0.07667544629792215
Netherlands,1995,5-9,2024,34170,0.05923324553702078
Netherlands,1995,5-9,1596,34170,0.046707638279192276
Netherlands,1995,5-9,1411,34170,0.04129353233830846
Netherlands,1995,5-9,1245,34170,0.036435469710272166
Netherlands,1995,10+,4619,34170,0.13517705589698567
Netherlands,1995,10+,3924,34170,0.11483757682177348
Netherlands,1995,10+,7911,34170,0.2315188762071993
North Macedonia,2021,0-1,91,1964,0.04633401221995927
North Macedonia,2021,0-1,137,1964,0.06975560081466395
North Macedonia,2021,1-2,149,1964,0.07586558044806517
North Macedonia,2021,3-4,115,1964,0.05855397148676171
North Macedonia,2021,3-4,102,1964,0.051934826883910386
North Macedonia,2021,5-9,132,1964,0.06720977596741344
North Macedonia,2021,5-9,89,1964,0.04531568228105906
North Macedonia,2021,5-9,74,1964,0.03767820773930754
North Macedonia,2021,5-9,80,1964,0.04073319755600815
North Macedonia,2021,5-9,76,1964,0.038696537678207736
North Macedonia,2021,10+,276,1964,0.14052953156822812
North Macedonia,2021,10+,206,1964,0.10488798370672098
North Macedonia,2021,10+,180,1964,0.09164969450101833
North Macedonia,2021,10+,257,1964,0.13085539714867617
North Macedonia,2020,0-1,86,1569,0.05481198215423837
North Macedonia,2020,0-1,132,1569,0.0841300191204589
North Macedonia,2020,1-2,104,1569,0.0662842574888464
North Macedonia,2020,3-4,87,1569,0.055449330783938815
North Macedonia,2020,3-4,108,1569,0.06883365200764818
North Macedonia,2020,5-9,85,1569,0.05417463352453792
North Macedonia,2020,5-9,66,1569,0.04206500956022945
North Macedonia,2020,5-9,56,1569,0.035691523263224986
North Macedonia,2020,5-9,68,1569,0.043339706819630335
North Macedonia,2020,5-9,49,1569,0.03123008285532186
North Macedonia,2020,10+,176,1569,0.11217335882727852
North Macedonia,2020,10+,184,1569,0.11727214786488209
North Macedonia,2020,10+,143,1569,0.0911408540471638
North Macedonia,2020,10+,225,1569,0.14340344168260039
North Macedonia,2019,0-1,102,1990,0.05125628140703518
North Macedonia,2019,0-1,170,1990,0.08542713567839195
North Macedonia,2019,1-2,137,1990,0.06884422110552764
North Macedonia,2019,3-4,121,1990,0.06080402010050251
North Macedonia,2019,3-4,122,1990,0.061306532663316586
North Macedonia,2019,5-9,103,1990,0.05175879396984925
North Macedonia,2019,5-9,84,1990,0.04221105527638191
North Macedonia,2019,5-9,73,1990,0.036683417085427134
North Macedonia,2019,5-9,78,1990,0.03919597989949749
North Macedonia,2019,5-9,92,1990,0.04623115577889447
North Macedonia,2019,10+,265,1990,0.13316582914572864
North Macedonia,2019,10+,231,1990,0.11608040201005025
North Macedonia,2019,10+,182,1990,0.0914572864321608
North Macedonia,2019,10+,230,1990,0.11557788944723618
North Macedonia,2018,0-1,104,1620,0.06419753086419754
North Macedonia,2018,0-1,122,1620,0.07530864197530865
North Macedonia,2018,1-2,139,1620,0.08580246913580247
North Macedonia,2018,3-4,115,1620,0.07098765432098765
North Macedonia,2018,3-4,81,1620,0.05
North Macedonia,2018,5-9,88,1620,0.05432098765432099
North Macedonia,2018,5-9,72,1620,0.044444444444444446
North Macedonia,2018,5-9,41,1620,0.025308641975308643
North Macedonia,2018,5-9,72,1620,0.044444444444444446
North Macedonia,2018,5-9,49,1620,0.030246913580246913
North Macedonia,2018,10+,236,1620,0.145679012345679
North Macedonia,2018,10+,185,1620,0.11419753086419752
North Macedonia,2018,10+,153,1620,0.09444444444444444
North Macedonia,2018,10+,163,1620,0.10061728395061728
North Macedonia,2017,0-1,86,1994,0.04312938816449348
North Macedonia,2017,0-1,200,1994,0.10030090270812438
North Macedonia,2017,1-2,141,1994,0.07071213640922769
North Macedonia,2017,3-4,140,1994,0.07021063189568706
North Macedonia,2017,3-4,85,1994,0.04262788365095286
North Macedonia,2017,5-9,101,1994,0.05065195586760281
North Macedonia,2017,5-9,89,1994,0.044633901705115345
North Macedonia,2017,5-9,71,1994,0.03560682046138415
North Macedonia,2017,5-9,103,1994,0.051654964894684054
North Macedonia,2017,5-9,79,1994,0.03961885656970913
North Macedonia,2017,10+,295,1994,0.14794383149448345
North Macedonia,2017,10+,220,1994,0.11033099297893681
North Macedonia,2017,10+,159,1994,0.07973921765295888
North Macedonia,2017,10+,225,1994,0.11283851554663991
North Macedonia,2016,0-1,93,1985,0.04685138539042821
North Macedonia,2016,0-1,153,1985,0.07707808564231738
North Macedonia,2016,1-2,114,1985,0.05743073047858942
North Macedonia,2016,3-4,127,1985,0.06397984886649874
North Macedonia,2016,3-4,116,1985,0.058438287153652395
North Macedonia,2016,5-9,96,1985,0.04836272040302267
North Macedonia,2016,5-9,114,1985,0.05743073047858942
North Macedonia,2016,5-9,80,1985,0.04030226700251889
North Macedonia,2016,5-9,81,1985,0.040806045340050376
North Macedonia,2016,5-9,83,1985,0.04181360201511335
North Macedonia,2016,10+,289,1985,0.1455919395465995
North Macedonia,2016,10+,239,1985,0.12040302267002519
North Macedonia,2016,10+,194,1985,0.09773299748110831
North Macedonia,2016,10+,206,1985,0.10377833753148615
North Macedonia,2014,0-1,103,2210,0.04660633484162896
North Macedonia,2014,0-1,175,2210,0.07918552036199095
North Macedonia,2014,1-2,154,2210,0.06968325791855204
North Macedonia,2014,3-4,136,2210,0.06153846153846154
North Macedonia,2014,3-4,122,2210,0.05520361990950226
North Macedonia,2014,5-9,129,2210,0.0583710407239819
North Macedonia,2014,5-9,103,2210,0.04660633484162896
North Macedonia,2014,5-9,99,2210,0.04479638009049774
North Macedonia,2014,5-9,71,2210,0.03212669683257918
North Macedonia,2014,5-9,97,2210,0.04389140271493212
North Macedonia,2014,10+,316,2210,0.1429864253393665
North Macedonia,2014,10+,263,2210,0.11900452488687782
North Macedonia,2014,10+,196,2210,0.08868778280542987
North Macedonia,2014,10+,246,2210,0.11131221719457013
North Macedonia,2013,0-1,99,2045,0.04841075794621027
North Macedonia,2013,0-1,172,2045,0.08410757946210269
North Macedonia,2013,1-2,120,2045,0.05867970660146699
North Macedonia,2013,3-4,144,2045,0.07041564792176039
North Macedonia,2013,3-4,112,2045,0.05476772616136919
North Macedonia,2013,5-9,101,2045,0.04938875305623472
North Macedonia,2013,5-9,114,2045,0.05574572127139364
North Macedonia,2013,5-9,79,2045,0.03863080684596577
North Macedonia,2013,5-9,80,2045,0.039119804400977995
North Macedonia,2013,5-9,65,2045,0.03178484107579462
North Macedonia,2013,10+,296,2045,0.14474327628361858
North Macedonia,2013,10+,254,2045,0.12420537897310513
North Macedonia,2013,10+,183,2045,0.08948655256723716
North Macedonia,2013,10+,226,2045,0.11051344743276284
North Macedonia,2012,0-1,87,1926,0.045171339563862926
North Macedonia,2012,0-1,197,1926,0.10228452751817238
North Macedonia,2012,1-2,144,1926,0.07476635514018691
North Macedonia,2012,3-4,125,1926,0.06490134994807892
North Macedonia,2012,3-4,104,1926,0.05399792315680166
North Macedonia,2012,5-9,105,1926,0.05451713395638629
North Macedonia,2012,5-9,88,1926,0.04569055036344756
North Macedonia,2012,5-9,86,1926,0.0446521287642783
North Macedonia,2012,5-9,74,1926,0.03842159916926272
North Macedonia,2012,5-9,87,1926,0.045171339563862926
North Macedonia,2012,10+,61,1926,0.03167185877466251
North Macedonia,2012,10+,61,1926,0.03167185877466251
North Macedonia,2012,10+,56,1926,0.029075804776739357
North Macedonia,2012,10+,48,1926,0.024922118380062305
North Macedonia,2012,10+,54,1926,0.028037383177570093
North Macedonia,2012,10+,43,1926,0.02232606438213915
North Macedonia,2012,10+,60,1926,0.03115264797507788
North Macedonia,2012,10+,43,1926,0.02232606438213915
North Macedonia,2012,10+,45,1926,0.02336448598130841
North Macedonia,2012,10+,34,1926,0.017653167185877467
North Macedonia,2012,10+,40,1926,0.020768431983385256
North Macedonia,2012,10+,36,1926,0.018691588785046728
North Macedonia,2012,10+,26,1926,0.013499480789200415
North Macedonia,2012,10+,31,1926,0.016095534787123573
North Macedonia,2012,10+,22,1926,0.01142263759086189
North Macedonia,2012,10+,26,1926,0.013499480789200415
North Macedonia,2012,10+,21,1926,0.010903426791277258
North Macedonia,2012,10+,15,1926,0.00778816199376947
North Macedonia,2012,10+,14,1926,0.007268951194184839
North Macedonia,2012,10+,16,1926,0.008307372793354102
North Macedonia,2012,10+,15,1926,0.00778816199376947
North Macedonia,2012,10+,4,1926,0.0020768431983385254
North Macedonia,2012,10+,7,1926,0.0036344755970924196
North Macedonia,2012,10+,10,1926,0.005192107995846314
North Macedonia,2012,10+,8,1926,0.004153686396677051
North Macedonia,2012,10+,33,1926,0.017133956386292833
North Macedonia,2011,0-1,80,1753,0.045636052481460354
North Macedonia,2011,0-1,186,1753,0.10610382201939532
North Macedonia,2011,1-2,145,1753,0.08271534512264689
North Macedonia,2011,3-4,110,1753,0.06274957216200798
North Macedonia,2011,3-4,112,1753,0.0638904734740445
North Macedonia,2011,5-9,100,1753,0.05704506560182544
North Macedonia,2011,5-9,83,1753,0.047347404449515115
North Macedonia,2011,5-9,76,1753,0.04335424985738734
North Macedonia,2011,5-9,64,1753,0.03650884198516828
North Macedonia,2011,5-9,51,1753,0.029092983456930975
North Macedonia,2011,10+,59,1753,0.03365658870507701
North Macedonia,2011,10+,61,1753,0.03479749001711352
North Macedonia,2011,10+,42,1753,0.023958927552766685
North Macedonia,2011,10+,59,1753,0.03365658870507701
North Macedonia,2011,10+,46,1753,0.026240730176839703
North Macedonia,2011,10+,51,1753,0.029092983456930975
North Macedonia,2011,10+,39,1753,0.022247575584711923
North Macedonia,2011,10+,37,1753,0.021106674272675412
North Macedonia,2011,10+,37,1753,0.021106674272675412
North Macedonia,2011,10+,31,1753,0.017683970336565887
North Macedonia,2011,10+,29,1753,0.01654306902452938
North Macedonia,2011,10+,28,1753,0.015972618368511125
North Macedonia,2011,10+,29,1753,0.01654306902452938
North Macedonia,2011,10+,34,1753,0.01939532230462065
North Macedonia,2011,10+,23,1753,0.013120365088419851
North Macedonia,2011,10+,30,1753,0.017113519680547633
North Macedonia,2011,10+,18,1753,0.01026811180832858
North Macedonia,2011,10+,11,1753,0.006274957216200799
North Macedonia,2011,10+,12,1753,0.0068454078722190535
North Macedonia,2011,10+,4,1753,0.0022818026240730175
North Macedonia,2011,10+,6,1753,0.0034227039361095267
North Macedonia,2011,10+,10,1753,0.005704506560182544
North Macedonia,2011,10+,6,1753,0.0034227039361095267
North Macedonia,2011,10+,7,1753,0.003993154592127781
North Macedonia,2011,10+,6,1753,0.0034227039361095267
North Macedonia,2011,10+,31,1753,0.017683970336565887
North Macedonia,2010,0-1,96,1720,0.05581395348837209
North Macedonia,2010,0-1,170,1720,0.09883720930232558
North Macedonia,2010,1-2,185,1720,0.10755813953488372
North Macedonia,2010,3-4,164,1720,0.09534883720930233
North Macedonia,2010,3-4,107,1720,0.062209302325581396
North Macedonia,2010,5-9,72,1720,0.04186046511627907
North Macedonia,2010,5-9,80,1720,0.046511627906976744
North Macedonia,2010,5-9,58,1720,0.03372093023255814
North Macedonia,2010,5-9,57,1720,0.03313953488372093
North Macedonia,2010,5-9,52,1720,0.030232558139534883
North Macedonia,2010,10+,67,1720,0.038953488372093024
North Macedonia,2010,10+,42,1720,0.02441860465116279
North Macedonia,2010,10+,48,1720,0.027906976744186046
North Macedonia,2010,10+,40,1720,0.023255813953488372
North Macedonia,2010,10+,42,1720,0.02441860465116279
North Macedonia,2010,10+,38,1720,0.022093023255813953
North Macedonia,2010,10+,26,1720,0.015116279069767442
North Macedonia,2010,10+,34,1720,0.019767441860465116
North Macedonia,2010,10+,37,1720,0.021511627906976746
North Macedonia,2010,10+,34,1720,0.019767441860465116
North Macedonia,2010,10+,24,1720,0.013953488372093023
North Macedonia,2010,10+,29,1720,0.01686046511627907
North Macedonia,2010,10+,23,1720,0.013372093023255814
North Macedonia,2010,10+,21,1720,0.012209302325581395
North Macedonia,2010,10+,19,1720,0.011046511627906977
North Macedonia,2010,10+,14,1720,0.00813953488372093
North Macedonia,2010,10+,15,1720,0.00872093023255814
North Macedonia,2010,10+,21,1720,0.012209302325581395
North Macedonia,2010,10+,23,1720,0.013372093023255814
North Macedonia,2010,10+,11,1720,0.006395348837209302
North Macedonia,2010,10+,14,1720,0.00813953488372093
North Macedonia,2010,10+,8,1720,0.004651162790697674
North Macedonia,2010,10+,12,1720,0.0069767441860465115
North Macedonia,2010,10+,2,1720,0.0011627906976744186
North Macedonia,2010,10+,6,1720,0.0034883720930232558
North Macedonia,2010,10+,29,1720,0.01686046511627907
North Macedonia,2009,0-1,68,1287,0.05283605283605284
North Macedonia,2009,0-1,156,1287,0.12121212121212122
North Macedonia,2009,1-2,132,1287,0.10256410256410256
North Macedonia,2009,3-4,98,1287,0.07614607614607614
North Macedonia,2009,3-4,89,1287,0.06915306915306915
North Macedonia,2009,5-9,93,1287,0.07226107226107226
North Macedonia,2009,5-9,69,1287,0.053613053613053616
North Macedonia,2009,5-9,49,1287,0.03807303807303807
North Macedonia,2009,5-9,47,1287,0.03651903651903652
North Macedonia,2009,5-9,43,1287,0.03341103341103341
North Macedonia,2009,10+,27,1287,0.02097902097902098
North Macedonia,2009,10+,39,1287,0.030303030303030304
North Macedonia,2009,10+,26,1287,0.020202020202020204
North Macedonia,2009,10+,33,1287,0.02564102564102564
North Macedonia,2009,10+,23,1287,0.017871017871017872
North Macedonia,2009,10+,28,1287,0.021756021756021756
North Macedonia,2009,10+,30,1287,0.023310023310023312
North Macedonia,2009,10+,34,1287,0.02641802641802642
North Macedonia,2009,10+,21,1287,0.016317016317016316
North Macedonia,2009,10+,17,1287,0.01320901320901321
North Macedonia,2009,10+,17,1287,0.01320901320901321
North Macedonia,2009,10+,17,1287,0.01320901320901321
North Macedonia,2009,10+,17,1287,0.01320901320901321
North Macedonia,2009,10+,14,1287,0.010878010878010878
North Macedonia,2009,10+,20,1287,0.01554001554001554
North Macedonia,2009,10+,5,1287,0.003885003885003885
North Macedonia,2009,10+,10,1287,0.00777000777000777
North Macedonia,2009,10+,14,1287,0.010878010878010878
North Macedonia,2009,10+,6,1287,0.004662004662004662
North Macedonia,2009,10+,8,1287,0.006216006216006216
North Macedonia,2009,10+,4,1287,0.003108003108003108
North Macedonia,2009,10+,4,1287,0.003108003108003108
North Macedonia,2009,10+,5,1287,0.003885003885003885
North Macedonia,2009,10+,5,1287,0.003885003885003885
North Macedonia,2009,10+,1,1287,7.77000777000777e-4
North Macedonia,2009,10+,18,1287,0.013986013986013986
North Macedonia,2008,0-1,93,1209,0.07692307692307693
North Macedonia,2008,0-1,149,1209,0.12324234904880066
North Macedonia,2008,1-2,92,1209,0.076095947063689
North Macedonia,2008,3-4,103,1209,0.08519437551695616
North Macedonia,2008,3-4,91,1209,0.07526881720430108
North Macedonia,2008,5-9,79,1209,0.065343258891646
North Macedonia,2008,5-9,60,1209,0.04962779156327544
North Macedonia,2008,5-9,38,1209,0.03143093465674111
North Macedonia,2008,5-9,46,1209,0.0380479735318445
North Macedonia,2008,5-9,48,1209,0.03970223325062035
North Macedonia,2008,10+,35,1209,0.028949545078577336
North Macedonia,2008,10+,24,1209,0.019851116625310174
North Macedonia,2008,10+,23,1209,0.01902398676592225
North Macedonia,2008,10+,29,1209,0.023986765922249794
North Macedonia,2008,10+,21,1209,0.017369727047146403
North Macedonia,2008,10+,22,1209,0.018196856906534328
North Macedonia,2008,10+,29,1209,0.023986765922249794
North Macedonia,2008,10+,29,1209,0.023986765922249794
North Macedonia,2008,10+,27,1209,0.022332506203473945
North Macedonia,2008,10+,18,1209,0.01488833746898263
North Macedonia,2008,10+,10,1209,0.008271298593879239
North Macedonia,2008,10+,20,1209,0.016542597187758478
North Macedonia,2008,10+,12,1209,0.009925558312655087
North Macedonia,2008,10+,8,1209,0.006617038875103391
North Macedonia,2008,10+,16,1209,0.013234077750206782
North Macedonia,2008,10+,9,1209,0.007444168734491315
North Macedonia,2008,10+,8,1209,0.006617038875103391
North Macedonia,2008,10+,13,1209,0.010752688172043012
North Macedonia,2008,10+,10,1209,0.008271298593879239
North Macedonia,2008,10+,4,1209,0.0033085194375516956
North Macedonia,2008,10+,7,1209,0.005789909015715467
North Macedonia,2008,10+,6,1209,0.004962779156327543
North Macedonia,2008,10+,4,1209,0.0033085194375516956
North Macedonia,2008,10+,6,1209,0.004962779156327543
North Macedonia,2008,10+,2,1209,0.0016542597187758478
North Macedonia,2008,10+,18,1209,0.01488833746898263
North Macedonia,2007,0-1,108,1417,0.07621736062103035
North Macedonia,2007,0-1,162,1417,0.11432604093154553
North Macedonia,2007,1-2,127,1417,0.08962597035991532
North Macedonia,2007,3-4,124,1417,0.08750882145377559
North Macedonia,2007,3-4,104,1417,0.07339449541284404
North Macedonia,2007,5-9,112,1417,0.07904022582921666
North Macedonia,2007,5-9,62,1417,0.043754410726887794
North Macedonia,2007,5-9,72,1417,0.05081157374735357
North Macedonia,2007,5-9,61,1417,0.043048694424841216
North Macedonia,2007,5-9,43,1417,0.030345800988002825
North Macedonia,2007,10+,38,1417,0.026817219477769938
North Macedonia,2007,10+,31,1417,0.021877205363443897
North Macedonia,2007,10+,25,1417,0.017642907551164433
North Macedonia,2007,10+,37,1417,0.02611150317572336
North Macedonia,2007,10+,29,1417,0.020465772759350742
North Macedonia,2007,10+,23,1417,0.016231474947071278
North Macedonia,2007,10+,25,1417,0.017642907551164433
North Macedonia,2007,10+,24,1417,0.016937191249117856
North Macedonia,2007,10+,23,1417,0.016231474947071278
North Macedonia,2007,10+,20,1417,0.014114326040931546
North Macedonia,2007,10+,20,1417,0.014114326040931546
North Macedonia,2007,10+,11,1417,0.0077628793225123505
North Macedonia,2007,10+,17,1417,0.011997177134791814
North Macedonia,2007,10+,14,1417,0.009880028228652082
North Macedonia,2007,10+,13,1417,0.009174311926605505
North Macedonia,2007,10+,13,1417,0.009174311926605505
North Macedonia,2007,10+,11,1417,0.0077628793225123505
North Macedonia,2007,10+,9,1417,0.006351446718419196
North Macedonia,2007,10+,9,1417,0.006351446718419196
North Macedonia,2007,10+,4,1417,0.0028228652081863093
North Macedonia,2007,10+,7,1417,0.004940014114326041
North Macedonia,2007,10+,4,1417,0.0028228652081863093
North Macedonia,2007,10+,5,1417,0.0035285815102328866
North Macedonia,2007,10+,5,1417,0.0035285815102328866
North Macedonia,2007,10+,4,1417,0.0028228652081863093
North Macedonia,2007,10+,21,1417,0.014820042342978124
North Macedonia,2004,0-1,216,1645,0.13130699088145897
North Macedonia,2004,0-1,115,1645,0.06990881458966565
North Macedonia,2004,1-2,95,1645,0.057750759878419454
North Macedonia,2004,3-4,129,1645,0.07841945288753799
North Macedonia,2004,3-4,100,1645,0.060790273556231005
North Macedonia,2004,5-9,115,1645,0.06990881458966565
North Macedonia,2004,5-9,91,1645,0.05531914893617021
North Macedonia,2004,5-9,68,1645,0.04133738601823708
North Macedonia,2004,5-9,76,1645,0.046200607902735565
North Macedonia,2004,5-9,62,1645,0.03768996960486322
North Macedonia,2004,10+,239,1645,0.1452887537993921
North Macedonia,2004,10+,147,1645,0.08936170212765958
North Macedonia,2004,10+,112,1645,0.06808510638297872
North Macedonia,2004,10+,80,1645,0.0486322188449848
North Macedonia,1997,0-1,48,1021,0.04701273261508325
North Macedonia,1997,0-1,85,1021,0.0832517140058766
North Macedonia,1997,1-2,91,1021,0.089128305582762
North Macedonia,1997,3-4,61,1021,0.059745347698334964
North Macedonia,1997,3-4,69,1021,0.06758080313418217
North Macedonia,1997,5-9,62,1021,0.06072477962781587
North Macedonia,1997,5-9,62,1021,0.06072477962781587
North Macedonia,1997,5-9,50,1021,0.04897159647404505
North Macedonia,1997,5-9,48,1021,0.04701273261508325
North Macedonia,1997,5-9,55,1021,0.05386875612144956
North Macedonia,1997,10+,192,1021,0.188050930460333
North Macedonia,1997,10+,110,1021,0.10773751224289912
North Macedonia,1997,10+,88,1021,0.08619000979431929
North Macedonia,1995,0-1,31,710,0.04366197183098591
North Macedonia,1995,0-1,59,710,0.08309859154929577
North Macedonia,1995,1-2,60,710,0.08450704225352113
North Macedonia,1995,3-4,60,710,0.08450704225352113
North Macedonia,1995,3-4,48,710,0.0676056338028169
North Macedonia,1995,5-9,51,710,0.07183098591549296
North Macedonia,1995,5-9,198,710,0.27887323943661974
North Macedonia,1995,5-9,41,710,0.057746478873239436
North Macedonia,1995,5-9,37,710,0.05211267605633803
North Macedonia,1995,5-9,35,710,0.04929577464788732
North Macedonia,1995,5-9,34,710,0.04788732394366197
North Macedonia,1995,10+,118,710,0.16619718309859155
North Macedonia,1995,10+,71,710,0.1
North Macedonia,1995,10+,32,710,0.04507042253521127
Norway,2020,0-1,6,9825,6.106870229007634e-4
Norway,2020,0-1,177,9825,0.01801526717557252
Norway,2020,1-2,374,9825,0.03806615776081425
Norway,2020,3-4,389,9825,0.039592875318066156
Norway,2020,3-4,485,9825,0.04936386768447837
Norway,2020,5-9,494,9825,0.050279898218829513
Norway,2020,5-9,525,9825,0.05343511450381679
Norway,2020,5-9,504,9825,0.05129770992366412
Norway,2020,5-9,483,9825,0.04916030534351145
Norway,2020,5-9,498,9825,0.05068702290076336
Norway,2020,10+,1955,9825,0.1989821882951654
Norway,2020,10+,1507,9825,0.15338422391857506
Norway,2020,10+,949,9825,0.09659033078880407
Norway,2020,10+,1123,9825,0.11430025445292621
Norway,2019,0-1,21,10227,0.002053388090349076
Norway,2019,0-1,187,10227,0.01828493204263225
Norway,2019,1-2,431,10227,0.04214334604478342
Norway,2019,3-4,492,10227,0.04810794954532121
Norway,2019,3-4,536,10227,0.0524102864965288
Norway,2019,5-9,586,10227,0.057299305759264695
Norway,2019,5-9,569,10227,0.055637039209934486
Norway,2019,5-9,554,10227,0.054170333431113715
Norway,2019,5-9,534,10227,0.05221472572601936
Norway,2019,5-9,513,10227,0.05016133763567029
Norway,2019,10+,2050,10227,0.2004497897721717
Norway,2019,10+,1483,10227,0.14500831133274666
Norway,2019,10+,919,10227,0.08986017404908575
Norway,2019,10+,1176,10227,0.11498973305954825
Norway,2018,0-1,16,10162,0.001574493209998032
Norway,2018,0-1,211,10162,0.020763629206849047
Norway,2018,1-2,407,10162,0.040051171029324935
Norway,2018,3-4,487,10162,0.047923637079315094
Norway,2018,3-4,578,10162,0.0568785672111789
Norway,2018,5-9,619,10162,0.060913206061798855
Norway,2018,5-9,601,10162,0.05914190120055107
Norway,2018,5-9,575,10162,0.05658334973430427
Norway,2018,5-9,581,10162,0.057173784688053536
Norway,2018,5-9,546,10162,0.05372958079118284
Norway,2018,10+,1982,10162,0.1950403463885062
Norway,2018,10+,1367,10162,0.13452076362920684
Norway,2018,10+,837,10162,0.08236567604802204
Norway,2018,10+,1114,10162,0.10962408974611297
Norway,2017,0-1,14,10567,0.0013248793413456988
Norway,2017,0-1,213,10567,0.020157092836188134
Norway,2017,1-2,414,10567,0.03917857480836567
Norway,2017,3-4,565,10567,0.05346834484716571
Norway,2017,3-4,628,10567,0.05943030188322135
Norway,2017,5-9,597,10567,0.0564966404845273
Norway,2017,5-9,644,10567,0.060944449701902145
Norway,2017,5-9,551,10567,0.052143465505820004
Norway,2017,5-9,585,10567,0.0553610296205167
Norway,2017,5-9,520,10567,0.04920980410712596
Norway,2017,10+,2013,10567,0.190498722437778
Norway,2017,10+,1435,10567,0.13580013248793413
Norway,2017,10+,925,10567,0.08753667076748367
Norway,2017,10+,1170,10567,0.1107220592410334
Norway,2016,0-1,9,9944,9.050683829444891e-4
Norway,2016,0-1,183,9944,0.01840305711987128
Norway,2016,1-2,430,9944,0.04324215607401448
Norway,2016,3-4,559,9944,0.05621480289621882
Norway,2016,3-4,541,9944,0.05440466613032985
Norway,2016,5-9,577,9944,0.058024939662107804
Norway,2016,5-9,574,9944,0.05772325020112631
Norway,2016,5-9,579,9944,0.0582260659694288
Norway,2016,5-9,542,9944,0.05450522928399035
Norway,2016,5-9,495,9944,0.049778761061946904
Norway,2016,10+,1844,9944,0.18543845534995979
Norway,2016,10+,1343,9944,0.13505631536604987
Norway,2016,10+,803,9944,0.08075221238938053
Norway,2016,10+,1155,9944,0.1161504424778761
Norway,2015,0-1,8,9793,8.169100377820892e-4
Norway,2015,0-1,128,9793,0.013070560604513427
Norway,2015,1-2,405,9793,0.04135607066271827
Norway,2015,3-4,502,9793,0.0512611048708261
Norway,2015,3-4,553,9793,0.056468906361686916
Norway,2015,5-9,570,9793,0.05820484019197386
Norway,2015,5-9,593,9793,0.060553456550597365
Norway,2015,5-9,557,9793,0.056877361380577966
Norway,2015,5-9,478,9793,0.04881037475747983
Norway,2015,5-9,412,9793,0.042070866945777594
Norway,2015,10+,1924,9793,0.19646686408659247
Norway,2015,10+,1354,9793,0.1382620238946186
Norway,2015,10+,859,9793,0.08771571530685184
Norway,2015,10+,1162,9793,0.11865618298784847
Norway,2014,0-1,7,9918,7.057874571486187e-4
Norway,2014,0-1,134,9918,0.013510788465416415
Norway,2014,1-2,411,9918,0.041439806412583186
Norway,2014,3-4,479,9918,0.04829602742488405
Norway,2014,3-4,575,9918,0.05797539826577939
Norway,2014,5-9,639,9918,0.06442831215970962
Norway,2014,5-9,610,9918,0.06150433555152249
Norway,2014,5-9,569,9918,0.05737043758822343
Norway,2014,5-9,462,9918,0.04658197217180883
Norway,2014,5-9,442,9918,0.04456543657995564
Norway,2014,10+,1846,9918,0.18612623512805002
Norway,2014,10+,1290,9918,0.13006654567453116
Norway,2014,10+,926,9918,0.09336559790280298
Norway,2014,10+,1267,9918,0.12774752974389997
Norway,2013,0-1,11,10212,0.0010771641206423815
Norway,2013,0-1,163,10212,0.015961613787700744
Norway,2013,1-2,428,10212,0.04191147669408539
Norway,2013,3-4,526,10212,0.05150802976889934
Norway,2013,3-4,598,10212,0.05855855855855856
Norway,2013,5-9,645,10212,0.06316098707403055
Norway,2013,5-9,571,10212,0.05591461026243635
Norway,2013,5-9,545,10212,0.05336858597728163
Norway,2013,5-9,518,10212,0.050724637681159424
Norway,2013,5-9,437,10212,0.04279279279279279
Norway,2013,10+,1955,10212,0.19144144144144143
Norway,2013,10+,1309,10212,0.1281825303564434
Norway,2013,10+,952,10212,0.09322365844104974
Norway,2013,10+,1292,10212,0.12651782216999607
Norway,2012,0-1,7,9906,7.066424389259035e-4
Norway,2012,0-1,183,9906,0.018473652331920047
Norway,2012,1-2,389,9906,0.03926912982031092
Norway,2012,3-4,492,9906,0.04966686856450636
Norway,2012,3-4,557,9906,0.05622854835453261
Norway,2012,5-9,556,9906,0.05612759943468605
Norway,2012,5-9,550,9906,0.055521905915606705
Norway,2012,5-9,534,9906,0.05390672319806178
Norway,2012,5-9,535,9906,0.054007672117908335
Norway,2012,5-9,509,9906,0.05138300020189784
Norway,2012,10+,439,9906,0.04431657581263881
Norway,2012,10+,426,9906,0.04300423985463356
Norway,2012,10+,379,9906,0.038259640621845344
Norway,2012,10+,339,9906,0.03422168382798304
Norway,2012,10+,315,9906,0.03179890975166566
Norway,2012,10+,311,9906,0.03139511407227943
Norway,2012,10+,270,9906,0.027256208358570563
Norway,2012,10+,263,9906,0.02654956591964466
Norway,2012,10+,225,9906,0.02271350696547547
Norway,2012,10+,215,9906,0.021704017767009892
Norway,2012,10+,198,9906,0.019987886129618413
Norway,2012,10+,166,9906,0.016757520694528568
Norway,2012,10+,187,9906,0.01887744801130628
Norway,2012,10+,154,9906,0.015546133656369877
Norway,2012,10+,156,9906,0.015748031496062992
Norway,2012,10+,119,9906,0.012012921461740359
Norway,2012,10+,121,9906,0.012214819301433475
Norway,2012,10+,110,9906,0.011104381183121341
Norway,2012,10+,83,9906,0.008378760347264284
Norway,2012,10+,64,9906,0.006460730870179689
Norway,2012,10+,71,9906,0.007167373309105592
Norway,2012,10+,84,9906,0.008479709267110842
Norway,2012,10+,55,9906,0.0055521905915606705
Norway,2012,10+,52,9906,0.005249343832020997
Norway,2012,10+,44,9906,0.004441752473248536
Norway,2012,10+,361,9906,0.03644256006460731
Norway,2011,0-1,6,10188,5.889281507656066e-4
Norway,2011,0-1,162,10188,0.015901060070671377
Norway,2011,1-2,436,10188,0.04279544562230075
Norway,2011,3-4,543,10188,0.053297997644287394
Norway,2011,3-4,541,10188,0.05310168826069886
Norway,2011,5-9,614,10188,0.06026698076168041
Norway,2011,5-9,586,10188,0.05751864939144091
Norway,2011,5-9,566,10188,0.05555555555555555
Norway,2011,5-9,585,10188,0.05742049469964664
Norway,2011,5-9,518,10188,0.0508441303494307
Norway,2011,10+,444,10188,0.043580683156654886
Norway,2011,10+,442,10188,0.04338437377306635
Norway,2011,10+,370,10188,0.03631723596387907
Norway,2011,10+,307,10188,0.030133490380840205
Norway,2011,10+,316,10188,0.031016882606988615
Norway,2011,10+,277,10188,0.027188849627012172
Norway,2011,10+,243,10188,0.023851590106007067
Norway,2011,10+,198,10188,0.019434628975265017
Norway,2011,10+,220,10188,0.021594032194738908
Norway,2011,10+,212,10188,0.020808794660384766
Norway,2011,10+,249,10188,0.024440518256772674
Norway,2011,10+,189,10188,0.018551236749116608
Norway,2011,10+,175,10188,0.01717707106399686
Norway,2011,10+,151,10188,0.014821358460934433
Norway,2011,10+,157,10188,0.01541028661170004
Norway,2011,10+,153,10188,0.015017667844522967
Norway,2011,10+,128,10188,0.012563800549666274
Norway,2011,10+,111,10188,0.010895170789163721
Norway,2011,10+,101,10188,0.009913623871221045
Norway,2011,10+,94,10188,0.00922654102866117
Norway,2011,10+,87,10188,0.008539458186101296
Norway,2011,10+,70,10188,0.006870828425598744
Norway,2011,10+,86,10188,0.008441303494307028
Norway,2011,10+,68,10188,0.006674519042010208
Norway,2011,10+,48,10188,0.004711425206124852
Norway,2011,10+,390,10188,0.03828032979976443
Norway,2010,0-1,11,10224,0.0010758998435054772
Norway,2010,0-1,176,10224,0.017214397496087636
Norway,2010,1-2,436,10224,0.042644757433489826
Norway,2010,3-4,556,10224,0.05438184663536776
Norway,2010,3-4,578,10224,0.056533646322378714
Norway,2010,5-9,534,10224,0.052230046948356805
Norway,2010,5-9,646,10224,0.06318466353677621
Norway,2010,5-9,613,10224,0.05995696400625978
Norway,2010,5-9,533,10224,0.052132237871674494
Norway,2010,5-9,515,10224,0.0503716744913928
Norway,2010,10+,434,10224,0.0424491392801252
Norway,2010,10+,379,10224,0.03706964006259781
Norway,2010,10+,360,10224,0.035211267605633804
Norway,2010,10+,337,10224,0.03296165884194053
Norway,2010,10+,340,10224,0.03325508607198748
Norway,2010,10+,276,10224,0.02699530516431925
Norway,2010,10+,247,10224,0.02415884194053208
Norway,2010,10+,226,10224,0.022104851330203443
Norway,2010,10+,246,10224,0.024061032863849766
Norway,2010,10+,245,10224,0.023963223787167448
Norway,2010,10+,199,10224,0.019464006259780908
Norway,2010,10+,186,10224,0.018192488262910797
Norway,2010,10+,191,10224,0.018681533646322378
Norway,2010,10+,181,10224,0.017703442879499216
Norway,2010,10+,130,10224,0.012715179968701095
Norway,2010,10+,123,10224,0.012030516431924883
Norway,2010,10+,124,10224,0.012128325508607199
Norway,2010,10+,125,10224,0.012226134585289514
Norway,2010,10+,109,10224,0.010661189358372456
Norway,2010,10+,88,10224,0.008607198748043818
Norway,2010,10+,80,10224,0.00782472613458529
Norway,2010,10+,75,10224,0.007335680751173709
Norway,2010,10+,70,10224,0.006846635367762128
Norway,2010,10+,54,10224,0.00528169014084507
Norway,2010,10+,52,10224,0.005086071987480438
Norway,2010,10+,621,10224,0.06073943661971831
Norway,2009,0-1,21,10235,0.0020517830972154373
Norway,2009,0-1,200,10235,0.019540791402051783
Norway,2009,1-2,434,10235,0.04240351734245237
Norway,2009,3-4,513,10235,0.050122129946262826
Norway,2009,3-4,583,10235,0.05696140693698095
Norway,2009,5-9,681,10235,0.06653639472398633
Norway,2009,5-9,707,10235,0.06907669760625305
Norway,2009,5-9,647,10235,0.06321446018563752
Norway,2009,5-9,521,10235,0.050903761602344895
Norway,2009,5-9,529,10235,0.051685393258426963
Norway,2009,10+,1787,10235,0.1745969711773327
Norway,2009,10+,1173,10235,0.1146067415730337
Norway,2009,10+,897,10235,0.08764044943820225
Norway,2009,10+,1360,10235,0.13287738153395212
Norway,2008,0-1,4,10158,3.9377830281551486e-4
Norway,2008,0-1,182,10158,0.017916912778105927
Norway,2008,1-2,437,10158,0.043020279582595
Norway,2008,3-4,485,10158,0.04774561921638118
Norway,2008,3-4,600,10158,0.05906674542232723
Norway,2008,5-9,692,10158,0.06812364638708407
Norway,2008,5-9,729,10158,0.07176609568812758
Norway,2008,5-9,629,10158,0.061921638117739715
Norway,2008,5-9,547,10158,0.05384918291002166
Norway,2008,5-9,411,10158,0.040460720614294156
Norway,2008,10+,382,10158,0.03760582791888167
Norway,2008,10+,350,10158,0.03445560149635755
Norway,2008,10+,316,10158,0.031108485922425676
Norway,2008,10+,300,10158,0.029533372711163616
Norway,2008,10+,284,10158,0.027958259499901557
Norway,2008,10+,237,10158,0.023331364441819255
Norway,2008,10+,221,10158,0.021756251230557196
Norway,2008,10+,260,10158,0.025595589683008468
Norway,2008,10+,234,10158,0.02303603071470762
Norway,2008,10+,225,10158,0.022150029533372712
Norway,2008,10+,212,10158,0.02087025004922229
Norway,2008,10+,171,10158,0.01683402244536326
Norway,2008,10+,162,10158,0.01594802126402835
Norway,2008,10+,161,10158,0.015849576688324474
Norway,2008,10+,143,10158,0.014077574325654657
Norway,2008,10+,133,10158,0.013093128568615869
Norway,2008,10+,149,10158,0.014668241779877928
Norway,2008,10+,127,10158,0.012502461114392597
Norway,2008,10+,110,10158,0.01082890332742666
Norway,2008,10+,118,10158,0.01161645993305769
Norway,2008,10+,104,10158,0.010238235873203386
Norway,2008,10+,92,10158,0.009056900964756842
Norway,2008,10+,84,10158,0.008269344359125812
Norway,2008,10+,69,10158,0.006792675723567632
Norway,2008,10+,82,10158,0.008072455207718056
Norway,2008,10+,425,10158,0.041838944674148455
Norway,2007,0-1,7,10280,6.809338521400778e-4
Norway,2007,0-1,206,10280,0.020038910505836578
Norway,2007,1-2,439,10280,0.042704280155642024
Norway,2007,3-4,542,10280,0.05272373540856031
Norway,2007,3-4,686,10280,0.06673151750972763
Norway,2007,5-9,733,10280,0.07130350194552529
Norway,2007,5-9,675,10280,0.06566147859922179
Norway,2007,5-9,611,10280,0.05943579766536965
Norway,2007,5-9,463,10280,0.045038910505836575
Norway,2007,5-9,458,10280,0.04455252918287938
Norway,2007,10+,396,10280,0.03852140077821012
Norway,2007,10+,359,10280,0.03492217898832685
Norway,2007,10+,331,10280,0.032198443579766534
Norway,2007,10+,254,10280,0.02470817120622568
Norway,2007,10+,219,10280,0.021303501945525292
Norway,2007,10+,266,10280,0.025875486381322955
Norway,2007,10+,227,10280,0.02208171206225681
Norway,2007,10+,243,10280,0.023638132295719844
Norway,2007,10+,216,10280,0.021011673151750974
Norway,2007,10+,234,10280,0.022762645914396886
Norway,2007,10+,197,10280,0.01916342412451362
Norway,2007,10+,190,10280,0.01848249027237354
Norway,2007,10+,203,10280,0.019747081712062256
Norway,2007,10+,178,10280,0.017315175097276266
Norway,2007,10+,168,10280,0.01634241245136187
Norway,2007,10+,158,10280,0.01536964980544747
Norway,2007,10+,130,10280,0.01264591439688716
Norway,2007,10+,132,10280,0.012840466926070038
Norway,2007,10+,134,10280,0.013035019455252919
Norway,2007,10+,106,10280,0.010311284046692607
Norway,2007,10+,119,10280,0.011575875486381323
Norway,2007,10+,103,10280,0.010019455252918289
Norway,2007,10+,87,10280,0.008463035019455252
Norway,2007,10+,83,10280,0.008073929961089495
Norway,2007,10+,63,10280,0.0061284046692607
Norway,2007,10+,389,10280,0.037840466926070036
Norway,2004,0-1,11,11045,9.95925758261657e-4
Norway,2004,0-1,268,11045,0.02426437301946582
Norway,2004,1-2,576,11045,0.05215029425079221
Norway,2004,3-4,645,11045,0.058397464916251696
Norway,2004,3-4,747,11045,0.06763241285649615
Norway,2004,5-9,683,11045,0.06183793571751924
Norway,2004,5-9,639,11045,0.05785423268447261
Norway,2004,5-9,572,11045,0.05178813942960616
Norway,2004,5-9,518,11045,0.04689904934359439
Norway,2004,5-9,444,11045,0.04019918515165233
Norway,2004,10+,1701,11045,0.15400633770937075
Norway,2004,10+,1366,11045,0.12367587143503848
Norway,2004,10+,1020,11045,0.09234947940244455
Norway,2004,10+,1614,11045,0.14612947034857401
Norway,1997,0-1,9,9961,9.035237425961249e-4
Norway,1997,0-1,245,9961,0.024595924104005622
Norway,1997,1-2,466,9961,0.04678245156108824
Norway,1997,3-4,510,9961,0.051199678747113744
Norway,1997,3-4,570,9961,0.05722317036442124
Norway,1997,5-9,580,9961,0.05822708563397249
Norway,1997,5-9,488,9961,0.048991065154100996
Norway,1997,5-9,489,9961,0.04909145668105612
Norway,1997,5-9,439,9961,0.04407188033329987
Norway,1997,5-9,404,9961,0.0405581768898705
Norway,1997,10+,1493,9961,0.14988454974400162
Norway,1997,10+,1306,9961,0.13111133420339324
Norway,1997,10+,2730,9961,0.27406886858749124
Norway,1996,0-1,4,9982,4.007212983370066e-4
Norway,1996,0-1,216,9982,0.021638950110198358
Norway,1996,1-2,451,9982,0.04518132638749749
Norway,1996,3-4,493,9982,0.04938890002003606
Norway,1996,3-4,561,9982,0.05620116209176518
Norway,1996,5-9,610,9982,0.06110999799639351
Norway,1996,5-9,529,9982,0.052995391705069124
Norway,1996,5-9,485,9982,0.048587457423362054
Norway,1996,5-9,423,9982,0.04237627729913845
Norway,1996,5-9,386,9982,0.03866960528952114
Norway,1996,10+,1564,9982,0.15668202764976957
Norway,1996,10+,1279,9982,0.12813063514325787
Norway,1996,10+,2610,9982,0.2614706471648968
Norway,1995,0-1,14,10360,0.0013513513513513514
Norway,1995,0-1,199,10360,0.019208494208494208
Norway,1995,1-2,436,10360,0.04208494208494209
Norway,1995,3-4,501,10360,0.04835907335907336
Norway,1995,3-4,553,10360,0.05337837837837838
Norway,1995,5-9,638,10360,0.061583011583011583
Norway,1995,5-9,592,10360,0.05714285714285714
Norway,1995,5-9,507,10360,0.04893822393822394
Norway,1995,5-9,441,10360,0.04256756756756757
Norway,1995,5-9,464,10360,0.044787644787644784
Norway,1995,10+,1616,10360,0.155984555984556
Norway,1995,10+,1379,10360,0.1331081081081081
Norway,1995,10+,2648,10360,0.2555984555984556
Poland,2023,0-1,241,56892,0.004236096463474654
Poland,2023,0-1,1307,56892,0.022973353019756733
Poland,2023,1-2,1704,56892,0.029951487028053152
Poland,2023,3-4,2145,56892,0.037703016241299306
Poland,2023,3-4,2476,56892,0.04352105744217113
Poland,2023,5-9,2633,56892,0.046280672150741754
Poland,2023,5-9,2472,56892,0.043450748787175704
Poland,2023,5-9,2386,56892,0.041939112704773955
Poland,2023,5-9,2221,56892,0.039038880686212474
Poland,2023,5-9,2101,56892,0.03692962103634957
Poland,2023,10+,11044,56892,0.19412219644238204
Poland,2023,10+,8975,56892,0.15775504464599593
Poland,2023,10+,6711,56892,0.11796034591858258
Poland,2023,10+,10476,56892,0.184138367433031
Poland,2022,0-1,254,60162,0.004221934111233004
Poland,2022,0-1,1099,60162,0.01826734483561052
Poland,2022,1-2,1947,60162,0.03236262092350653
Poland,2022,3-4,2574,60162,0.042784481898873045
Poland,2022,3-4,2769,60162,0.04602573052757555
Poland,2022,5-9,2723,60162,0.045261128286958545
Poland,2022,5-9,2611,60162,0.043399488048934544
Poland,2022,5-9,2431,60162,0.040407566237824544
Poland,2022,5-9,2330,60162,0.03872876566603504
Poland,2022,5-9,2242,60162,0.037266048336159034
Poland,2022,10+,12212,60162,0.2029852730959742
Poland,2022,10+,8812,60162,0.14647119444167414
Poland,2022,10+,7046,60162,0.11711711711711711
Poland,2022,10+,11112,60162,0.1847013064725242
Poland,2021,0-1,179,60687,0.0029495608614695077
Poland,2021,0-1,1264,60687,0.020828183960320993
Poland,2021,1-2,2245,60687,0.03699309572066505
Poland,2021,3-4,2608,60687,0.04297460741180154
Poland,2021,3-4,2614,60687,0.04307347537363851
Poland,2021,5-9,2647,60687,0.04361724916374182
Poland,2021,5-9,2456,60687,0.040469952378598385
Poland,2021,5-9,2352,60687,0.038756241040090955
Poland,2021,5-9,2459,60687,0.040519386359516865
Poland,2021,5-9,2344,60687,0.038624417090975
Poland,2021,10+,12770,60687,0.2104239787763442
Poland,2021,10+,8558,60687,0.14101866956679354
Poland,2021,10+,7297,60687,0.12023991958739104
Poland,2021,10+,10894,60687,0.17951126270865259
Poland,2019,0-1,363,65341,0.005555470531519261
Poland,2019,0-1,1702,65341,0.02604796375935477
Poland,2019,1-2,2422,65341,0.03706707886319462
Poland,2019,3-4,2732,65341,0.041811420088459006
Poland,2019,3-4,2782,65341,0.042576636415114555
Poland,2019,5-9,2626,65341,0.04018916147594925
Poland,2019,5-9,2736,65341,0.041872637394591454
Poland,2019,5-9,2767,65341,0.04234707151711789
Poland,2019,5-9,2909,65341,0.04452028588481964
Poland,2019,5-9,3082,65341,0.04716793437504783
Poland,2019,10+,12828,65341,0.19632390076674677
Poland,2019,10+,9140,65341,0.1398815445126337
Poland,2019,10+,7277,65341,0.1113695841814481
Poland,2019,10+,11975,65341,0.18326931023400314
Poland,2018,0-1,351,62843,0.0055853476123036774
Poland,2018,0-1,1604,62843,0.025523924701239598
Poland,2018,1-2,2355,62843,0.03747434081759305
Poland,2018,3-4,2534,62843,0.040322708973155326
Poland,2018,3-4,2552,62843,0.04060913705583756
Poland,2018,5-9,2791,62843,0.0444122654870073
Poland,2018,5-9,2826,62843,0.04496920898111166
Poland,2018,5-9,2891,62843,0.046003532613019746
Poland,2018,5-9,3172,62843,0.05047499323711471
Poland,2018,5-9,3142,62843,0.04999761309931098
Poland,2018,10+,11295,62843,0.17973362188310552
Poland,2018,10+,8827,62843,0.14046114921311842
Poland,2018,10+,7043,62843,0.11207294368505641
Poland,2018,10+,11460,62843,0.18235921264102606
Poland,2017,0-1,339,65257,0.005194844997471536
Poland,2017,0-1,1691,65257,0.025912928881192822
Poland,2017,1-2,2357,65257,0.036118730557641324
Poland,2017,3-4,2702,65257,0.04140551971436014
Poland,2017,3-4,3007,65257,0.046079347809430404
Poland,2017,5-9,2963,65257,0.04540509064161699
Poland,2017,5-9,3202,65257,0.04906753298496713
Poland,2017,5-9,3419,65257,0.05239284674441056
Poland,2017,5-9,3576,65257,0.054798718911381154
Poland,2017,5-9,3183,65257,0.048776376480684065
Poland,2017,10+,11095,65257,0.170020074474769
Poland,2017,10+,9300,65257,0.14251344683328993
Poland,2017,10+,7003,65257,0.10731415786812143
Poland,2017,10+,11420,65257,0.17500038310066354
Poland,2016,0-1,366,63497,0.005764051844969054
Poland,2016,0-1,1567,63497,0.024678331259744554
Poland,2016,1-2,2334,63497,0.03675764209332724
Poland,2016,3-4,2772,63497,0.04365560577665087
Poland,2016,3-4,3126,63497,0.04923067231522749
Poland,2016,5-9,3417,63497,0.05381356599524387
Poland,2016,5-9,3467,63497,0.054601004771878986
Poland,2016,5-9,3691,63497,0.05812873049120431
Poland,2016,5-9,3165,63497,0.04984487456100288
Poland,2016,5-9,2877,63497,0.04530922720758461
Poland,2016,10+,10269,63497,0.16172417594532026
Poland,2016,10+,8782,63497,0.13830574672819188
Poland,2016,10+,6697,63497,0.10546954974250752
Poland,2016,10+,10967,63497,0.1727168212671465
Poland,2015,0-1,331,67296,0.004918568711364717
Poland,2015,0-1,1664,67296,0.024726581074655255
Poland,2015,1-2,2766,67296,0.04110199714693295
Poland,2015,3-4,3284,67296,0.048799334284355685
Poland,2015,3-4,3535,67296,0.052529125059438894
Poland,2015,5-9,3944,67296,0.05860675225867808
Poland,2015,5-9,3986,67296,0.059230860675225865
Poland,2015,5-9,3642,67296,0.054119115549215405
Poland,2015,5-9,3124,67296,0.04642177841179268
Poland,2015,5-9,2637,67296,0.03918509272467903
Poland,2015,10+,10442,67296,0.15516524013314312
Poland,2015,10+,9154,67296,0.13602591535901093
Poland,2015,10+,7284,67296,0.10823823109843081
Poland,2015,10+,11503,67296,0.17093140751307656
Poland,2014,0-1,348,65761,0.005291890330134883
Poland,2014,0-1,1753,65761,0.02665713720898405
Poland,2014,1-2,2766,65761,0.042061404175727256
Poland,2014,3-4,3373,65761,0.051291799090646434
Poland,2014,3-4,3957,65761,0.06017244263317164
Poland,2014,5-9,4127,65761,0.06275756147260535
Poland,2014,5-9,3756,65761,0.05711591977007649
Poland,2014,5-9,3181,65761,0.048372135460227186
Poland,2014,5-9,2668,65761,0.04057115919770077
Poland,2014,5-9,2266,65761,0.03445811347151047
Poland,2014,10+,10402,65761,0.15817885981052598
Poland,2014,10+,8623,65761,0.1311263514849227
Poland,2014,10+,7411,65761,0.11269597481790118
Poland,2014,10+,11130,65761,0.16924925107586564
Poland,2013,0-1,440,66132,0.00665335994677312
Poland,2013,0-1,1993,66132,0.030136696304360975
Poland,2013,1-2,3142,66132,0.047511038529002604
Poland,2013,3-4,3874,66132,0.05857981007681606
Poland,2013,3-4,4201,66132,0.063524466219077
Poland,2013,5-9,3935,66132,0.059502207705800524
Poland,2013,5-9,3395,66132,0.051336720498397145
Poland,2013,5-9,2863,66132,0.04329220347184419
Poland,2013,5-9,2504,66132,0.037863666606181574
Poland,2013,5-9,2334,66132,0.035293050263110144
Poland,2013,10+,10530,66132,0.1592270005443658
Poland,2013,10+,8434,66132,0.12753281316155568
Poland,2013,10+,7529,66132,0.11384806145285187
Poland,2013,10+,10958,66132,0.1656989052198633
Poland,2012,0-1,453,64432,0.007030667991060342
Poland,2012,0-1,1981,64432,0.030745592252296994
Poland,2012,1-2,3485,64432,0.05408803079215297
Poland,2012,3-4,4080,64432,0.06332257263471566
Poland,2012,3-4,3908,64432,0.06065309163148746
Poland,2012,5-9,3412,64432,0.05295505338962007
Poland,2012,5-9,2969,64432,0.04607958778246834
Poland,2012,5-9,2455,64432,0.038102185249565435
Poland,2012,5-9,2394,64432,0.03715545070772287
Poland,2012,5-9,2197,64432,0.03409796374472312
Poland,2012,10+,2140,64432,0.033213310156444006
Poland,2012,10+,2266,64432,0.03516886019369257
Poland,2012,10+,2286,64432,0.035479264961509806
Poland,2012,10+,1970,64432,0.030574869629997517
Poland,2012,10+,1945,64432,0.030186863670225973
Poland,2012,10+,1848,64432,0.02868140054631239
Poland,2012,10+,1709,64432,0.02652408740998262
Poland,2012,10+,1720,64432,0.026694810032282097
Poland,2012,10+,1640,64432,0.025453190961013162
Poland,2012,10+,1657,64432,0.02571703501365781
Poland,2012,10+,1582,64432,0.024553017134343182
Poland,2012,10+,1718,64432,0.026663769555500372
Poland,2012,10+,1536,64432,0.023839086168363548
Poland,2012,10+,1350,64432,0.020952321827663274
Poland,2012,10+,1218,64432,0.01890365036006953
Poland,2012,10+,1154,64432,0.017910355103054384
Poland,2012,10+,970,64432,0.015054631239135833
Poland,2012,10+,974,64432,0.01511671219269928
Poland,2012,10+,906,64432,0.014061335982120685
Poland,2012,10+,930,64432,0.014433821703501366
Poland,2012,10+,838,64432,0.013005959771542092
Poland,2012,10+,730,64432,0.01132977402532903
Poland,2012,10+,646,64432,0.010026074000496647
Poland,2012,10+,545,64432,0.008458529923019618
Poland,2012,10+,474,64432,0.007356592997268438
Poland,2012,10+,2346,64432,0.03641047926496151
Poland,2011,0-1,475,64594,0.007353624175620027
Poland,2011,0-1,2293,64594,0.03549865312567731
Poland,2011,1-2,3596,64594,0.05567080533795708
Poland,2011,3-4,3920,64594,0.06068675109143264
Poland,2011,3-4,3654,64594,0.05656872155308543
Poland,2011,5-9,3100,64594,0.047992073567204384
Poland,2011,5-9,2725,64594,0.04218658079697805
Poland,2011,5-9,2550,64594,0.03947735083753909
Poland,2011,5-9,2391,64594,0.037015821902963125
Poland,2011,5-9,2228,64594,0.03449236771217141
Poland,2011,10+,2347,64594,0.0363346440845899
Poland,2011,10+,2419,64594,0.03744929869647336
Poland,2011,10+,2099,64594,0.03249527819921355
Poland,2011,10+,1997,64594,0.030916184165711985
Poland,2011,10+,1822,64594,0.02820695420627303
Poland,2011,10+,1812,64594,0.02805214106573366
Poland,2011,10+,1799,64594,0.027850883983032478
Poland,2011,10+,1747,64594,0.027045855652227762
Poland,2011,10+,1661,64594,0.02571446264358919
Poland,2011,10+,1747,64594,0.027045855652227762
Poland,2011,10+,1732,64594,0.02681363594141871
Poland,2011,10+,1712,64594,0.02650400966033997
Poland,2011,10+,1447,64594,0.022401461436046693
Poland,2011,10+,1320,64594,0.020435334551196706
Poland,2011,10+,1270,64594,0.01966126884849986
Poland,2011,10+,1168,64594,0.018082174814998297
Poland,2011,10+,1133,64594,0.017540328823110504
Poland,2011,10+,1067,64594,0.016518562095550672
Poland,2011,10+,1004,64594,0.015543239310152645
Poland,2011,10+,962,64594,0.014893024119887296
Poland,2011,10+,795,64594,0.012307644672879835
Poland,2011,10+,721,64594,0.011162027432888504
Poland,2011,10+,628,64594,0.009722265225872372
Poland,2011,10+,562,64594,0.008700498498312536
Poland,2011,10+,476,64594,0.007369105489673964
Poland,2011,10+,2215,64594,0.03429111062947023
Poland,2010,0-1,500,61300,0.008156606851549755
Poland,2010,0-1,2283,61300,0.03724306688417618
Poland,2010,1-2,3159,61300,0.05153344208809135
Poland,2010,3-4,3407,61300,0.05557911908646003
Poland,2010,3-4,3088,61300,0.050375203915171286
Poland,2010,5-9,2594,61300,0.04231647634584013
Poland,2010,5-9,2644,61300,0.0431321370309951
Poland,2010,5-9,2450,61300,0.0399673735725938
Poland,2010,5-9,2336,61300,0.038107667210440455
Poland,2010,5-9,2400,61300,0.03915171288743882
Poland,2010,10+,2426,61300,0.039575856443719415
Poland,2010,10+,2242,61300,0.036574225122349105
Poland,2010,10+,2086,61300,0.03402936378466558
Poland,2010,10+,1926,61300,0.03141924959216966
Poland,2010,10+,1819,61300,0.02967373572593801
Poland,2010,10+,1796,61300,0.02929853181076672
Poland,2010,10+,1755,61300,0.02862969004893964
Poland,2010,10+,1709,61300,0.027879282218597062
Poland,2010,10+,1666,61300,0.027177814029363784
Poland,2010,10+,1869,61300,0.030489396411092985
Poland,2010,10+,1688,61300,0.027536704730831973
Poland,2010,10+,1513,61300,0.02468189233278956
Poland,2010,10+,1336,61300,0.021794453507340945
Poland,2010,10+,1243,61300,0.020277324632952693
Poland,2010,10+,1182,61300,0.01928221859706362
Poland,2010,10+,1161,61300,0.018939641109298532
Poland,2010,10+,1096,61300,0.017879282218597064
Poland,2010,10+,1055,61300,0.017210440456769983
Poland,2010,10+,972,61300,0.015856443719412725
Poland,2010,10+,890,61300,0.014518760195758564
Poland,2010,10+,813,61300,0.013262642740619902
Poland,2010,10+,719,61300,0.011729200652528549
Poland,2010,10+,633,61300,0.01032626427406199
Poland,2010,10+,513,61300,0.00836867862969005
Poland,2010,10+,471,61300,0.00768352365415987
Poland,2010,10+,1860,61300,0.03034257748776509
Poland,2009,0-1,601,65345,0.009197337210192058
Poland,2009,0-1,2198,65345,0.033636850562399574
Poland,2009,1-2,3034,65345,0.04643048435228403
Poland,2009,3-4,3257,65345,0.04984314025556661
Poland,2009,3-4,2999,65345,0.045894865712755376
Poland,2009,5-9,2962,65345,0.045328640293825086
Poland,2009,5-9,2803,65345,0.042895401331394904
Poland,2009,5-9,2760,65345,0.0422373555742597
Poland,2009,5-9,2786,65345,0.04263524370648099
Poland,2009,5-9,2835,65345,0.0433851098018211
Poland,2009,10+,2552,65345,0.039054250516489405
Poland,2009,10+,2318,65345,0.035473257326497816
Poland,2009,10+,2149,65345,0.032886984467059455
Poland,2009,10+,2125,65345,0.0325197031142398
Poland,2009,10+,2063,65345,0.031570892952789045
Poland,2009,10+,1953,65345,0.029887520085698983
Poland,2009,10+,1879,65345,0.028755069247838397
Poland,2009,10+,2007,65345,0.030713903129543193
Poland,2009,10+,2080,65345,0.03183105057770296
Poland,2009,10+,2001,65345,0.03062208279133828
Poland,2009,10+,1775,65345,0.02716351671895325
Poland,2009,10+,1449,65345,0.022174611676486343
Poland,2009,10+,1444,65345,0.02209809472798225
Poland,2009,10+,1371,65345,0.02098094727982248
Poland,2009,10+,1325,65345,0.02027699135358482
Poland,2009,10+,1267,65345,0.019389394750937334
Poland,2009,10+,1286,65345,0.01968015915525289
Poland,2009,10+,1115,65345,0.017063279516412885
Poland,2009,10+,999,65345,0.015288086311117912
Poland,2009,10+,902,65345,0.013803657510138496
Poland,2009,10+,858,65345,0.013130308363302472
Poland,2009,10+,713,65345,0.010911316856683756
Poland,2009,10+,613,65345,0.009380977886601883
Poland,2009,10+,539,65345,0.008248527048741296
Poland,2009,10+,449,65345,0.00687122197566761
Poland,2009,10+,1878,65345,0.02873976585813758
Poland,2008,0-1,507,65475,0.007743413516609393
Poland,2008,0-1,2107,65475,0.032180221458571974
Poland,2008,1-2,2854,65475,0.043589156166475754
Poland,2008,3-4,3010,65475,0.04597174494081711
Poland,2008,3-4,3239,65475,0.0494692630775105
Poland,2008,5-9,3169,65475,0.04840015273004964
Poland,2008,5-9,3010,65475,0.04597174494081711
Poland,2008,5-9,3115,65475,0.0475754104620084
Poland,2008,5-9,2994,65475,0.04572737686139748
Poland,2008,5-9,2866,65475,0.04377243222604047
Poland,2008,10+,2531,65475,0.03865597556319206
Poland,2008,10+,2415,65475,0.03688430698739977
Poland,2008,10+,2251,65475,0.03437953417334861
Poland,2008,10+,2065,65475,0.03153875525009545
Poland,2008,10+,1999,65475,0.0305307369224895
Poland,2008,10+,2027,65475,0.030958381061473843
Poland,2008,10+,2008,65475,0.03066819396716304
Poland,2008,10+,2114,65475,0.03228713249331806
Poland,2008,10+,2033,65475,0.031050019091256206
Poland,2008,10+,1769,65475,0.02701794578083238
Poland,2008,10+,1643,65475,0.025093547155402827
Poland,2008,10+,1506,65475,0.02300114547537228
Poland,2008,10+,1400,65475,0.021382206949217258
Poland,2008,10+,1416,65475,0.021626575028636883
Poland,2008,10+,1363,65475,0.020817105765559375
Poland,2008,10+,1297,65475,0.019809087437953416
Poland,2008,10+,1255,65475,0.0191676212294769
Poland,2008,10+,1085,65475,0.016571210385643374
Poland,2008,10+,925,65475,0.014127529591447117
Poland,2008,10+,880,65475,0.01344024436807942
Poland,2008,10+,786,65475,0.012004581901489118
Poland,2008,10+,646,65475,0.009866361206567392
Poland,2008,10+,587,65475,0.008965253913707522
Poland,2008,10+,471,65475,0.007193585337915235
Poland,2008,10+,413,65475,0.006307751050019092
Poland,2008,10+,1719,65475,0.02625429553264605
Poland,2007,0-1,376,66586,0.0056468326675277085
Poland,2007,0-1,1901,66586,0.02854954494938876
Poland,2007,1-2,2629,66586,0.03948277415672964
Poland,2007,3-4,3129,66586,0.046991860150782445
Poland,2007,3-4,3191,66586,0.04792298681404499
Poland,2007,5-9,3305,66586,0.049635058420689035
Poland,2007,5-9,3293,66586,0.049454840356831765
Poland,2007,5-9,3334,66586,0.050070585408344095
Poland,2007,5-9,3106,66586,0.046646442195056016
Poland,2007,5-9,2782,66586,0.0417805544709098
Poland,2007,10+,2589,66586,0.03888204727720542
Poland,2007,10+,2405,66586,0.03611870363139399
Poland,2007,10+,2367,66586,0.03554801309584597
Poland,2007,10+,2170,66586,0.03258943321418917
Poland,2007,10+,2085,66586,0.03131288859520019
Poland,2007,10+,2245,66586,0.033715796113297086
Poland,2007,10+,2250,66586,0.033790886973237615
Poland,2007,10+,2137,66586,0.03209383353858168
Poland,2007,10+,1891,66586,0.028399363229507705
Poland,2007,10+,1795,66586,0.026957618718649566
Poland,2007,10+,1605,66586,0.0241041660409095
Poland,2007,10+,1578,66586,0.02369867539723065
Poland,2007,10+,1538,66586,0.023097948517706426
Poland,2007,10+,1558,66586,0.023398311957468537
Poland,2007,10+,1408,66586,0.021145586159252695
Poland,2007,10+,1398,66586,0.02099540443937164
Poland,2007,10+,1148,66586,0.017240861442345237
Poland,2007,10+,1062,66586,0.015949298651368155
Poland,2007,10+,1014,66586,0.015228426395939087
Poland,2007,10+,872,66586,0.01309584597362809
Poland,2007,10+,746,66586,0.011203556303126784
Poland,2007,10+,655,66586,0.009836902652209174
Poland,2007,10+,565,66586,0.008485267173279668
Poland,2007,10+,454,66586,0.006818250082599946
Poland,2007,10+,435,66586,0.006532904814825939
Poland,2007,10+,1570,66586,0.023578530021325803
Poland,2004,0-1,225,56332,0.0039941773769793364
Poland,2004,0-1,1137,56332,0.020183909678335582
Poland,2004,1-2,1991,56332,0.03534403181140382
Poland,2004,3-4,2732,56332,0.04849818930625577
Poland,2004,3-4,3105,56332,0.05511964780231485
Poland,2004,5-9,3221,56332,0.05717886813889086
Poland,2004,5-9,2799,56332,0.04968756656962295
Poland,2004,5-9,2551,56332,0.04528509550521906
Poland,2004,5-9,2516,56332,0.04466377902435561
Poland,2004,5-9,2381,56332,0.042267272598168
Poland,2004,10+,10841,56332,0.19244834197259106
Poland,2004,10+,8531,56332,0.1514414542356032
Poland,2004,10+,7054,56332,0.12522189874316553
Poland,2004,10+,7248,56332,0.12866576723709436
Poland,2003,0-1,217,48632,0.004462082579371607
Poland,2003,0-1,1161,48632,0.023873169929264682
Poland,2003,1-2,2122,48632,0.04363382135219609
Poland,2003,3-4,2677,48632,0.05504606020727093
Poland,2003,3-4,2745,48632,0.056444316499424246
Poland,2003,5-9,2579,48632,0.05303092613916763
Poland,2003,5-9,2340,48632,0.04811646652409936
Poland,2003,5-9,2224,48632,0.045731205790426055
Poland,2003,5-9,2178,48632,0.044785326533969404
Poland,2003,5-9,1944,48632,0.03997367988155947
Poland,2003,10+,9167,48632,0.18849728573778582
Poland,2003,10+,6874,48632,0.14134726106267478
Poland,2003,10+,6092,48632,0.12526731370291166
Poland,2003,10+,6312,48632,0.12979108405987827
Poland,1997,0-1,686,42549,0.01612258807492538
Poland,1997,0-1,1556,42549,0.036569602105807425
Poland,1997,1-2,2036,42549,0.047850713295259584
Poland,1997,3-4,2147,42549,0.050459470257820396
Poland,1997,3-4,2336,42549,0.054901407788667186
Poland,1997,5-9,2404,42549,0.056499565207172905
Poland,1997,5-9,2381,42549,0.05595901196267832
Poland,1997,5-9,2046,42549,0.048085736445039835
Poland,1997,5-9,1901,42549,0.04467790077322616
Poland,1997,5-9,1727,42549,0.040588497967049754
Poland,1997,10+,8084,42549,0.1899927142823568
Poland,1997,10+,6946,42549,0.16324707983736397
Poland,1997,10+,8299,42549,0.19504571200263227
Poland,1996,0-1,676,39449,0.017136049076022206
Poland,1996,0-1,1334,39449,0.03381581282161779
Poland,1996,1-2,1857,39449,0.04707343658901366
Poland,1996,3-4,2130,39449,0.05399376410048417
Poland,1996,3-4,2342,39449,0.05936779132550889
Poland,1996,5-9,2341,39449,0.05934244214048518
Poland,1996,5-9,2126,39449,0.05389236736038936
Poland,1996,5-9,1900,39449,0.04816345154503283
Poland,1996,5-9,1792,39449,0.04542573956247307
Poland,1996,5-9,1619,39449,0.04104033055337271
Poland,1996,10+,7796,39449,0.1976222464447768
Poland,1996,10+,6438,39449,0.16319805318259017
Poland,1996,10+,7098,39449,0.17992851529823317
Poland,1995,0-1,664,38115,0.01742096287550833
Poland,1995,0-1,1386,38115,0.03636363636363636
Poland,1995,1-2,1920,38115,0.050373868555686735
Poland,1995,3-4,2261,38115,0.05932047750229568
Poland,1995,3-4,2471,38115,0.06483011937557392
Poland,1995,5-9,2136,38115,0.05604092876820149
Poland,1995,5-9,1950,38115,0.05116096025186934
Poland,1995,5-9,1780,38115,0.046700773973501246
Poland,1995,5-9,1723,38115,0.045205299750754296
Poland,1995,5-9,1639,38115,0.043001443001443
Poland,1995,10+,7673,38115,0.2013118194936377
Poland,1995,10+,6151,38115,0.16138003410730684
Poland,1995,10+,6361,38115,0.16688967598058507
Portugal,2023,0-1,397,17430,0.022776821572002295
Portugal,2023,0-1,569,17430,0.03264486517498566
Portugal,2023,1-2,443,17430,0.025415949512335053
Portugal,2023,3-4,583,17430,0.03344807802639128
Portugal,2023,3-4,754,17430,0.04325874928284567
Portugal,2023,5-9,718,17430,0.04119334480780264
Portugal,2023,5-9,639,17430,0.03666092943201377
Portugal,2023,5-9,533,17430,0.030579460699942627
Portugal,2023,5-9,551,17430,0.03161216293746414
Portugal,2023,5-9,517,17430,0.02966150315547906
Portugal,2023,10+,2409,17430,0.13820998278829605
Portugal,2023,10+,2227,17430,0.12776821572002295
Portugal,2023,10+,2250,17430,0.12908777969018934
Portugal,2023,10+,4840,17430,0.2776821572002295
Portugal,2022,0-1,343,18464,0.018576689774696706
Portugal,2022,0-1,402,18464,0.02177209705372617
Portugal,2022,1-2,584,18464,0.03162911611785095
Portugal,2022,3-4,738,18464,0.039969670710571926
Portugal,2022,3-4,704,18464,0.038128249566724434
Portugal,2022,5-9,694,18464,0.03758665511265165
Portugal,2022,5-9,622,18464,0.03368717504332756
Portugal,2022,5-9,586,18464,0.031737435008665514
Portugal,2022,5-9,567,18464,0.03070840554592721
Portugal,2022,5-9,557,18464,0.030166811091854418
Portugal,2022,10+,2597,18464,0.14065207972270363
Portugal,2022,10+,2418,18464,0.1309575389948007
Portugal,2022,10+,2563,18464,0.13881065857885616
Portugal,2022,10+,5089,18464,0.275617417677643
Portugal,2021,0-1,202,17279,0.011690491347878928
Portugal,2021,0-1,412,17279,0.023843972452109497
Portugal,2021,1-2,632,17279,0.03657619075177962
Portugal,2021,3-4,677,17279,0.0391805081312576
Portugal,2021,3-4,621,17279,0.03593957983679611
Portugal,2021,5-9,611,17279,0.03536084264135656
Portugal,2021,5-9,582,17279,0.03368250477458186
Portugal,2021,5-9,531,17279,0.030730945077840154
Portugal,2021,5-9,524,17279,0.030325829041032468
Portugal,2021,5-9,506,17279,0.029284102089241277
Portugal,2021,10+,2634,17279,0.1524393772787777
Portugal,2021,10+,2338,17279,0.135308756293767
Portugal,2021,10+,2469,17279,0.14289021355402512
Portugal,2021,10+,4540,17279,0.2627466867295561
Portugal,2020,0-1,283,17295,0.01636311072564325
Portugal,2020,0-1,530,17295,0.030644694998554496
Portugal,2020,1-2,577,17295,0.03336224342295461
Portugal,2020,3-4,581,17295,0.033593524139924835
Portugal,2020,3-4,625,17295,0.03613761202659728
Portugal,2020,5-9,616,17295,0.03561723041341428
Portugal,2020,5-9,553,17295,0.03197455912113328
Portugal,2020,5-9,496,17295,0.028678808904307605
Portugal,2020,5-9,530,17295,0.030644694998554496
Portugal,2020,5-9,560,17295,0.032379300375831165
Portugal,2020,10+,2595,17295,0.15004336513443192
Portugal,2020,10+,2530,17295,0.1462850534836658
Portugal,2020,10+,2420,17295,0.13992483376698467
Portugal,2020,10+,4399,17295,0.2543509684880023
Portugal,2019,0-1,365,20421,0.017873757406591254
Portugal,2019,0-1,606,20421,0.029675334214778904
Portugal,2019,1-2,693,20421,0.03393565447333627
Portugal,2019,3-4,661,20421,0.03236864012536115
Portugal,2019,3-4,671,20421,0.032858332109103376
Portugal,2019,5-9,634,20421,0.031046471769257136
Portugal,2019,5-9,669,20421,0.03276039371235493
Portugal,2019,5-9,660,20421,0.032319670926986926
Portugal,2019,5-9,641,20421,0.031389256157876695
Portugal,2019,5-9,523,20421,0.025610890749718427
Portugal,2019,10+,3211,20421,0.15724009597962882
Portugal,2019,10+,3046,20421,0.14916017824788208
Portugal,2019,10+,2811,20421,0.13765241662993977
Portugal,2019,10+,5230,20421,0.2561089074971843
Portugal,2018,0-1,377,20345,0.01853035143769968
Portugal,2018,0-1,565,20345,0.0277709510936348
Portugal,2018,1-2,607,20345,0.029835340378471367
Portugal,2018,3-4,633,20345,0.031113295650036864
Portugal,2018,3-4,630,20345,0.030965839272548538
Portugal,2018,5-9,723,20345,0.03553698697468666
Portugal,2018,5-9,680,20345,0.033423445564020646
Portugal,2018,5-9,707,20345,0.03475055296141558
Portugal,2018,5-9,692,20345,0.03401327107397395
Portugal,2018,5-9,651,20345,0.03199803391496682
Portugal,2018,10+,3183,20345,0.1564512165151143
Portugal,2018,10+,3266,20345,0.16053084295895798
Portugal,2018,10+,2808,20345,0.1380191693290735
Portugal,2018,10+,4823,20345,0.23706070287539935
Portugal,2017,0-1,347,21577,0.016081939101821385
Portugal,2017,0-1,558,21577,0.025860870371228622
Portugal,2017,1-2,644,21577,0.029846595912314037
Portugal,2017,3-4,649,21577,0.03007832414144691
Portugal,2017,3-4,734,21577,0.03401770403670575
Portugal,2017,5-9,704,21577,0.032627334661908515
Portugal,2017,5-9,703,21577,0.03258098901608194
Portugal,2017,5-9,716,21577,0.033183482411827406
Portugal,2017,5-9,748,21577,0.034666543078277795
Portugal,2017,5-9,733,21577,0.033971358390879176
Portugal,2017,10+,3373,21577,0.1563238633730361
Portugal,2017,10+,3536,21577,0.16387820364276776
Portugal,2017,10+,2944,21577,0.1364415813134356
Portugal,2017,10+,5188,21577,0.240441210548269
Portugal,2016,0-1,353,22649,0.015585677071835401
Portugal,2016,0-1,503,22649,0.022208486025873105
Portugal,2016,1-2,697,22649,0.03077398560642854
Portugal,2016,3-4,718,22649,0.031701178859993816
Portugal,2016,3-4,801,22649,0.03536579981456135
Portugal,2016,5-9,790,22649,0.034880127157931914
Portugal,2016,5-9,830,22649,0.0366462095456753
Portugal,2016,5-9,834,22649,0.036822817784449645
Portugal,2016,5-9,837,22649,0.0369552739635304
Portugal,2016,5-9,750,22649,0.033114044770188526
Portugal,2016,10+,3704,22649,0.16353922910503774
Portugal,2016,10+,3776,22649,0.16671817740297584
Portugal,2016,10+,2962,22649,0.1307784008123979
Portugal,2016,10+,5094,22649,0.22491059207912048
Portugal,2013,0-1,388,22525,0.017225305216426193
Portugal,2013,0-1,595,22525,0.026415094339622643
Portugal,2013,1-2,746,22525,0.03311875693673696
Portugal,2013,3-4,741,22525,0.03289678135405105
Portugal,2013,3-4,873,22525,0.03875693673695894
Portugal,2013,5-9,977,22525,0.04337402885682575
Portugal,2013,5-9,960,22525,0.04261931187569367
Portugal,2013,5-9,840,22525,0.03729189789123197
Portugal,2013,5-9,835,22525,0.03706992230854606
Portugal,2013,5-9,777,22525,0.034495005549389564
Portugal,2013,10+,4116,22525,0.18273029966703663
Portugal,2013,10+,3428,22525,0.15218645948945617
Portugal,2013,10+,2759,22525,0.12248612652608214
Portugal,2013,10+,4490,22525,0.19933407325194227
Portugal,2012,0-1,479,25380,0.018873128447596532
Portugal,2012,0-1,697,25380,0.027462568951930656
Portugal,2012,1-2,832,25380,0.032781717888100866
Portugal,2012,3-4,964,25380,0.03798266351457841
Portugal,2012,3-4,1012,25380,0.03987391646966115
Portugal,2012,5-9,1053,25380,0.04148936170212766
Portugal,2012,5-9,976,25380,0.038455476753349094
Portugal,2012,5-9,886,25380,0.034909377462568954
Portugal,2012,5-9,1007,25380,0.0396769109535067
Portugal,2012,5-9,980,25380,0.038613081166272656
Portugal,2012,10+,963,25380,0.03794326241134752
Portugal,2012,10+,943,25380,0.03715524034672971
Portugal,2012,10+,1019,25380,0.040149724192277386
Portugal,2012,10+,936,25380,0.03687943262411347
Portugal,2012,10+,928,25380,0.03656422379826635
Portugal,2012,10+,794,25380,0.031284475965327026
Portugal,2012,10+,786,25380,0.030969267139479905
Portugal,2012,10+,781,25380,0.030772261623325452
Portugal,2012,10+,713,25380,0.0280929866036249
Portugal,2012,10+,718,25380,0.028289992119779353
Portugal,2012,10+,664,25380,0.02616233254531127
Portugal,2012,10+,675,25380,0.026595744680851064
Portugal,2012,10+,645,25380,0.02541371158392435
Portugal,2012,10+,556,25380,0.0219070133963751
Portugal,2012,10+,531,25380,0.020921985815602836
Portugal,2012,10+,507,25380,0.019976359338061467
Portugal,2012,10+,447,25380,0.01761229314420804
Portugal,2012,10+,384,25380,0.015130023640661938
Portugal,2012,10+,363,25380,0.014302600472813239
Portugal,2012,10+,338,25380,0.013317572892040977
Portugal,2012,10+,289,25380,0.011386918833727345
Portugal,2012,10+,305,25380,0.012017336485421592
Portugal,2012,10+,236,25380,0.00929866036249015
Portugal,2012,10+,235,25380,0.009259259259259259
Portugal,2012,10+,201,25380,0.007919621749408983
Portugal,2012,10+,1452,25380,0.057210401891252954
Portugal,2011,0-1,440,26750,0.01644859813084112
Portugal,2011,0-1,772,26750,0.02885981308411215
Portugal,2011,1-2,954,26750,0.03566355140186916
Portugal,2011,3-4,994,26750,0.0371588785046729
Portugal,2011,3-4,1149,26750,0.042953271028037386
Portugal,2011,5-9,1120,26750,0.041869158878504675
Portugal,2011,5-9,1027,26750,0.03839252336448598
Portugal,2011,5-9,972,26750,0.036336448598130844
Portugal,2011,5-9,1065,26750,0.03981308411214953
Portugal,2011,5-9,1067,26750,0.039887850467289716
Portugal,2011,10+,1024,26750,0.0382803738317757
Portugal,2011,10+,1119,26750,0.04183177570093458
Portugal,2011,10+,1008,26750,0.0376822429906542
Portugal,2011,10+,917,26750,0.0342803738317757
Portugal,2011,10+,909,26750,0.03398130841121495
Portugal,2011,10+,874,26750,0.03267289719626168
Portugal,2011,10+,802,26750,0.029981308411214953
Portugal,2011,10+,787,26750,0.02942056074766355
Portugal,2011,10+,761,26750,0.02844859813084112
Portugal,2011,10+,783,26750,0.029271028037383177
Portugal,2011,10+,693,26750,0.025906542056074768
Portugal,2011,10+,692,26750,0.02586915887850467
Portugal,2011,10+,646,26750,0.024149532710280374
Portugal,2011,10+,638,26750,0.023850467289719627
Portugal,2011,10+,543,26750,0.020299065420560748
Portugal,2011,10+,478,26750,0.01786915887850467
Portugal,2011,10+,434,26750,0.016224299065420562
Portugal,2011,10+,436,26750,0.016299065420560747
Portugal,2011,10+,388,26750,0.014504672897196261
Portugal,2011,10+,370,26750,0.013831775700934579
Portugal,2011,10+,316,26750,0.011813084112149532
Portugal,2011,10+,291,26750,0.010878504672897197
Portugal,2011,10+,283,26750,0.010579439252336448
Portugal,2011,10+,272,26750,0.01016822429906542
Portugal,2011,10+,239,26750,0.008934579439252336
Portugal,2011,10+,1415,26750,0.052897196261682246
Portugal,2007,0-1,713,25255,0.028232033260740447
Portugal,2007,0-1,863,25255,0.034171451197782615
Portugal,2007,1-2,968,25255,0.038329043753712135
Portugal,2007,3-4,1142,25255,0.04521876856068106
Portugal,2007,3-4,1254,25255,0.04965353395367254
Portugal,2007,5-9,1194,25255,0.04727776677885567
Portugal,2007,5-9,1199,25255,0.047475747376757076
Portugal,2007,5-9,1254,25255,0.04965353395367254
Portugal,2007,5-9,1126,25255,0.044585230647396557
Portugal,2007,5-9,988,25255,0.03912096614531776
Portugal,2007,10+,973,25255,0.038527024351613544
Portugal,2007,10+,907,25255,0.035913680459314985
Portugal,2007,10+,825,25255,0.032666798653731934
Portugal,2007,10+,810,25255,0.03207285686002772
Portugal,2007,10+,777,25255,0.03076618491387844
Portugal,2007,10+,757,25255,0.029974262522272817
Portugal,2007,10+,723,25255,0.02862799445654326
Portugal,2007,10+,707,25255,0.027994456543258762
Portugal,2007,10+,652,25255,0.025816669966343297
Portugal,2007,10+,670,25255,0.02652940011878836
Portugal,2007,10+,558,25255,0.022094634725796872
Portugal,2007,10+,522,25255,0.020669174420906752
Portugal,2007,10+,493,25255,0.0195208869530786
Portugal,2007,10+,507,25255,0.020075232627202535
Portugal,2007,10+,454,25255,0.017976638289447636
Portugal,2007,10+,395,25255,0.015640467234211048
Portugal,2007,10+,366,25255,0.014492179766382894
Portugal,2007,10+,323,25255,0.012789546624430806
Portugal,2007,10+,340,25255,0.013462680657295585
Portugal,2007,10+,320,25255,0.012670758265689962
Portugal,2007,10+,376,25255,0.014888140962185705
Portugal,2007,10+,321,25255,0.012710354385270243
Portugal,2007,10+,225,25255,0.008909126905563254
Portugal,2007,10+,208,25255,0.008235992872698475
Portugal,2007,10+,221,25255,0.00875074242724213
Portugal,2007,10+,1124,25255,0.04450603840823599
Portugal,2004,0-1,613,23348,0.026254925475415452
Portugal,2004,0-1,920,23348,0.03940380332362515
Portugal,2004,1-2,1060,23348,0.045400034264176804
Portugal,2004,3-4,1248,23348,0.053452115812917596
Portugal,2004,3-4,1269,23348,0.05435155045400034
Portugal,2004,5-9,1220,23348,0.05225286962480726
Portugal,2004,5-9,1190,23348,0.05096796299468905
Portugal,2004,5-9,1041,23348,0.04458626006510193
Portugal,2004,5-9,926,23348,0.03966078464964879
Portugal,2004,5-9,912,23348,0.039061161555593624
Portugal,2004,10+,4185,23348,0.17924447490149048
Portugal,2004,10+,3055,23348,0.13084632516703787
Portugal,2004,10+,2332,23348,0.09988007538118897
Portugal,2004,10+,3377,23348,0.14463765633030667
Portugal,1997,0-1,4,14078,2.841312686461145e-4
Portugal,1997,0-1,91,14078,0.006463986361699105
Portugal,1997,1-2,150,14078,0.010654922574229293
Portugal,1997,3-4,884,14078,0.06279301037079131
Portugal,1997,3-4,938,14078,0.06662878249751385
Portugal,1997,5-9,803,14078,0.057039352180707485
Portugal,1997,5-9,751,14078,0.053345645688308
Portugal,1997,5-9,743,14078,0.052777383151015766
Portugal,1997,5-9,677,14078,0.04808921721835488
Portugal,1997,5-9,645,14078,0.04581616706918597
Portugal,1997,10+,2622,14078,0.18624804659752806
Portugal,1997,10+,2075,14078,0.1473930956101719
Portugal,1997,10+,3695,14078,0.26246625941184826
Portugal,1996,0-1,2,13429,1.4893141708243355e-4
Portugal,1996,0-1,84,13429,0.0062551195174622085
Portugal,1996,1-2,147,13429,0.010946459155558865
Portugal,1996,3-4,782,13429,0.058232184079231517
Portugal,1996,3-4,877,13429,0.06530642639064711
Portugal,1996,5-9,785,13429,0.05845558120485517
Portugal,1996,5-9,778,13429,0.057934321245066644
Portugal,1996,5-9,706,13429,0.05257279023009904
Portugal,1996,5-9,654,13429,0.048700573385955764
Portugal,1996,5-9,602,13429,0.0448283565418125
Portugal,1996,10+,2511,13429,0.1869833941469953
Portugal,1996,10+,2011,13429,0.14975053987638692
Portugal,1996,10+,3490,13429,0.2598853228088465
Portugal,1995,0-1,11,12322,8.927122220418764e-4
Portugal,1995,0-1,98,12322,0.007953254341827625
Portugal,1995,1-2,171,12322,0.013877617269923714
Portugal,1995,3-4,612,12322,0.049667261808148025
Portugal,1995,3-4,781,12322,0.06338256776497322
Portugal,1995,5-9,732,12322,0.0594059405940594
Portugal,1995,5-9,673,12322,0.05461775685765298
Portugal,1995,5-9,672,12322,0.054536601201103714
Portugal,1995,5-9,577,12322,0.046826813828923876
Portugal,1995,5-9,564,12322,0.045771790293783476
Portugal,1995,10+,2377,12322,0.19290699561759456
Portugal,1995,10+,2079,12322,0.16872260996591462
Portugal,1995,10+,2975,12322,0.24143807823405292
Moldova,2021,0-1,240,9905,0.024230186774356385
Moldova,2021,0-1,447,9905,0.04512872286723877
Moldova,2021,1-2,585,9905,0.05906108026249369
Moldova,2021,3-4,548,9905,0.055325593134780415
Moldova,2021,3-4,592,9905,0.05976779404341242
Moldova,2021,5-9,2534,9905,0.2558303886925795
Moldova,2021,10+,1703,9905,0.17193336698637052
Moldova,2021,10+,1148,9905,0.11590106007067137
Moldova,2021,10+,2108,9905,0.21282180716809693
Moldova,2020,0-1,192,8793,0.02183555100648243
Moldova,2020,0-1,423,8793,0.048106448311156604
Moldova,2020,1-2,481,8793,0.05470260434436484
Moldova,2020,3-4,498,8793,0.0566359604230638
Moldova,2020,3-4,519,8793,0.059024223814397814
Moldova,2020,5-9,2370,8793,0.2695325827362675
Moldova,2020,10+,1475,8793,0.16774707153417492
Moldova,2020,10+,912,8793,0.10371886728079154
Moldova,2020,10+,1923,8793,0.21869669054930058
Moldova,2019,0-1,260,10736,0.02421758569299553
Moldova,2019,0-1,486,10736,0.0452682563338301
Moldova,2019,1-2,607,10736,0.05653874813710879
Moldova,2019,3-4,690,10736,0.06426974664679583
Moldova,2019,3-4,714,10736,0.06650521609538003
Moldova,2019,5-9,646,10736,0.060171385991058125
Moldova,2019,5-9,556,10736,0.05178837555886736
Moldova,2019,5-9,526,10736,0.04899403874813711
Moldova,2019,5-9,466,10736,0.0434053651266766
Moldova,2019,5-9,470,10736,0.0437779433681073
Moldova,2019,10+,1937,10736,0.1804210134128167
Moldova,2019,10+,1060,10736,0.09873323397913562
Moldova,2019,10+,2318,10736,0.2159090909090909
Moldova,2018,0-1,235,10721,0.02191959705251376
Moldova,2018,0-1,505,10721,0.04710381494263595
Moldova,2018,1-2,660,10721,0.06156142150918758
Moldova,2018,3-4,692,10721,0.06454621770357243
Moldova,2018,3-4,668,10721,0.062307620557783785
Moldova,2018,5-9,588,10721,0.05484563007182166
Moldova,2018,5-9,542,10721,0.05055498554239343
Moldova,2018,5-9,521,10721,0.048596213039828376
Moldova,2018,5-9,516,10721,0.04812983863445574
Moldova,2018,5-9,471,10721,0.04393246898610204
Moldova,2018,10+,1999,10721,0.18645648726797873
Moldova,2018,10+,1007,10721,0.09392780524204832
Moldova,2018,10+,2317,10721,0.2161178994496782
Moldova,2017,0-1,242,9312,0.025987972508591067
Moldova,2017,0-1,498,9312,0.053479381443298966
Moldova,2017,1-2,626,9312,0.06722508591065292
Moldova,2017,3-4,597,9312,0.06411082474226804
Moldova,2017,3-4,548,9312,0.058848797250859106
Moldova,2017,5-9,2341,9312,0.25139604810996563
Moldova,2017,10+,1520,9312,0.16323024054982818
Moldova,2017,10+,862,9312,0.09256872852233677
Moldova,2017,10+,2078,9312,0.22315292096219932
Moldova,2016,0-1,266,10605,0.025082508250825083
Moldova,2016,0-1,629,10605,0.05931164545025931
Moldova,2016,1-2,700,10605,0.066006600660066
Moldova,2016,3-4,646,10605,0.060914662894860916
Moldova,2016,3-4,641,10605,0.06044318717586045
Moldova,2016,5-9,608,10605,0.05733144743045733
Moldova,2016,5-9,616,10605,0.058085808580858087
Moldova,2016,5-9,547,10605,0.05157944365865158
Moldova,2016,5-9,543,10605,0.0512022630834512
Moldova,2016,5-9,491,10605,0.0462989156058463
Moldova,2016,10+,1582,10605,0.1491749174917492
Moldova,2016,10+,1006,10605,0.09486091466289485
Moldova,2016,10+,2329,10605,0.21961338991041962
Moldova,2016,10+,0,10605,0
Moldova,2012,0-1,307,10637,0.02886152110557488
Moldova,2012,0-1,632,10637,0.05941524866033656
Moldova,2012,1-2,763,10637,0.0717307511516405
Moldova,2012,3-4,766,10637,0.0720127855598383
Moldova,2012,3-4,799,10637,0.0751151640500141
Moldova,2012,5-9,708,10637,0.06656012033468083
Moldova,2012,5-9,636,10637,0.05979129453793363
Moldova,2012,5-9,499,10637,0.04691172323023409
Moldova,2012,5-9,412,10637,0.038732725392497884
Moldova,2012,5-9,372,10637,0.03497226661652721
Moldova,2012,10+,1335,10637,0.12550531164802106
Moldova,2012,10+,1219,10637,0.11459998119770612
Moldova,2012,10+,2189,10637,0.20579110651499483
Moldova,2010,0-1,346,11504,0.030076495132127956
Moldova,2010,0-1,699,11504,0.06076147426981919
Moldova,2010,1-2,860,11504,0.07475660639777469
Moldova,2010,3-4,895,11504,0.0777990264255911
Moldova,2010,3-4,832,11504,0.07232267037552156
Moldova,2010,5-9,665,11504,0.057805980528511824
Moldova,2010,5-9,582,11504,0.050591098748261475
Moldova,2010,5-9,455,11504,0.039551460361613354
Moldova,2010,5-9,414,11504,0.035987482614742695
Moldova,2010,5-9,364,11504,0.03164116828929068
Moldova,2010,10+,1579,11504,0.13725660639777468
Moldova,2010,10+,1530,11504,0.13299721835883171
Moldova,2010,10+,2283,11504,0.1984527121001391
Moldova,2009,0-1,424,11884,0.035678222820599126
Moldova,2009,0-1,801,11884,0.0674015483002356
Moldova,2009,1-2,915,11884,0.07699427802086839
Moldova,2009,3-4,823,11884,0.06925277684281386
Moldova,2009,3-4,715,11884,0.06016492763379334
Moldova,2009,5-9,662,11884,0.055705149781218447
Moldova,2009,5-9,536,11884,0.04510265903736116
Moldova,2009,5-9,452,11884,0.038034331874789634
Moldova,2009,5-9,432,11884,0.03635139683608213
Moldova,2009,5-9,396,11884,0.03332211376640862
Moldova,2009,10+,1771,11884,0.14902389767754964
Moldova,2009,10+,1643,11884,0.1382531134298216
Moldova,2009,10+,2314,11884,0.19471558397845842
Moldova,2008,0-1,587,12601,0.046583604475835254
Moldova,2008,0-1,931,12601,0.07388302515673359
Moldova,2008,1-2,896,12601,0.07110546782001428
Moldova,2008,3-4,790,12601,0.06269343702880724
Moldova,2008,3-4,722,12601,0.05729703991746687
Moldova,2008,5-9,645,12601,0.05118641377668439
Moldova,2008,5-9,484,12601,0.03840965002777557
Moldova,2008,5-9,497,12601,0.039441314181414174
Moldova,2008,5-9,456,12601,0.036187604158400125
Moldova,2008,5-9,387,12601,0.030711848266010634
Moldova,2008,10+,1967,12601,0.15609872232362512
Moldova,2008,10+,1703,12601,0.13514800412665662
Moldova,2008,10+,2536,12601,0.20125386874057616
Moldova,2006,0-1,588,12594,0.046688899475940925
Moldova,2006,0-1,842,12594,0.06685723360330316
Moldova,2006,1-2,880,12594,0.06987454343338098
Moldova,2006,3-4,701,12594,0.05566142607590916
Moldova,2006,3-4,596,12594,0.04732412259806257
Moldova,2006,5-9,601,12594,0.0477211370493886
Moldova,2006,5-9,592,12594,0.04700651103700175
Moldova,2006,5-9,541,12594,0.04295696363347626
Moldova,2006,5-9,450,12594,0.03573130061934254
Moldova,2006,5-9,388,12594,0.030808321422899795
Moldova,2006,10+,2302,12594,0.18278545339050342
Moldova,2006,10+,1634,12594,0.12974432269334604
Moldova,2006,10+,2479,12594,0.19683976496744482
Moldova,2004,0-1,820,14918,0.05496715377396434
Moldova,2004,0-1,801,14918,0.05369352460115297
Moldova,2004,1-2,664,14918,0.044509987934039416
Moldova,2004,3-4,695,14918,0.0465880144791527
Moldova,2004,3-4,775,14918,0.05195066362783215
Moldova,2004,5-9,737,14918,0.04940340528220941
Moldova,2004,5-9,619,14918,0.04149349778790722
Moldova,2004,5-9,589,14918,0.039482504357152434
Moldova,2004,5-9,684,14918,0.04585065022120928
Moldova,2004,5-9,656,14918,0.04397372301917147
Moldova,2004,10+,2971,14918,0.19915538275908298
Moldova,2004,10+,1998,14918,0.1339321624882692
Moldova,2004,10+,2908,14918,0.19493229655449792
Moldova,2003,0-1,525,14672,0.0357824427480916
Moldova,2003,0-1,676,14672,0.04607415485278081
Moldova,2003,1-2,709,14672,0.04832333696837514
Moldova,2003,3-4,849,14672,0.05786532170119956
Moldova,2003,3-4,732,14672,0.04989094874591058
Moldova,2003,5-9,708,14672,0.04825517993456925
Moldova,2003,5-9,637,14672,0.04341603053435115
Moldova,2003,5-9,705,14672,0.04805070883315158
Moldova,2003,5-9,680,14672,0.04634678298800436
Moldova,2003,5-9,681,14672,0.04641494002181025
Moldova,2003,10+,2952,14672,0.20119956379498363
Moldova,2003,10+,2004,14672,0.13658669574700108
Moldova,2003,10+,2814,14672,0.191793893129771
Moldova,2002,0-1,377,12698,0.02968971491573476
Moldova,2002,0-1,574,12698,0.04520396912899669
Moldova,2002,1-2,736,12698,0.05796188376122224
Moldova,2002,3-4,691,12698,0.05441801858560403
Moldova,2002,3-4,662,12698,0.05213419436131674
Moldova,2002,5-9,656,12698,0.05166167900456765
Moldova,2002,5-9,671,12698,0.052842967396440385
Moldova,2002,5-9,666,12698,0.05244920459914947
Moldova,2002,5-9,721,12698,0.056780595369349506
Moldova,2002,5-9,720,12698,0.05670184280989132
Moldova,2002,10+,2500,12698,0.19688139864545598
Moldova,2002,10+,1602,12698,0.12616160025200818
Moldova,2002,10+,2113,12698,0.1664041581351394
Moldova,1995,0-1,484,14617,0.0331121297119792
Moldova,1995,0-1,995,14617,0.06807142368475064
Moldova,1995,1-2,1355,14617,0.09270028049531367
Moldova,1995,3-4,1232,14617,0.08428542108503798
Moldova,1995,3-4,1170,14617,0.08004378463432989
Moldova,1995,5-9,3814,14617,0.26092905520968734
Moldova,1995,10+,2253,14617,0.15413559553944037
Moldova,1995,10+,1486,14617,0.10166244783471301
Moldova,1995,10+,1793,14617,0.12266538961483205
Romania,2023,0-1,502,22715,0.022099933964340745
Romania,2023,0-1,899,22715,0.03957737178076161
Romania,2023,1-2,895,22715,0.03940127668941228
Romania,2023,3-4,1125,22715,0.04952674444199868
Romania,2023,3-4,1265,22715,0.05569007263922518
Romania,2023,5-9,1253,22715,0.0551617873651772
Romania,2023,5-9,1096,22715,0.04825005502971605
Romania,2023,5-9,954,22715,0.04199867928681488
Romania,2023,5-9,845,22715,0.037200088047545675
Romania,2023,5-9,782,22715,0.03442659035879375
Romania,2023,10+,3339,22715,0.14699537750385208
Romania,2023,10+,3395,22715,0.14946070878274267
Romania,2023,10+,2399,22715,0.10561303103675986
Romania,2023,10+,3966,22715,0.17459828307285935
Romania,2022,0-1,445,23289,0.01910773326463137
Romania,2022,0-1,834,23289,0.035810897848769806
Romania,2022,1-2,1126,23289,0.048349005968482975
Romania,2022,3-4,1281,23289,0.05500450856627592
Romania,2022,3-4,1327,23289,0.056979689982395124
Romania,2022,5-9,1177,23289,0.05053888101678904
Romania,2022,5-9,1067,23289,0.045815621108677915
Romania,2022,5-9,821,23289,0.03525269440508395
Romania,2022,5-9,831,23289,0.03568208166945768
Romania,2022,5-9,728,23289,0.03125939284640818
Romania,2022,10+,3775,23289,0.16209369230108636
Romania,2022,10+,3165,23289,0.1359010691742883
Romania,2022,10+,2632,23289,0.11301472798316801
Romania,2022,10+,4080,23289,0.17519000386448538
Romania,2021,0-1,418,27024,0.015467732386027236
Romania,2021,0-1,1062,27024,0.039298401420959146
Romania,2021,1-2,1470,27024,0.054396092362344585
Romania,2021,3-4,1530,27024,0.05661634103019538
Romania,2021,3-4,1416,27024,0.052397868561278864
Romania,2021,5-9,1259,27024,0.046588217880402606
Romania,2021,5-9,1158,27024,0.04285079928952042
Romania,2021,5-9,893,27024,0.03304470100651273
Romania,2021,5-9,881,27024,0.03260065127294257
Romania,2021,5-9,840,27024,0.03108348134991119
Romania,2021,10+,4759,27024,0.17610272350503256
Romania,2021,10+,3743,27024,0.13850651272942568
Romania,2021,10+,2947,27024,0.10905121373593843
Romania,2021,10+,4648,27024,0.17199526346950858
Romania,2020,0-1,438,22785,0.019223173140223832
Romania,2020,0-1,971,22785,0.04261575597981128
Romania,2020,1-2,1183,22785,0.05192012288786482
Romania,2020,3-4,1189,22785,0.052183454026772
Romania,2020,3-4,1199,22785,0.05262233925828396
Romania,2020,5-9,977,22785,0.042879087118718455
Romania,2020,5-9,907,22785,0.03980689049813474
Romania,2020,5-9,784,22785,0.034408602150537634
Romania,2020,5-9,763,22785,0.03348694316436252
Romania,2020,5-9,709,22785,0.031116962914197938
Romania,2020,10+,4316,22785,0.18942286592056176
Romania,2020,10+,3001,22785,0.13170945797673908
Romania,2020,10+,2532,22785,0.11112574061882817
Romania,2020,10+,3816,22785,0.16747860434496378
Romania,2019,0-1,695,30197,0.02301553134417326
Romania,2019,0-1,1382,30197,0.04576613570884525
Romania,2019,1-2,1533,30197,0.05076663244693182
Romania,2019,3-4,1573,30197,0.05209126734443819
Romania,2019,3-4,1393,30197,0.0461304103056595
Romania,2019,5-9,1272,30197,0.04212338974070272
Romania,2019,5-9,1196,30197,0.03960658343544061
Romania,2019,5-9,1058,30197,0.03503659303904361
Romania,2019,5-9,1045,30197,0.034606086697354044
Romania,2019,5-9,1182,30197,0.039142961221313374
Romania,2019,10+,5776,30197,0.19127727919992052
Romania,2019,10+,4054,30197,0.1342517468622711
Romania,2019,10+,3265,30197,0.10812332350895784
Romania,2019,10+,4773,30197,0.15806205914494817
Romania,2018,0-1,684,30857,0.02216676929059857
Romania,2018,0-1,1318,30857,0.04271316070907736
Romania,2018,1-2,1569,30857,0.05084745762711865
Romania,2018,3-4,1491,30857,0.04831966814661179
Romania,2018,3-4,1325,30857,0.042940013611174124
Romania,2018,5-9,1302,30857,0.04219463978999903
Romania,2018,5-9,1175,30857,0.03807887999481479
Romania,2018,5-9,1157,30857,0.03749554396085167
Romania,2018,5-9,1236,30857,0.04005574099880092
Romania,2018,5-9,1393,30857,0.045143727517257023
Romania,2018,10+,5927,30857,0.19207959296107852
Romania,2018,10+,4000,30857,0.12963022976958227
Romania,2018,10+,3434,30857,0.11128755225718638
Romania,2018,10+,4846,30857,0.15704702336584891
Romania,2017,0-1,673,31147,0.021607217388512536
Romania,2017,0-1,1328,31147,0.04263653000288952
Romania,2017,1-2,1533,31147,0.049218223263877744
Romania,2017,3-4,1371,31147,0.04401708029665778
Romania,2017,3-4,1389,31147,0.04459498507079333
Romania,2017,5-9,1325,31147,0.0425402125405336
Romania,2017,5-9,1266,31147,0.0406459691142004
Romania,2017,5-9,1415,31147,0.045429736411211355
Romania,2017,5-9,1498,31147,0.04809451953639195
Romania,2017,5-9,1605,31147,0.05152984236041994
Romania,2017,10+,5723,31147,0.18374161235431985
Romania,2017,10+,3998,31147,0.12835907149966289
Romania,2017,10+,3434,31147,0.11025138857674896
Romania,2017,10+,4589,31147,0.14733361158378014
Romania,2016,0-1,649,30497,0.021280781716234383
Romania,2016,0-1,1278,30497,0.04190576122241532
Romania,2016,1-2,1512,30497,0.04957864708004066
Romania,2016,3-4,1500,30497,0.04918516575400859
Romania,2016,3-4,1439,30497,0.047184969013345575
Romania,2016,5-9,1389,30497,0.04554546348821196
Romania,2016,5-9,1489,30497,0.04882447453847919
Romania,2016,5-9,1592,30497,0.052201855920254454
Romania,2016,5-9,1644,30497,0.05390694166639341
Romania,2016,5-9,1619,30497,0.053087188903826604
Romania,2016,10+,5315,30497,0.17427943732170378
Romania,2016,10+,3883,30497,0.12732399908187692
Romania,2016,10+,3145,30497,0.10312489753090467
Romania,2016,10+,4043,30497,0.1325704167623045
Romania,2015,0-1,678,31527,0.021505376344086023
Romania,2015,0-1,1261,31527,0.03999746249246677
Romania,2015,1-2,1550,31527,0.049164208456243856
Romania,2015,3-4,1539,31527,0.04881530117042535
Romania,2015,3-4,1554,31527,0.049291083832905126
Romania,2015,5-9,1738,31527,0.055127351159323754
Romania,2015,5-9,1780,31527,0.05645954261426714
Romania,2015,5-9,1710,31527,0.054239223522694835
Romania,2015,5-9,1771,31527,0.05617407301677927
Romania,2015,5-9,1458,31527,0.04624607479303454
Romania,2015,10+,5446,31527,0.1727408253243252
Romania,2015,10+,4003,31527,0.1269705331937704
Romania,2015,10+,3286,31527,0.10422812192723697
Romania,2015,10+,3753,31527,0.11904082215244076
Romania,2014,0-1,633,27188,0.023282330439899957
Romania,2014,0-1,1214,27188,0.04465205237604826
Romania,2014,1-2,1410,27188,0.05186111519788142
Romania,2014,3-4,1386,27188,0.0509783728115345
Romania,2014,3-4,1512,27188,0.055612770339855816
Romania,2014,5-9,1574,27188,0.057893188171252025
Romania,2014,5-9,1613,27188,0.059327644549065764
Romania,2014,5-9,1617,27188,0.05947476828012358
Romania,2014,5-9,1180,27188,0.04340150066205679
Romania,2014,5-9,1178,27188,0.04332793879652788
Romania,2014,10+,4627,27188,0.17018537590113286
Romania,2014,10+,3257,27188,0.11979549801382963
Romania,2014,10+,2848,27188,0.10475209651316758
Romania,2014,10+,3139,27188,0.11545534794762395
Romania,2013,0-1,634,28507,0.022240151541726594
Romania,2013,0-1,1224,28507,0.04293682253481601
Romania,2013,1-2,1472,28507,0.05163644017258919
Romania,2013,3-4,1584,28507,0.055565299750938366
Romania,2013,3-4,1744,28507,0.06117795629143719
Romania,2013,5-9,1782,28507,0.06251096221980566
Romania,2013,5-9,1808,28507,0.06342301890763673
Romania,2013,5-9,1428,28507,0.050092959623952014
Romania,2013,5-9,1259,28507,0.04416459115305013
Romania,2013,5-9,1197,28507,0.041989686743606834
Romania,2013,10+,4690,28507,0.1645209948433718
Romania,2013,10+,3556,28507,0.12474129161258639
Romania,2013,10+,2969,28507,0.10414985792963131
Romania,2013,10+,3160,28507,0.1108499666748518
Romania,2012,0-1,763,31324,0.024358319499425362
Romania,2012,0-1,1362,31324,0.04348103690460988
Romania,2012,1-2,1900,31324,0.06065636572596093
Romania,2012,3-4,2094,31324,0.06684969991061167
Romania,2012,3-4,2106,31324,0.06723279274677564
Romania,2012,5-9,2084,31324,0.06653045588047503
Romania,2012,5-9,1695,31324,0.05411186310815988
Romania,2012,5-9,1452,31324,0.04635423317583961
Romania,2012,5-9,1321,31324,0.04217213638104968
Romania,2012,5-9,1203,31324,0.038405056825437364
Romania,2012,10+,1194,31324,0.03811773719831439
Romania,2012,10+,1012,31324,0.03230749584982761
Romania,2012,10+,1015,31324,0.032403269058868596
Romania,2012,10+,943,31324,0.030104712041884817
Romania,2012,10+,893,31324,0.028508491891201634
Romania,2012,10+,807,31324,0.025762993232026563
Romania,2012,10+,779,31324,0.024869109947643978
Romania,2012,10+,704,31324,0.022474779721619206
Romania,2012,10+,719,31324,0.02295364576682416
Romania,2012,10+,744,31324,0.023751755842165753
Romania,2012,10+,737,31324,0.023528285021070107
Romania,2012,10+,783,31324,0.024996807559698634
Romania,2012,10+,658,31324,0.02100625718299068
Romania,2012,10+,519,31324,0.01656876516409143
Romania,2012,10+,505,31324,0.01612182352190014
Romania,2012,10+,437,31324,0.013950964116971012
Romania,2012,10+,354,31324,0.01130123866683693
Romania,2012,10+,366,31324,0.011684331503000894
Romania,2012,10+,288,31324,0.00919422806793513
Romania,2012,10+,244,31324,0.00778955433533393
Romania,2012,10+,1643,31324,0.05245179415144937
Romania,2011,0-1,815,35780,0.02277808831749581
Romania,2011,0-1,1830,35780,0.05114589155953046
Romania,2011,1-2,2246,35780,0.06277249860257127
Romania,2011,3-4,2480,35780,0.06931246506428172
Romania,2011,3-4,2505,35780,0.07001117942984908
Romania,2011,5-9,2111,35780,0.05899944102850754
Romania,2011,5-9,1793,35780,0.050111794298490775
Romania,2011,5-9,1650,35780,0.0461151481274455
Romania,2011,5-9,1434,35780,0.04007825600894355
Romania,2011,5-9,1313,35780,0.03669647847959754
Romania,2011,10+,1270,35780,0.03549468977082169
Romania,2011,10+,1202,35780,0.03359418669647848
Romania,2011,10+,1150,35780,0.03214086081609838
Romania,2011,10+,1146,35780,0.032029066517607604
Romania,2011,10+,1021,35780,0.028535494689770822
Romania,2011,10+,969,35780,0.02708216880939072
Romania,2011,10+,841,35780,0.02350475125768586
Romania,2011,10+,873,35780,0.024399105645612075
Romania,2011,10+,853,35780,0.02384013415315819
Romania,2011,10+,859,35780,0.024007825600894355
Romania,2011,10+,936,35780,0.02615986584684181
Romania,2011,10+,774,35780,0.021632196757965343
Romania,2011,10+,715,35780,0.019983230855226384
Romania,2011,10+,671,35780,0.018753493571827838
Romania,2011,10+,573,35780,0.016014533258803802
Romania,2011,10+,494,35780,0.013806595863610957
Romania,2011,10+,405,35780,0.011319172722191169
Romania,2011,10+,355,35780,0.009921743991056456
Romania,2011,10+,323,35780,0.00902738960313024
Romania,2011,10+,341,35780,0.009530463946338736
Romania,2011,10+,1832,35780,0.051201788708775856
Romania,2010,0-1,516,32632,0.01581269919097818
Romania,2010,0-1,1654,32632,0.05068644275557735
Romania,2010,1-2,2115,32632,0.06481367982348615
Romania,2010,3-4,2240,32632,0.06864427555773474
Romania,2010,3-4,2027,32632,0.06211694042657514
Romania,2010,5-9,1783,32632,0.05463961755332189
Romania,2010,5-9,1595,32632,0.04887840156901201
Romania,2010,5-9,1543,32632,0.0472848737435646
Romania,2010,5-9,1380,32632,0.042289776906104436
Romania,2010,5-9,1273,32632,0.03901078695758765
Romania,2010,10+,1257,32632,0.03852047070360382
Romania,2010,10+,1140,32632,0.03493503309634714
Romania,2010,10+,1067,32632,0.03269796518754597
Romania,2010,10+,1045,32632,0.032023780338318215
Romania,2010,10+,953,32632,0.02920446187791125
Romania,2010,10+,890,32632,0.027273841627849963
Romania,2010,10+,825,32632,0.025281931846040696
Romania,2010,10+,889,32632,0.027243196861975974
Romania,2010,10+,887,32632,0.027181907330227996
Romania,2010,10+,869,32632,0.0266303015444962
Romania,2010,10+,813,32632,0.02491419465555283
Romania,2010,10+,742,32632,0.022738416278499634
Romania,2010,10+,672,32632,0.020593282667320422
Romania,2010,10+,538,32632,0.016486884040205933
Romania,2010,10+,485,32632,0.014862711448884531
Romania,2010,10+,452,32632,0.013851434175042903
Romania,2010,10+,383,32632,0.01173694532973768
Romania,2010,10+,363,32632,0.011124050012257906
Romania,2010,10+,334,32632,0.010235351801912233
Romania,2010,10+,286,32632,0.008764403039960775
Romania,2010,10+,1616,32632,0.04952194165236578
Romania,2009,0-1,651,32341,0.020129247704152625
Romania,2009,0-1,1754,32341,0.054234562938684644
Romania,2009,1-2,2254,32341,0.0696948146315822
Romania,2009,3-4,2111,32341,0.0652731826474135
Romania,2009,3-4,1876,32341,0.05800686435175165
Romania,2009,5-9,1832,32341,0.05664636220277666
Romania,2009,5-9,1502,32341,0.04644259608546427
Romania,2009,5-9,1400,32341,0.04328870474011317
Romania,2009,5-9,1344,32341,0.041557156550508643
Romania,2009,5-9,1262,32341,0.039021675272873445
Romania,2009,10+,1188,32341,0.0367335580223246
Romania,2009,10+,1108,32341,0.03425991775146099
Romania,2009,10+,1078,32341,0.03333230264988714
Romania,2009,10+,1044,32341,0.032281005534770105
Romania,2009,10+,936,32341,0.028941591169104233
Romania,2009,10+,966,32341,0.029869206270678086
Romania,2009,10+,894,32341,0.02764293002690084
Romania,2009,10+,871,32341,0.02693175844902755
Romania,2009,10+,924,32341,0.028570545128474692
Romania,2009,10+,823,32341,0.025447574286509383
Romania,2009,10+,723,32341,0.022355523947929872
Romania,2009,10+,686,32341,0.021211465322655453
Romania,2009,10+,633,32341,0.019572678643208313
Romania,2009,10+,535,32341,0.01654246931140039
Romania,2009,10+,493,32341,0.015243808169196994
Romania,2009,10+,419,32341,0.012955690918648156
Romania,2009,10+,387,32341,0.011966234810302711
Romania,2009,10+,376,32341,0.011626109273058965
Romania,2009,10+,321,32341,0.009925481586840234
Romania,2009,10+,291,32341,0.00899786648526638
Romania,2009,10+,1659,32341,0.0512971151170341
Romania,2008,0-1,733,35685,0.020540843491663165
Romania,2008,0-1,2157,35685,0.06044556536359815
Romania,2008,1-2,2315,35685,0.064873196020737
Romania,2008,3-4,2162,35685,0.06058568025781141
Romania,2008,3-4,2140,35685,0.05996917472327309
Romania,2008,5-9,1816,35685,0.05088972957825417
Romania,2008,5-9,1647,35685,0.046153846153846156
Romania,2008,5-9,1509,35685,0.04228667507356032
Romania,2008,5-9,1484,35685,0.04158610060249405
Romania,2008,5-9,1482,35685,0.041530054644808745
Romania,2008,10+,1375,35685,0.03853159590864509
Romania,2008,10+,1231,35685,0.03449628695530335
Romania,2008,10+,1194,35685,0.033459436738125264
Romania,2008,10+,1145,35685,0.03208631077483536
Romania,2008,10+,1062,35685,0.029760403530895336
Romania,2008,10+,1069,35685,0.029956564382793892
Romania,2008,10+,1046,35685,0.02931203586941292
Romania,2008,10+,1064,35685,0.029816449488580636
Romania,2008,10+,1004,35685,0.028135070758021578
Romania,2008,10+,857,35685,0.024015692868151885
Romania,2008,10+,849,35685,0.023791509037410678
Romania,2008,10+,756,35685,0.021185372005044136
Romania,2008,10+,660,35685,0.018495166036149643
Romania,2008,10+,586,35685,0.016421465601793472
Romania,2008,10+,535,35685,0.014992293680818272
Romania,2008,10+,480,35685,0.013451029844472467
Romania,2008,10+,466,35685,0.013058708140675354
Romania,2008,10+,425,35685,0.011909766008126665
Romania,2008,10+,371,35685,0.010396525150623512
Romania,2008,10+,354,35685,0.009920134510298445
Romania,2008,10+,308,35685,0.0086310774835365
Romania,2008,10+,1403,35685,0.039316239316239315
Romania,2008,10+,0,35685,0
Romania,2008,10+,0,35685,0
Romania,2008,10+,0,35685,0
Romania,2008,10+,0,35685,0
Romania,2007,0-1,960,36308,0.02644045389445852
Romania,2007,0-1,2294,36308,0.0631816679519665
Romania,2007,1-2,2269,36308,0.06249311446513165
Romania,2007,3-4,2172,36308,0.059821526936212406
Romania,2007,3-4,2060,36308,0.05673680731519225
Romania,2007,5-9,1865,36308,0.051366090117880354
Romania,2007,5-9,1711,36308,0.04712460063897764
Romania,2007,5-9,1685,36308,0.04640850501266938
Romania,2007,5-9,1602,36308,0.044122507436377655
Romania,2007,5-9,1511,36308,0.041616172744298775
Romania,2007,10+,1404,36308,0.038669163820645586
Romania,2007,10+,1330,36308,0.03663104549961441
Romania,2007,10+,1185,36308,0.03263743527597224
Romania,2007,10+,1180,36308,0.03249972457860527
Romania,2007,10+,1121,36308,0.030874738349675003
Romania,2007,10+,1158,36308,0.03189379751019059
Romania,2007,10+,1135,36308,0.03126032830230252
Romania,2007,10+,1036,36308,0.02853365649443649
Romania,2007,10+,943,36308,0.025972237523410817
Romania,2007,10+,883,36308,0.024319709155007162
Romania,2007,10+,716,36308,0.019720171862950314
Romania,2007,10+,724,36308,0.01994050897873747
Romania,2007,10+,611,36308,0.016828247218243914
Romania,2007,10+,537,36308,0.014790128897212736
Romania,2007,10+,516,36308,0.014211743968271455
Romania,2007,10+,498,36308,0.013715985457750358
Romania,2007,10+,443,36308,0.012201167786713672
Romania,2007,10+,443,36308,0.012201167786713672
Romania,2007,10+,377,36308,0.010383386581469648
Romania,2007,10+,326,36308,0.00897873746832654
Romania,2007,10+,264,36308,0.007271124820976093
Romania,2007,10+,254,36308,0.006995703426242151
Romania,2007,10+,185,36308,0.005095295802577944
Romania,2007,10+,192,36308,0.005288090778891704
Romania,2007,10+,115,36308,0.003167346039440344
Romania,2007,10+,603,36308,0.01660791010245676
Romania,1997,0-1,1012,34752,0.02912062615101289
Romania,1997,0-1,2792,34752,0.08034069981583794
Romania,1997,1-2,2490,34752,0.07165055248618785
Romania,1997,3-4,2396,34752,0.06894567219152854
Romania,1997,3-4,2314,34752,0.06658609576427256
Romania,1997,5-9,2243,34752,0.06454304788213629
Romania,1997,5-9,2215,34752,0.06373733885819521
Romania,1997,5-9,1943,34752,0.05591045119705341
Romania,1997,5-9,1811,34752,0.05211210865561694
Romania,1997,5-9,1539,34752,0.04428522099447514
Romania,1997,10+,5437,34752,0.15645142725598526
Romania,1997,10+,3781,34752,0.1087994935543278
Romania,1997,10+,4779,34752,0.13751726519337015
Romania,1996,0-1,1048,35586,0.029449783622773
Romania,1996,0-1,2853,35586,0.080171977744056655
Romania,1996,1-2,2696,35586,0.07576013038835497
Romania,1996,3-4,2614,35586,0.07345585342550441
Romania,1996,3-4,2476,35586,0.06957792390265835
Romania,1996,5-9,2590,35586,0.07278143089979205
Romania,1996,5-9,2267,35586,0.06370482774124656
Romania,1996,5-9,2005,35586,0.056342381835553304
Romania,1996,5-9,1711,35586,0.04808070589557691
Romania,1996,5-9,1470,35586,0.04130837969988198
Romania,1996,10+,5383,35586,0.1512673523295678
Romania,1996,10+,3823,35586,0.10742988815826449
Romania,1996,10+,4650,35586,0.1306693643567695
Romania,1995,0-1,979,34906,0.02804675413968945
Romania,1995,0-1,2799,34906,0.08018678737179855
Romania,1995,1-2,2828,34906,0.08101759009912336
Romania,1995,3-4,2772,34906,0.07941328138428923
Romania,1995,3-4,2825,34906,0.0809316449894001
Romania,1995,5-9,2362,34906,0.0676674497221108
Romania,1995,5-9,2214,34906,0.06342749097576347
Romania,1995,5-9,1936,34906,0.05546324414140835
Romania,1995,5-9,1660,34906,0.04755629404686873
Romania,1995,5-9,1458,34906,0.04176932332550278
Romania,1995,10+,5154,34906,0.1476536985045551
Romania,1995,10+,3708,34906,0.10622815561794534
Romania,1995,10+,4211,34906,0.12063828568154472
Russia,2011,0-1,33567,669376,0.050146703795773975
Russia,2011,0-1,50768,669376,0.07584377091500144
Russia,2011,1-2,58099,669376,0.08679576202313796
Russia,2011,3-4,57871,669376,0.08645514628549575
Russia,2011,3-4,50042,669376,0.07475917869777225
Russia,2011,5-9,165467,669376,0.24719589587914714
Russia,2011,10+,82645,669376,0.12346573525193613
Russia,2011,10+,60911,669376,0.0909966894540587
Russia,2011,10+,109624,669376,0.16377043694425852
Russia,1995,0-1,23102,665904,0.034692688435570294
Russia,1995,0-1,44046,665904,0.06614466950191018
Russia,1995,1-2,47620,665904,0.07151180951007953
Russia,1995,3-4,51423,665904,0.07722284293231457
Russia,1995,3-4,51117,665904,0.07676331723491675
Russia,1995,5-9,191986,665904,0.28830882529613877
Russia,1995,10+,111310,665904,0.16715622672337155
Russia,1995,10+,72394,665904,0.10871537038371898
Russia,1995,10+,72570,665904,0.108979672745621
San Marino,2020,0-1,0,53,0
San Marino,2020,0-1,0,53,0
San Marino,2020,1-2,0,53,0
San Marino,2020,3-4,1,53,0.018867924528301886
San Marino,2020,3-4,0,53,0
San Marino,2020,5-9,4,53,0.07547169811320754
San Marino,2020,5-9,1,53,0.018867924528301886
San Marino,2020,5-9,2,53,0.03773584905660377
San Marino,2020,5-9,3,53,0.05660377358490566
San Marino,2020,5-9,1,53,0.018867924528301886
San Marino,2020,10+,11,53,0.20754716981132076
San Marino,2020,10+,12,53,0.22641509433962265
San Marino,2020,10+,4,53,0.07547169811320754
San Marino,2020,10+,14,53,0.2641509433962264
San Marino,2014,0-1,0,51,0
San Marino,2014,0-1,0,51,0
San Marino,2014,1-2,0,51,0
San Marino,2014,3-4,1,51,0.0196078431372549
San Marino,2014,3-4,3,51,0.058823529411764705
San Marino,2014,5-9,2,51,0.0392156862745098
San Marino,2014,5-9,3,51,0.058823529411764705
San Marino,2014,5-9,3,51,0.058823529411764705
San Marino,2014,5-9,1,51,0.0196078431372549
San Marino,2014,5-9,3,51,0.058823529411764705
San Marino,2014,10+,7,51,0.13725490196078433
San Marino,2014,10+,9,51,0.17647058823529413
San Marino,2014,10+,8,51,0.1568627450980392
San Marino,2014,10+,11,51,0.21568627450980393
San Marino,2012,0-1,0,49,0
San Marino,2012,0-1,0,49,0
San Marino,2012,1-2,0,49,0
San Marino,2012,3-4,1,49,0.02040816326530612
San Marino,2012,3-4,1,49,0.02040816326530612
San Marino,2012,5-9,2,49,0.04081632653061224
San Marino,2012,5-9,2,49,0.04081632653061224
San Marino,2012,5-9,4,49,0.08163265306122448
San Marino,2012,5-9,4,49,0.08163265306122448
San Marino,2012,5-9,1,49,0.02040816326530612
San Marino,2012,10+,1,49,0.02040816326530612
San Marino,2012,10+,3,49,0.061224489795918366
San Marino,2012,10+,1,49,0.02040816326530612
San Marino,2012,10+,2,49,0.04081632653061224
San Marino,2012,10+,1,49,0.02040816326530612
San Marino,2012,10+,1,49,0.02040816326530612
San Marino,2012,10+,0,49,0
San Marino,2012,10+,2,49,0.04081632653061224
San Marino,2012,10+,1,49,0.02040816326530612
San Marino,2012,10+,1,49,0.02040816326530612
San Marino,2012,10+,2,49,0.04081632653061224
San Marino,2012,10+,2,49,0.04081632653061224
San Marino,2012,10+,1,49,0.02040816326530612
San Marino,2012,10+,2,49,0.04081632653061224
San Marino,2012,10+,1,49,0.02040816326530612
San Marino,2012,10+,1,49,0.02040816326530612
San Marino,2012,10+,1,49,0.02040816326530612
San Marino,2012,10+,1,49,0.02040816326530612
San Marino,2012,10+,1,49,0.02040816326530612
San Marino,2012,10+,0,49,0
San Marino,2012,10+,0,49,0
San Marino,2012,10+,0,49,0
San Marino,2012,10+,1,49,0.02040816326530612
San Marino,2012,10+,1,49,0.02040816326530612
San Marino,2012,10+,1,49,0.02040816326530612
San Marino,2012,10+,6,49,0.12244897959183673
San Marino,2011,0-1,3,82,0.036585365853658534
San Marino,2011,3-4,11,82,0.13414634146341464
San Marino,2011,5-9,23,82,0.2804878048780488
San Marino,2011,5-9,8,82,0.0975609756097561
San Marino,2011,10+,19,82,0.23170731707317074
San Marino,2011,10+,12,82,0.14634146341463414
San Marino,2011,10+,6,82,0.07317073170731707
San Marino,2010,0-1,4,61,0.06557377049180328
San Marino,2010,3-4,10,61,0.16393442622950818
San Marino,2010,5-9,14,61,0.22950819672131148
San Marino,2010,5-9,7,61,0.11475409836065574
San Marino,2010,10+,20,61,0.32786885245901637
San Marino,2010,10+,4,61,0.06557377049180328
San Marino,2010,10+,2,61,0.03278688524590164
San Marino,2009,0-1,2,63,0.031746031746031744
San Marino,2009,3-4,10,63,0.15873015873015872
San Marino,2009,5-9,13,63,0.20634920634920634
San Marino,2009,5-9,6,63,0.09523809523809523
San Marino,2009,10+,18,63,0.2857142857142857
San Marino,2009,10+,12,63,0.19047619047619047
San Marino,2009,10+,2,63,0.031746031746031744
San Marino,2008,0-1,0,71,0
San Marino,2008,3-4,13,71,0.18309859154929578
San Marino,2008,5-9,18,71,0.2535211267605634
San Marino,2008,5-9,8,71,0.11267605633802817
San Marino,2008,10+,18,71,0.2535211267605634
San Marino,2008,10+,12,71,0.16901408450704225
San Marino,2008,10+,2,71,0.028169014084507043
San Marino,2007,0-1,2,66,0.030303030303030304
San Marino,2007,3-4,13,66,0.19696969696969696
San Marino,2007,5-9,11,66,0.16666666666666666
San Marino,2007,5-9,7,66,0.10606060606060606
San Marino,2007,10+,24,66,0.36363636363636365
San Marino,2007,10+,6,66,0.09090909090909091
San Marino,2007,10+,3,66,0.045454545454545456
San Marino,2006,0-1,1,85,0.011764705882352941
San Marino,2006,3-4,16,85,0.18823529411764706
San Marino,2006,5-9,16,85,0.18823529411764706
San Marino,2006,5-9,12,85,0.1411764705882353
San Marino,2006,10+,27,85,0.3176470588235294
San Marino,2006,10+,9,85,0.10588235294117647
San Marino,2006,10+,4,85,0.047058823529411764
San Marino,2005,0-1,2,61,0.03278688524590164
San Marino,2005,3-4,13,61,0.21311475409836064
San Marino,2005,5-9,10,61,0.16393442622950818
San Marino,2005,5-9,12,61,0.19672131147540983
San Marino,2005,10+,15,61,0.2459016393442623
San Marino,2005,10+,9,61,0.14754098360655737
San Marino,2005,10+,0,61,0
San Marino,2004,0-1,1,62,0.016129032258064516
San Marino,2004,3-4,14,62,0.22580645161290322
San Marino,2004,5-9,8,62,0.12903225806451613
San Marino,2004,5-9,8,62,0.12903225806451613
San Marino,2004,10+,18,62,0.2903225806451613
San Marino,2004,10+,11,62,0.1774193548387097
San Marino,2004,10+,2,62,0.03225806451612903
San Marino,1995,0-1,0,28,0
San Marino,1995,0-1,1,28,0.03571428571428571
San Marino,1995,1-2,1,28,0.03571428571428571
San Marino,1995,3-4,4,28,0.14285714285714285
San Marino,1995,3-4,1,28,0.03571428571428571
San Marino,1995,5-9,1,28,0.03571428571428571
San Marino,1995,5-9,2,28,0.07142857142857142
San Marino,1995,5-9,0,28,0
San Marino,1995,5-9,0,28,0
San Marino,1995,5-9,0,28,0
San Marino,1995,10+,6,28,0.21428571428571427
San Marino,1995,10+,10,28,0.35714285714285715
San Marino,1995,10+,2,28,0.07142857142857142
Serbia,2023,0-1,464,10175,0.045601965601965604
Serbia,2023,0-1,582,10175,0.057199017199017196
Serbia,2023,1-2,477,10175,0.04687960687960688
Serbia,2023,3-4,501,10175,0.049238329238329236
Serbia,2023,3-4,544,10175,0.053464373464373466
Serbia,2023,5-9,532,10175,0.05228501228501228
Serbia,2023,5-9,473,10175,0.046486486486486484
Serbia,2023,5-9,398,10175,0.039115479115479114
Serbia,2023,5-9,380,10175,0.03734643734643735
Serbia,2023,5-9,372,10175,0.03656019656019656
Serbia,2023,10+,1446,10175,0.14211302211302212
Serbia,2023,10+,1355,10175,0.13316953316953317
Serbia,2023,10+,1028,10175,0.10103194103194103
Serbia,2023,10+,1623,10175,0.1595085995085995
Serbia,2022,0-1,385,9813,0.03923366962193009
Serbia,2022,0-1,448,9813,0.0456537246509732
Serbia,2022,1-2,491,9813,0.050035666972383576
Serbia,2022,3-4,586,9813,0.05971670233363905
Serbia,2022,3-4,574,9813,0.05849383470905941
Serbia,2022,5-9,505,9813,0.05146234586772649
Serbia,2022,5-9,424,9813,0.04320798940181392
Serbia,2022,5-9,420,9813,0.042800366860287375
Serbia,2022,5-9,366,9813,0.037297462549679
Serbia,2022,5-9,343,9813,0.034953632935901355
Serbia,2022,10+,1437,9813,0.1464383980434118
Serbia,2022,10+,1276,9813,0.1300315907469683
Serbia,2022,10+,986,9813,0.1004789564862937
Serbia,2022,10+,1572,9813,0.16019565881993275
Serbia,2021,0-1,358,9790,0.036567926455566904
Serbia,2021,0-1,514,9790,0.05250255362614913
Serbia,2021,1-2,610,9790,0.06230847803881512
Serbia,2021,3-4,543,9790,0.055464759959141983
Serbia,2021,3-4,527,9790,0.05383043922369765
Serbia,2021,5-9,461,9790,0.04708886618998979
Serbia,2021,5-9,436,9790,0.044535240040858015
Serbia,2021,5-9,352,9790,0.035955056179775284
Serbia,2021,5-9,349,9790,0.03564862104187947
Serbia,2021,5-9,322,9790,0.03289070480081716
Serbia,2021,10+,1529,9790,0.15617977528089888
Serbia,2021,10+,1248,9790,0.1274770173646578
Serbia,2021,10+,983,9790,0.10040858018386108
Serbia,2021,10+,1558,9790,0.15914198161389173
Serbia,2020,0-1,337,8687,0.03879359963163347
Serbia,2020,0-1,515,8687,0.059283987567629794
Serbia,2020,1-2,534,8687,0.06147116380798895
Serbia,2020,3-4,501,8687,0.057672384022101994
Serbia,2020,3-4,439,8687,0.05053528260619316
Serbia,2020,5-9,420,8687,0.048348106365834004
Serbia,2020,5-9,383,8687,0.04408886842408196
Serbia,2020,5-9,324,8687,0.03729711062507195
Serbia,2020,5-9,318,8687,0.03660642339127432
Serbia,2020,5-9,289,8687,0.033268101761252444
Serbia,2020,10+,1284,8687,0.14780706803269253
Serbia,2020,10+,1104,8687,0.12708645101876367
Serbia,2020,10+,844,8687,0.09715667088753309
Serbia,2020,10+,1395,8687,0.16058478185794867
Serbia,2019,0-1,479,10899,0.04394898614551794
Serbia,2019,0-1,686,10899,0.06294155427103404
Serbia,2019,1-2,642,10899,0.05890448665015139
Serbia,2019,3-4,629,10899,0.05771171667125424
Serbia,2019,3-4,599,10899,0.05495917056610698
Serbia,2019,5-9,536,10899,0.04917882374529774
Serbia,2019,5-9,456,10899,0.04183870079823837
Serbia,2019,5-9,420,10899,0.038535645472061654
Serbia,2019,5-9,378,10899,0.03468208092485549
Serbia,2019,5-9,355,10899,0.032571795577575925
Serbia,2019,10+,1542,10899,0.14148086980456923
Serbia,2019,10+,1363,10899,0.1250573447105239
Serbia,2019,10+,1014,10899,0.09303605835397744
Serbia,2019,10+,1800,10899,0.16515276630883569
Serbia,2018,0-1,443,9995,0.04432216108054027
Serbia,2018,0-1,621,9995,0.062131065532766386
Serbia,2018,1-2,623,9995,0.06233116558279139
Serbia,2018,3-4,543,9995,0.0543271635817909
Serbia,2018,3-4,492,9995,0.049224612306153076
Serbia,2018,5-9,419,9995,0.04192096048024012
Serbia,2018,5-9,397,9995,0.03971985992996498
Serbia,2018,5-9,361,9995,0.03611805902951476
Serbia,2018,5-9,321,9995,0.03211605802901451
Serbia,2018,5-9,353,9995,0.035317658829414705
Serbia,2018,10+,1537,9995,0.1537768884442221
Serbia,2018,10+,1288,9995,0.12886443221610805
Serbia,2018,10+,987,9995,0.09874937468734367
Serbia,2018,10+,1610,9995,0.16108054027013508
Serbia,2017,0-1,368,9262,0.03973223925717988
Serbia,2017,0-1,545,9262,0.058842582595551716
Serbia,2017,1-2,552,9262,0.05959835888576981
Serbia,2017,3-4,546,9262,0.05895055063701145
Serbia,2017,3-4,451,9262,0.048693586698337295
Serbia,2017,5-9,397,9262,0.042863312459511985
Serbia,2017,5-9,412,9262,0.0444828330814079
Serbia,2017,5-9,375,9262,0.04048801554739797
Serbia,2017,5-9,343,9262,0.037033038220686675
Serbia,2017,5-9,339,9262,0.03660116605484776
Serbia,2017,10+,1401,9262,0.1512632260850788
Serbia,2017,10+,1197,9262,0.12923774562729431
Serbia,2017,10+,943,9262,0.10181386309652343
Serbia,2017,10+,1393,9262,0.15039948175340098
Serbia,2016,0-1,390,9046,0.04311297811187265
Serbia,2016,0-1,551,9046,0.06091089984523546
Serbia,2016,1-2,545,9046,0.06024762325889896
Serbia,2016,3-4,481,9046,0.053172673004642936
Serbia,2016,3-4,473,9046,0.05228830422286093
Serbia,2016,5-9,375,9046,0.041454786646031395
Serbia,2016,5-9,398,9046,0.04399734689365466
Serbia,2016,5-9,338,9046,0.03736458103028963
Serbia,2016,5-9,368,9046,0.04068096396197214
Serbia,2016,5-9,323,9046,0.035706389564448375
Serbia,2016,10+,1416,9046,0.15653327437541456
Serbia,2016,10+,1104,9046,0.12204289188591642
Serbia,2016,10+,943,9046,0.10424497015255361
Serbia,2016,10+,1341,9046,0.14824231704620827
Serbia,2014,0-1,284,7614,0.03729971105857631
Serbia,2014,0-1,397,7614,0.05214079327554505
Serbia,2014,1-2,390,7614,0.0512214342001576
Serbia,2014,3-4,350,7614,0.04596795376937221
Serbia,2014,3-4,360,7614,0.04728132387706856
Serbia,2014,5-9,359,7614,0.047149986866298926
Serbia,2014,5-9,337,7614,0.04426057262936695
Serbia,2014,5-9,293,7614,0.03848174415550302
Serbia,2014,5-9,315,7614,0.041371158392434985
Serbia,2014,5-9,297,7614,0.03900709219858156
Serbia,2014,10+,1329,7614,0.17454688731284476
Serbia,2014,10+,970,7614,0.12739690044654584
Serbia,2014,10+,811,7614,0.10651431573417389
Serbia,2014,10+,1122,7614,0.14736012608353033
Serbia,2013,0-1,276,8170,0.033782129742962054
Serbia,2013,0-1,401,8170,0.04908200734394125
Serbia,2013,1-2,451,8170,0.05520195838433292
Serbia,2013,3-4,422,8170,0.05165238678090575
Serbia,2013,3-4,388,8170,0.04749082007343941
Serbia,2013,5-9,368,8170,0.04504283965728274
Serbia,2013,5-9,390,8170,0.04773561811505508
Serbia,2013,5-9,379,8170,0.046389228886168914
Serbia,2013,5-9,345,8170,0.04222766217870257
Serbia,2013,5-9,320,8170,0.03916768665850673
Serbia,2013,10+,1394,8170,0.17062423500611995
Serbia,2013,10+,1061,8170,0.12986536107711139
Serbia,2013,10+,819,8170,0.10024479804161567
Serbia,2013,10+,1156,8170,0.14149326805385556
Serbia,2012,0-1,245,7372,0.033233857840477485
Serbia,2012,0-1,395,7372,0.05358111774281064
Serbia,2012,1-2,399,7372,0.05412371134020619
Serbia,2012,3-4,409,7372,0.05548019533369506
Serbia,2012,3-4,398,7372,0.0539880629408573
Serbia,2012,5-9,353,7372,0.04788388497015735
Serbia,2012,5-9,346,7372,0.04693434617471514
Serbia,2012,5-9,348,7372,0.04720564297341291
Serbia,2012,5-9,313,7372,0.042457948996201846
Serbia,2012,5-9,278,7372,0.03771025501899078
Serbia,2012,10+,327,7372,0.04435702658708627
Serbia,2012,10+,287,7372,0.03893109061313076
Serbia,2012,10+,227,7372,0.030792186652197504
Serbia,2012,10+,216,7372,0.02930005425935974
Serbia,2012,10+,184,7372,0.024959305480195332
Serbia,2012,10+,202,7372,0.02740097666847531
Serbia,2012,10+,175,7372,0.023738469886055345
Serbia,2012,10+,216,7372,0.02930005425935974
Serbia,2012,10+,196,7372,0.026587086272381984
Serbia,2012,10+,197,7372,0.026722734671730874
Serbia,2012,10+,161,7372,0.021839392295170918
Serbia,2012,10+,159,7372,0.021568095496473143
Serbia,2012,10+,146,7372,0.0198046663049376
Serbia,2012,10+,133,7372,0.01804123711340206
Serbia,2012,10+,138,7372,0.0187194791101465
Serbia,2012,10+,107,7372,0.014514378730330983
Serbia,2012,10+,105,7372,0.014243081931633208
Serbia,2012,10+,93,7372,0.012615301139446554
Serbia,2012,10+,66,7372,0.008952794357026587
Serbia,2012,10+,69,7372,0.00935973955507325
Serbia,2012,10+,70,7372,0.009495387954422138
Serbia,2012,10+,53,7372,0.007189365165491048
Serbia,2012,10+,53,7372,0.007189365165491048
Serbia,2012,10+,49,7372,0.006646771568095496
Serbia,2012,10+,39,7372,0.0052902875746066195
Serbia,2012,10+,220,7372,0.02984264785675529
Serbia,2011,0-1,217,8251,0.0262998424433402
Serbia,2011,0-1,428,8251,0.05187250030299358
Serbia,2011,1-2,498,8251,0.06035632044600654
Serbia,2011,3-4,499,8251,0.06047751787662101
Serbia,2011,3-4,493,8251,0.05975033329293419
Serbia,2011,5-9,457,8251,0.05538722579081323
Serbia,2011,5-9,401,8251,0.04860016967640286
Serbia,2011,5-9,355,8251,0.0430250878681372
Serbia,2011,5-9,371,8251,0.04496424675796873
Serbia,2011,5-9,287,8251,0.03478366258635317
Serbia,2011,10+,324,8251,0.03926796751908859
Serbia,2011,10+,301,8251,0.03648042661495576
Serbia,2011,10+,269,8251,0.032602108835292694
Serbia,2011,10+,244,8251,0.02957217306993092
Serbia,2011,10+,229,8251,0.027754211610713852
Serbia,2011,10+,240,8251,0.029087383347473034
Serbia,2011,10+,231,8251,0.027996606471942794
Serbia,2011,10+,202,8251,0.024481880984123138
Serbia,2011,10+,208,8251,0.02520906556780996
Serbia,2011,10+,191,8251,0.023148709247363956
Serbia,2011,10+,184,8251,0.022300327233062658
Serbia,2011,10+,160,8251,0.019391588898315357
Serbia,2011,10+,167,8251,0.020239970912616652
Serbia,2011,10+,160,8251,0.019391588898315357
Serbia,2011,10+,112,8251,0.01357411222882075
Serbia,2011,10+,122,8251,0.01478608653496546
Serbia,2011,10+,130,8251,0.015755665979881227
Serbia,2011,10+,100,8251,0.012119743061447098
Serbia,2011,10+,97,8251,0.011756150769603685
Serbia,2011,10+,85,8251,0.010301781602230033
Serbia,2011,10+,71,8251,0.008605017573627438
Serbia,2011,10+,62,8251,0.0075142406980972
Serbia,2011,10+,46,8251,0.005575081808265664
Serbia,2011,10+,51,8251,0.006181068961338019
Serbia,2011,10+,42,8251,0.005090292085807781
Serbia,2011,10+,217,8251,0.0262998424433402
Serbia,2010,0-1,231,6644,0.0347682119205298
Serbia,2010,0-1,429,6644,0.06456953642384106
Serbia,2010,1-2,428,6644,0.06441902468392535
Serbia,2010,3-4,384,6644,0.057796508127633955
Serbia,2010,3-4,380,6644,0.057194461167971104
Serbia,2010,5-9,363,6644,0.054635761589403975
Serbia,2010,5-9,306,6644,0.04605659241420831
Serbia,2010,5-9,287,6644,0.043196869355809756
Serbia,2010,5-9,279,6644,0.041992775436484046
Serbia,2010,5-9,289,6644,0.04349789283564118
Serbia,2010,10+,239,6644,0.03597230583985551
Serbia,2010,10+,192,6644,0.028898254063816978
Serbia,2010,10+,182,6644,0.027393136664659843
Serbia,2010,10+,160,6644,0.024081878386514148
Serbia,2010,10+,167,6644,0.025135460565924143
Serbia,2010,10+,189,6644,0.028446718844069838
Serbia,2010,10+,173,6644,0.026038531005418423
Serbia,2010,10+,182,6644,0.027393136664659843
Serbia,2010,10+,155,6644,0.023329319686935582
Serbia,2010,10+,157,6644,0.023630343166767008
Serbia,2010,10+,163,6644,0.024533413606261288
Serbia,2010,10+,125,6644,0.01881396748946418
Serbia,2010,10+,138,6644,0.020770620108368453
Serbia,2010,10+,125,6644,0.01881396748946418
Serbia,2010,10+,97,6644,0.014599638771824202
Serbia,2010,10+,95,6644,0.014298615291992776
Serbia,2010,10+,93,6644,0.013997591812161349
Serbia,2010,10+,88,6644,0.013245033112582781
Serbia,2010,10+,62,6644,0.009331727874774232
Serbia,2010,10+,88,6644,0.013245033112582781
Serbia,2010,10+,58,6644,0.008729680915111379
Serbia,2010,10+,65,6644,0.009783263094521372
Serbia,2010,10+,32,6644,0.00481637567730283
Serbia,2010,10+,41,6644,0.006170981336544251
Serbia,2010,10+,45,6644,0.006773028296207104
Serbia,2010,10+,157,6644,0.023630343166767008
Serbia,2009,0-1,344,8505,0.04044679600235156
Serbia,2009,0-1,529,8505,0.06219870664315109
Serbia,2009,1-2,530,8505,0.06231628453850676
Serbia,2009,3-4,481,8505,0.05655496766607878
Serbia,2009,3-4,449,8505,0.052792475014697235
Serbia,2009,5-9,417,8505,0.0490299823633157
Serbia,2009,5-9,431,8505,0.05067607289829512
Serbia,2009,5-9,354,8505,0.04162257495590829
Serbia,2009,5-9,381,8505,0.04479717813051146
Serbia,2009,5-9,326,8505,0.03833039388594944
Serbia,2009,10+,292,8505,0.034332745443856554
Serbia,2009,10+,259,8505,0.030452674897119343
Serbia,2009,10+,231,8505,0.027160493827160494
Serbia,2009,10+,232,8505,0.027278071722516166
Serbia,2009,10+,261,8505,0.030687830687830688
Serbia,2009,10+,240,8505,0.02821869488536155
Serbia,2009,10+,250,8505,0.029394473838918283
Serbia,2009,10+,213,8505,0.025044091710758377
Serbia,2009,10+,235,8505,0.027630805408583186
Serbia,2009,10+,197,8505,0.023162845385067608
Serbia,2009,10+,199,8505,0.023398001175778952
Serbia,2009,10+,190,8505,0.022339800117577895
Serbia,2009,10+,165,8505,0.019400352733686066
Serbia,2009,10+,156,8505,0.01834215167548501
Serbia,2009,10+,130,8505,0.015285126396237508
Serbia,2009,10+,118,8505,0.013874191651969429
Serbia,2009,10+,106,8505,0.012463256907701352
Serbia,2009,10+,99,8505,0.01164021164021164
Serbia,2009,10+,104,8505,0.012228101116990006
Serbia,2009,10+,79,8505,0.009288653733098177
Serbia,2009,10+,68,8505,0.007995296884185774
Serbia,2009,10+,63,8505,0.007407407407407408
Serbia,2009,10+,62,8505,0.007289829512051735
Serbia,2009,10+,40,8505,0.004703115814226925
Serbia,2009,10+,48,8505,0.005643738977072311
Serbia,2009,10+,226,8505,0.02657260435038213
Serbia,2008,0-1,344,8502,0.040461067984003764
Serbia,2008,0-1,550,8502,0.06469066102093625
Serbia,2008,1-2,559,8502,0.06574923547400612
Serbia,2008,3-4,481,8502,0.05657492354740061
Serbia,2008,3-4,456,8502,0.053634438955539876
Serbia,2008,5-9,449,8502,0.05281110326981887
Serbia,2008,5-9,383,8502,0.045048223947306516
Serbia,2008,5-9,404,8502,0.04751823100446954
Serbia,2008,5-9,325,8502,0.0382262996941896
Serbia,2008,5-9,260,8502,0.03058103975535168
Serbia,2008,10+,283,8502,0.03328628557986356
Serbia,2008,10+,248,8502,0.029169607151258527
Serbia,2008,10+,236,8502,0.027758174547165372
Serbia,2008,10+,290,8502,0.03410962126558457
Serbia,2008,10+,276,8502,0.032462949894142556
Serbia,2008,10+,247,8502,0.0290519877675841
Serbia,2008,10+,234,8502,0.027522935779816515
Serbia,2008,10+,231,8502,0.027170077628793227
Serbia,2008,10+,224,8502,0.026346741943072217
Serbia,2008,10+,217,8502,0.025523406257351212
Serbia,2008,10+,195,8502,0.022935779816513763
Serbia,2008,10+,158,8502,0.018583862620559867
Serbia,2008,10+,144,8502,0.016937191249117856
Serbia,2008,10+,153,8502,0.01799576570218772
Serbia,2008,10+,141,8502,0.016584333098094567
Serbia,2008,10+,113,8502,0.013290990355210539
Serbia,2008,10+,123,8502,0.014467184191954835
Serbia,2008,10+,122,8502,0.014349564808280405
Serbia,2008,10+,90,8502,0.01058574453069866
Serbia,2008,10+,98,8502,0.011526699600094096
Serbia,2008,10+,61,8502,0.007174782404140202
Serbia,2008,10+,73,8502,0.008586215008233356
Serbia,2008,10+,52,8502,0.0061162079510703364
Serbia,2008,10+,57,8502,0.0067043048694424845
Serbia,2008,10+,37,8502,0.004351917195953893
Serbia,2008,10+,188,8502,0.022112444130792754
Serbia,2007,0-1,375,8622,0.043493389004871257
Serbia,2007,0-1,505,8622,0.05857109719322663
Serbia,2007,1-2,568,8622,0.065877986546045
Serbia,2007,3-4,457,8622,0.05300394340060311
Serbia,2007,3-4,443,8622,0.05138019021108792
Serbia,2007,5-9,437,8622,0.05068429598700997
Serbia,2007,5-9,457,8622,0.05300394340060311
Serbia,2007,5-9,376,8622,0.04360937137555092
Serbia,2007,5-9,310,8622,0.03595453491069357
Serbia,2007,5-9,304,8622,0.03525864068661563
Serbia,2007,10+,292,8622,0.033866852238459755
Serbia,2007,10+,289,8622,0.033518905126420785
Serbia,2007,10+,269,8622,0.03119925771282765
Serbia,2007,10+,282,8622,0.032707028531663185
Serbia,2007,10+,276,8622,0.032011134307585246
Serbia,2007,10+,270,8622,0.031315240083507306
Serbia,2007,10+,252,8622,0.029227557411273485
Serbia,2007,10+,235,8622,0.027255857109719322
Serbia,2007,10+,212,8622,0.02458826258408722
Serbia,2007,10+,204,8622,0.023660403618649965
Serbia,2007,10+,164,8622,0.0190211087914637
Serbia,2007,10+,182,8622,0.02110879146369752
Serbia,2007,10+,168,8622,0.019485038274182326
Serbia,2007,10+,162,8622,0.018789144050104383
Serbia,2007,10+,160,8622,0.01855717930874507
Serbia,2007,10+,109,8622,0.01264207840408258
Serbia,2007,10+,124,8622,0.014381813964277429
Serbia,2007,10+,101,8622,0.011714219438645326
Serbia,2007,10+,85,8622,0.009858501507770819
Serbia,2007,10+,68,8622,0.007886801206216655
Serbia,2007,10+,69,8622,0.008002783576896311
Serbia,2007,10+,65,8622,0.007538854094177685
Serbia,2007,10+,49,8622,0.0056831361633031775
Serbia,2007,10+,40,8622,0.004639294827186268
Serbia,2007,10+,49,8622,0.0056831361633031775
Serbia,2007,10+,214,8622,0.02482022732544653
Serbia,2002,0-1,260,9982,0.02604688439190543
Serbia,2002,0-1,589,9982,0.059006211180124224
Serbia,2002,1-2,632,9982,0.06331396513724705
Serbia,2002,3-4,481,9982,0.04818673612502505
Serbia,2002,3-4,556,9982,0.055700260468843917
Serbia,2002,5-9,2283,9982,0.22871168102584652
Serbia,2002,10+,1798,9982,0.18012422360248448
Serbia,2002,10+,3383,9982,0.3389100380685233
Serbia,2001,0-1,207,7835,0.026419910657306957
Serbia,2001,0-1,474,7835,0.0604977664326739
Serbia,2001,1-2,440,7835,0.05615826419910657
Serbia,2001,3-4,432,7835,0.05513720485003191
Serbia,2001,3-4,451,7835,0.057562220804084234
Serbia,2001,5-9,1835,7835,0.23420548819400128
Serbia,2001,10+,1420,7835,0.18123803446075304
Serbia,2001,10+,2576,7835,0.3287811104020421
Serbia,1997,0-1,329,7378,0.04459203036053131
Serbia,1997,0-1,495,7378,0.0670913526701003
Serbia,1997,1-2,480,7378,0.06505828137706696
Serbia,1997,3-4,486,7378,0.0658715098942803
Serbia,1997,3-4,444,7378,0.06017891027378693
Serbia,1997,5-9,1772,7378,0.24017348875033884
Serbia,1997,10+,1160,7378,0.15722417999457847
Serbia,1997,10+,2212,7378,0.2998102466793169
Slovakia,2023,0-1,74,8205,0.009018890920170627
Slovakia,2023,0-1,290,8205,0.03534430225472273
Slovakia,2023,1-2,314,8205,0.03826934795856185
Slovakia,2023,3-4,352,8205,0.042900670322973795
Slovakia,2023,3-4,419,8205,0.05106642291285801
Slovakia,2023,5-9,448,8205,0.05460085313833029
Slovakia,2023,5-9,406,8205,0.04948202315661182
Slovakia,2023,5-9,379,8205,0.04619134673979281
Slovakia,2023,5-9,312,8205,0.038025594149908595
Slovakia,2023,5-9,298,8205,0.03631931748933577
Slovakia,2023,10+,1312,8205,0.1599024984765387
Slovakia,2023,10+,1131,8205,0.13784277879341864
Slovakia,2023,10+,924,8205,0.11261425959780622
Slovakia,2023,10+,1546,8205,0.18842169408897014
Slovakia,2022,0-1,65,8180,0.007946210268948655
Slovakia,2022,0-1,222,8180,0.027139364303178485
Slovakia,2022,1-2,301,8180,0.03679706601466993
Slovakia,2022,3-4,396,8180,0.04841075794621027
Slovakia,2022,3-4,426,8180,0.05207823960880196
Slovakia,2022,5-9,389,8180,0.047555012224938874
Slovakia,2022,5-9,374,8180,0.04572127139364303
Slovakia,2022,5-9,316,8180,0.03863080684596577
Slovakia,2022,5-9,324,8180,0.03960880195599022
Slovakia,2022,5-9,322,8180,0.039364303178484106
Slovakia,2022,10+,1351,8180,0.16515892420537898
Slovakia,2022,10+,1136,8180,0.1388753056234719
Slovakia,2022,10+,923,8180,0.1128361858190709
Slovakia,2022,10+,1635,8180,0.19987775061124693
Slovakia,2021,0-1,49,8131,0.006026319025950067
Slovakia,2021,0-1,225,8131,0.02767187307834215
Slovakia,2021,1-2,359,8131,0.044152010822777026
Slovakia,2021,3-4,407,8131,0.05005534374615669
Slovakia,2021,3-4,426,8131,0.052392079694994466
Slovakia,2021,5-9,395,8131,0.04857951051531177
Slovakia,2021,5-9,314,8131,0.0386176362071086
Slovakia,2021,5-9,343,8131,0.042184233181650474
Slovakia,2021,5-9,306,8131,0.03763374738654532
Slovakia,2021,5-9,268,8131,0.032960275488869754
Slovakia,2021,10+,1319,8131,0.16221866929037018
Slovakia,2021,10+,1187,8131,0.14598450375107613
Slovakia,2021,10+,1003,8131,0.12335506087812077
Slovakia,2021,10+,1530,8131,0.1881687369327266
Slovakia,2019,0-1,68,9466,0.007183604479188675
Slovakia,2019,0-1,281,9466,0.02968518909782379
Slovakia,2019,1-2,422,9466,0.04458060426790619
Slovakia,2019,3-4,421,9466,0.04447496302556518
Slovakia,2019,3-4,412,9466,0.04352419184449609
Slovakia,2019,5-9,386,9466,0.040777519543629834
Slovakia,2019,5-9,369,9466,0.038981618423832666
Slovakia,2019,5-9,386,9466,0.040777519543629834
Slovakia,2019,5-9,336,9466,0.035495457426579335
Slovakia,2019,5-9,346,9466,0.036551869849989434
Slovakia,2019,10+,1607,9466,0.16976547644200296
Slovakia,2019,10+,1326,9466,0.14008028734417916
Slovakia,2019,10+,1219,9466,0.12877667441369112
Slovakia,2019,10+,1887,9466,0.19934502429748574
Slovakia,2018,0-1,71,9560,0.007426778242677824
Slovakia,2018,0-1,262,9560,0.027405857740585775
Slovakia,2018,1-2,397,9560,0.041527196652719665
Slovakia,2018,3-4,401,9560,0.04194560669456067
Slovakia,2018,3-4,384,9560,0.0401673640167364
Slovakia,2018,5-9,411,9560,0.04299163179916318
Slovakia,2018,5-9,368,9560,0.038493723849372385
Slovakia,2018,5-9,357,9560,0.037343096234309626
Slovakia,2018,5-9,339,9560,0.035460251046025106
Slovakia,2018,5-9,342,9560,0.03577405857740586
Slovakia,2018,10+,1594,9560,0.16673640167364018
Slovakia,2018,10+,1413,9560,0.14780334728033473
Slovakia,2018,10+,1244,9560,0.1301255230125523
Slovakia,2018,10+,1977,9560,0.2067991631799163
Slovakia,2017,0-1,62,9618,0.00644624662091911
Slovakia,2017,0-1,246,9618,0.025577043044291953
Slovakia,2017,1-2,360,9618,0.037429819089207735
Slovakia,2017,3-4,398,9618,0.041380744437512995
Slovakia,2017,3-4,368,9618,0.038261592846745685
Slovakia,2017,5-9,387,9618,0.04023705552089832
Slovakia,2017,5-9,373,9618,0.0387814514452069
Slovakia,2017,5-9,360,9618,0.037429819089207735
Slovakia,2017,5-9,409,9618,0.04252443335412768
Slovakia,2017,5-9,377,9618,0.03919733832397588
Slovakia,2017,10+,1687,9618,0.17540029112081515
Slovakia,2017,10+,1396,9618,0.14514452069037223
Slovakia,2017,10+,1365,9618,0.14192139737991266
Slovakia,2017,10+,1830,9618,0.19026824703680598
Slovakia,2016,0-1,52,9286,0.0055998276976093045
Slovakia,2016,0-1,235,9286,0.025306913633426662
Slovakia,2016,1-2,308,9286,0.03316821020891665
Slovakia,2016,3-4,373,9286,0.040167994830928276
Slovakia,2016,3-4,393,9286,0.042321774714624165
Slovakia,2016,5-9,350,9286,0.03769114796467801
Slovakia,2016,5-9,365,9286,0.03930648287744992
Slovakia,2016,5-9,374,9286,0.040275683825113075
Slovakia,2016,5-9,374,9286,0.040275683825113075
Slovakia,2016,5-9,329,9286,0.03542967908679733
Slovakia,2016,10+,1521,9286,0.16379496015507214
Slovakia,2016,10+,1399,9286,0.15065690286452724
Slovakia,2016,10+,1324,9286,0.14258022830066766
Slovakia,2016,10+,1889,9286,0.20342451001507647
Slovakia,2015,0-1,51,9786,0.005211526670754138
Slovakia,2015,0-1,229,9786,0.02340077661966074
Slovakia,2015,1-2,341,9786,0.03484569793582669
Slovakia,2015,3-4,389,9786,0.03975066421418353
Slovakia,2015,3-4,372,9786,0.03801348865726548
Slovakia,2015,5-9,416,9786,0.04250970774575925
Slovakia,2015,5-9,381,9786,0.03893316983445739
Slovakia,2015,5-9,409,9786,0.04179440016349888
Slovakia,2015,5-9,433,9786,0.044246883302677294
Slovakia,2015,5-9,360,9786,0.03678724708767627
Slovakia,2015,10+,1582,9786,0.16165951359084407
Slovakia,2015,10+,1574,9786,0.16084201921111793
Slovakia,2015,10+,1387,9786,0.14173308808501942
Slovakia,2015,10+,1862,9786,0.19027181688125894
Slovakia,2014,0-1,68,10514,0.00646756705345254
Slovakia,2014,0-1,264,10514,0.025109377972227506
Slovakia,2014,1-2,365,10514,0.03471561727220848
Slovakia,2014,3-4,398,10514,0.03785428951873692
Slovakia,2014,3-4,454,10514,0.043180521209815484
Slovakia,2014,5-9,473,10514,0.04498763553357428
Slovakia,2014,5-9,471,10514,0.044797412973178616
Slovakia,2014,5-9,428,10514,0.04070762792467186
Slovakia,2014,5-9,412,10514,0.03918584744150656
Slovakia,2014,5-9,330,10514,0.03138672246528438
Slovakia,2014,10+,1733,10514,0.1648278485828419
Slovakia,2014,10+,1689,10514,0.16064295225413733
Slovakia,2014,10+,1529,10514,0.1454251474224843
Slovakia,2014,10+,1900,10514,0.18071143237587978
Slovakia,2013,0-1,63,10946,0.005755527133199342
Slovakia,2013,0-1,263,10946,0.02402704184176868
Slovakia,2013,1-2,373,10946,0.03407637493148182
Slovakia,2013,3-4,422,10946,0.03855289603508131
Slovakia,2013,3-4,498,10946,0.04549607162433766
Slovakia,2013,5-9,485,10946,0.04430842316828065
Slovakia,2013,5-9,435,10946,0.03974054449113831
Slovakia,2013,5-9,417,10946,0.038096108167367075
Slovakia,2013,5-9,416,10946,0.03800475059382423
Slovakia,2013,5-9,435,10946,0.03974054449113831
Slovakia,2013,10+,1835,10946,0.16764114745112368
Slovakia,2013,10+,1720,10946,0.15713502649369632
Slovakia,2013,10+,1704,10946,0.1556733053170108
Slovakia,2013,10+,1880,10946,0.1717522382605518
Slovakia,2012,0-1,73,10948,0.006667884545122397
Slovakia,2012,0-1,218,10948,0.019912312751187433
Slovakia,2012,1-2,363,10948,0.03315674095725247
Slovakia,2012,3-4,477,10948,0.043569601753744976
Slovakia,2012,3-4,495,10948,0.04521373766898064
Slovakia,2012,5-9,482,10948,0.04402630617464377
Slovakia,2012,5-9,461,10948,0.04210814760686883
Slovakia,2012,5-9,403,10948,0.03681037632444282
Slovakia,2012,5-9,438,10948,0.04000730727073438
Slovakia,2012,5-9,422,10948,0.03854585312385824
Slovakia,2012,10+,373,10948,0.034070149799050056
Slovakia,2012,10+,367,10948,0.0335221044939715
Slovakia,2012,10+,375,10948,0.034252831567409575
Slovakia,2012,10+,350,10948,0.0319693094629156
Slovakia,2012,10+,352,10948,0.03215199123127512
Slovakia,2012,10+,376,10948,0.034344172451589335
Slovakia,2012,10+,369,10948,0.03370478626233102
Slovakia,2012,10+,317,10948,0.02895506028498356
Slovakia,2012,10+,397,10948,0.03626233101936427
Slovakia,2012,10+,367,10948,0.0335221044939715
Slovakia,2012,10+,368,10948,0.03361344537815126
Slovakia,2012,10+,385,10948,0.03516624040920716
Slovakia,2012,10+,335,10948,0.03059919620021922
Slovakia,2012,10+,292,10948,0.026671538180489587
Slovakia,2012,10+,262,10948,0.02393131165509682
Slovakia,2012,10+,232,10948,0.021191085129704055
Slovakia,2012,10+,217,10948,0.019820971867007674
Slovakia,2012,10+,195,10948,0.017811472415052976
Slovakia,2012,10+,186,10948,0.01698940445743515
Slovakia,2012,10+,153,10948,0.013975155279503106
Slovakia,2012,10+,137,10948,0.012513701132626964
Slovakia,2012,10+,128,10948,0.011691633175009134
Slovakia,2012,10+,108,10948,0.009864815491413957
Slovakia,2012,10+,110,10948,0.010047497259773474
Slovakia,2012,10+,58,10948,0.005297771282426014
Slovakia,2012,10+,307,10948,0.02804165144318597
Slovakia,2011,0-1,73,11102,0.006575391821293461
Slovakia,2011,0-1,254,11102,0.022878760583678617
Slovakia,2011,1-2,408,11102,0.03675013511079085
Slovakia,2011,3-4,466,11102,0.04197441902359935
Slovakia,2011,3-4,443,11102,0.039902720230589085
Slovakia,2011,5-9,450,11102,0.04053323725454873
Slovakia,2011,5-9,488,11102,0.04395604395604396
Slovakia,2011,5-9,489,11102,0.04404611781660962
Slovakia,2011,5-9,436,11102,0.039272203206629434
Slovakia,2011,5-9,403,11102,0.03629976580796253
Slovakia,2011,10+,403,11102,0.03629976580796253
Slovakia,2011,10+,397,11102,0.03575932264456855
Slovakia,2011,10+,358,11102,0.032246442082507654
Slovakia,2011,10+,366,11102,0.03296703296703297
Slovakia,2011,10+,377,11102,0.03395784543325527
Slovakia,2011,10+,375,11102,0.03377769771212394
Slovakia,2011,10+,375,11102,0.03377769771212394
Slovakia,2011,10+,339,11102,0.030535038731760042
Slovakia,2011,10+,395,11102,0.03557917492343722
Slovakia,2011,10+,371,11102,0.033417402269861285
Slovakia,2011,10+,418,11102,0.037650873716447486
Slovakia,2011,10+,365,11102,0.032876959106467304
Slovakia,2011,10+,333,11102,0.02999459556836606
Slovakia,2011,10+,304,11102,0.02738245361196181
Slovakia,2011,10+,295,11102,0.026571788866870834
Slovakia,2011,10+,203,11102,0.01828499369482976
Slovakia,2011,10+,224,11102,0.0201765447667087
Slovakia,2011,10+,202,11102,0.018194919834264096
Slovakia,2011,10+,174,11102,0.01567285173842551
Slovakia,2011,10+,137,11102,0.012340118897495946
Slovakia,2011,10+,115,11102,0.010358493965051343
Slovakia,2011,10+,130,11102,0.0117096018735363
Slovakia,2011,10+,102,11102,0.009187533777697713
Slovakia,2011,10+,68,11102,0.006125022518465141
Slovakia,2011,10+,70,11102,0.006305170239596469
Slovakia,2011,10+,296,11102,0.026661862727436498
Slovakia,2010,0-1,72,12015,0.00599250936329588
Slovakia,2010,0-1,305,12015,0.025384935497295046
Slovakia,2010,1-2,506,12015,0.042114024136496044
Slovakia,2010,3-4,481,12015,0.04003329171868498
Slovakia,2010,3-4,526,12015,0.043778610070744906
Slovakia,2010,5-9,512,12015,0.042613399916770704
Slovakia,2010,5-9,479,12015,0.03986683312526009
Slovakia,2010,5-9,432,12015,0.035955056179775284
Slovakia,2010,5-9,428,12015,0.03562213899292551
Slovakia,2010,5-9,415,12015,0.03454015813566375
Slovakia,2010,10+,463,12015,0.03853516437786101
Slovakia,2010,10+,466,12015,0.038784852267998333
Slovakia,2010,10+,443,12015,0.03687057844361215
Slovakia,2010,10+,438,12015,0.03645443196004994
Slovakia,2010,10+,398,12015,0.03312526009155223
Slovakia,2010,10+,394,12015,0.032792342904702454
Slovakia,2010,10+,401,12015,0.03337494798168956
Slovakia,2010,10+,414,12015,0.03445692883895131
Slovakia,2010,10+,414,12015,0.03445692883895131
Slovakia,2010,10+,444,12015,0.03695380774032459
Slovakia,2010,10+,439,12015,0.03653766125676238
Slovakia,2010,10+,358,12015,0.029796088223054514
Slovakia,2010,10+,325,12015,0.027049521431543905
Slovakia,2010,10+,312,12015,0.025967540574282147
Slovakia,2010,10+,326,12015,0.027132750728256345
Slovakia,2010,10+,243,12015,0.020224719101123594
Slovakia,2010,10+,242,12015,0.020141489804411154
Slovakia,2010,10+,201,12015,0.016729088639200997
Slovakia,2010,10+,162,12015,0.01348314606741573
Slovakia,2010,10+,169,12015,0.01406575114440283
Slovakia,2010,10+,135,12015,0.011235955056179775
Slovakia,2010,10+,89,12015,0.007407407407407408
Slovakia,2010,10+,107,12015,0.008905534748231378
Slovakia,2010,10+,98,12015,0.008156471077819392
Slovakia,2010,10+,85,12015,0.0070744902205576365
Slovakia,2010,10+,293,12015,0.024386183936745735
Slovakia,2009,0-1,82,12671,0.0064714702864809405
Slovakia,2009,0-1,319,12671,0.025175597821797804
Slovakia,2009,1-2,439,12671,0.03464604214347723
Slovakia,2009,3-4,497,12671,0.039223423565622285
Slovakia,2009,3-4,562,12671,0.04435324757319864
Slovakia,2009,5-9,579,12671,0.04569489385210323
Slovakia,2009,5-9,503,12671,0.03969694578170626
Slovakia,2009,5-9,498,12671,0.03930234393496962
Slovakia,2009,5-9,505,12671,0.03985478652040091
Slovakia,2009,5-9,498,12671,0.03930234393496962
Slovakia,2009,10+,510,12671,0.04024938836713756
Slovakia,2009,10+,485,12671,0.038276379133454344
Slovakia,2009,10+,469,12671,0.03701365322389709
Slovakia,2009,10+,448,12671,0.035356325467603186
Slovakia,2009,10+,438,12671,0.034567121774129905
Slovakia,2009,10+,422,12671,0.03330439586457264
Slovakia,2009,10+,464,12671,0.03661905137716045
Slovakia,2009,10+,480,12671,0.037881777286717704
Slovakia,2009,10+,456,12671,0.035987688422381814
Slovakia,2009,10+,443,12671,0.034961723620866546
Slovakia,2009,10+,416,12671,0.032830873648488676
Slovakia,2009,10+,380,12671,0.02998974035198485
Slovakia,2009,10+,381,12671,0.030068660721332175
Slovakia,2009,10+,299,12671,0.023597190434851235
Slovakia,2009,10+,284,12671,0.022413384894641307
Slovakia,2009,10+,284,12671,0.022413384894641307
Slovakia,2009,10+,217,12671,0.017125720148370296
Slovakia,2009,10+,172,12671,0.01357430352774051
Slovakia,2009,10+,177,12671,0.013968905374477153
Slovakia,2009,10+,152,12671,0.01199589614079394
Slovakia,2009,10+,148,12671,0.011680214663404624
Slovakia,2009,10+,124,12671,0.00978612579906874
Slovakia,2009,10+,107,12671,0.008444479520164154
Slovakia,2009,10+,96,12671,0.0075763554573435405
Slovakia,2009,10+,74,12671,0.005840107331702312
Slovakia,2009,10+,263,12671,0.020756057138347408
Slovakia,2008,0-1,89,12675,0.007021696252465483
Slovakia,2008,0-1,289,12675,0.02280078895463511
Slovakia,2008,1-2,435,12675,0.03431952662721893
Slovakia,2008,3-4,543,12675,0.04284023668639053
Slovakia,2008,3-4,576,12675,0.04544378698224852
Slovakia,2008,5-9,592,12675,0.046706114398422094
Slovakia,2008,5-9,503,12675,0.03968441814595661
Slovakia,2008,5-9,507,12675,0.04
Slovakia,2008,5-9,492,12675,0.038816568047337276
Slovakia,2008,5-9,509,12675,0.040157790927021694
Slovakia,2008,10+,471,12675,0.03715976331360947
Slovakia,2008,10+,495,12675,0.03905325443786982
Slovakia,2008,10+,473,12675,0.037317554240631164
Slovakia,2008,10+,444,12675,0.03502958579881657
Slovakia,2008,10+,480,12675,0.0378698224852071
Slovakia,2008,10+,510,12675,0.040236686390532544
Slovakia,2008,10+,454,12675,0.03581854043392505
Slovakia,2008,10+,443,12675,0.03495069033530572
Slovakia,2008,10+,461,12675,0.03637080867850099
Slovakia,2008,10+,444,12675,0.03502958579881657
Slovakia,2008,10+,386,12675,0.030453648915187377
Slovakia,2008,10+,387,12675,0.030532544378698224
Slovakia,2008,10+,344,12675,0.027140039447731756
Slovakia,2008,10+,304,12675,0.02398422090729783
Slovakia,2008,10+,294,12675,0.02319526627218935
Slovakia,2008,10+,248,12675,0.019566074950690335
Slovakia,2008,10+,246,12675,0.019408284023668638
Slovakia,2008,10+,178,12675,0.014043392504930967
Slovakia,2008,10+,197,12675,0.01554240631163708
Slovakia,2008,10+,157,12675,0.012386587771203156
Slovakia,2008,10+,130,12675,0.010256410256410256
Slovakia,2008,10+,116,12675,0.009151873767258383
Slovakia,2008,10+,107,12675,0.008441814595660749
Slovakia,2008,10+,67,12675,0.005285996055226824
Slovakia,2008,10+,57,12675,0.004497041420118343
Slovakia,2008,10+,247,12675,0.019487179487179488
Slovakia,2007,0-1,60,12174,0.0049285362247412515
Slovakia,2007,0-1,257,12174,0.021110563495975027
Slovakia,2007,1-2,429,12174,0.03523903400689995
Slovakia,2007,3-4,537,12174,0.044110399211434205
Slovakia,2007,3-4,525,12174,0.043124691966485953
Slovakia,2007,5-9,503,12174,0.04131756201741416
Slovakia,2007,5-9,479,12174,0.03934614752751766
Slovakia,2007,5-9,534,12174,0.04386397240019714
Slovakia,2007,5-9,504,12174,0.041399704287826515
Slovakia,2007,5-9,505,12174,0.04148184655823887
Slovakia,2007,10+,516,12174,0.04238541153277477
Slovakia,2007,10+,448,12174,0.03679973714473468
Slovakia,2007,10+,448,12174,0.03679973714473468
Slovakia,2007,10+,447,12174,0.03671759487432233
Slovakia,2007,10+,460,12174,0.03778544438968293
Slovakia,2007,10+,433,12174,0.035567603088549365
Slovakia,2007,10+,484,12174,0.03975685887957943
Slovakia,2007,10+,438,12174,0.035978314440611135
Slovakia,2007,10+,407,12174,0.03343190405782816
Slovakia,2007,10+,418,12174,0.034335469032364056
Slovakia,2007,10+,417,12174,0.034253326761951704
Slovakia,2007,10+,352,12174,0.028914079185148676
Slovakia,2007,10+,314,12174,0.025792672909479217
Slovakia,2007,10+,302,12174,0.02480696566453097
Slovakia,2007,10+,260,12174,0.021356990307212092
Slovakia,2007,10+,256,12174,0.021028421225562675
Slovakia,2007,10+,225,12174,0.018482010842779693
Slovakia,2007,10+,183,12174,0.015032035485460818
Slovakia,2007,10+,189,12174,0.015524889107934944
Slovakia,2007,10+,149,12174,0.012239198291440776
Slovakia,2007,10+,123,12174,0.010103499260719566
Slovakia,2007,10+,124,12174,0.01018564153113192
Slovakia,2007,10+,86,12174,0.007064235255462461
Slovakia,2007,10+,57,12174,0.0046821094135041895
Slovakia,2007,10+,73,12174,0.0059963857401018564
Slovakia,2007,10+,232,12174,0.019057006735666175
Slovakia,2004,0-1,69,10889,0.006336670033979245
Slovakia,2004,0-1,241,10889,0.022132427220130407
Slovakia,2004,1-2,390,10889,0.03581596106162182
Slovakia,2004,3-4,459,10889,0.042152631095601065
Slovakia,2004,3-4,504,10889,0.04628524198732666
Slovakia,2004,5-9,597,10889,0.054825971163559556
Slovakia,2004,5-9,518,10889,0.04757094315364129
Slovakia,2004,5-9,514,10889,0.04720359996326568
Slovakia,2004,5-9,446,10889,0.040958765726880335
Slovakia,2004,5-9,392,10889,0.035999632656809624
Slovakia,2004,10+,2324,10889,0.2134263936082285
Slovakia,2004,10+,1718,10889,0.15777390026632382
Slovakia,2004,10+,1329,10889,0.1220497750022959
Slovakia,2004,10+,1388,10889,0.12746808706033613
Slovakia,1995,0-1,63,8978,0.007017153040766317
Slovakia,1995,0-1,274,8978,0.030519046558253507
Slovakia,1995,1-2,537,8978,0.0598128759189129
Slovakia,1995,3-4,604,8978,0.06727556248607708
Slovakia,1995,3-4,609,8978,0.0678324793940744
Slovakia,1995,5-9,634,8978,0.07061706393406104
Slovakia,1995,5-9,496,8978,0.05524615727333482
Slovakia,1995,5-9,478,8978,0.05324125640454444
Slovakia,1995,5-9,448,8978,0.04989975495656048
Slovakia,1995,5-9,413,8978,0.046001336600579194
Slovakia,1995,10+,1642,8978,0.1828915125863221
Slovakia,1995,10+,1390,8978,0.15482290042325686
Slovakia,1995,10+,1390,8978,0.15482290042325686
Slovenia,2023,0-1,37,2165,0.017090069284064664
Slovenia,2023,0-1,64,2165,0.02956120092378753
Slovenia,2023,1-2,67,2165,0.03094688221709007
Slovenia,2023,3-4,90,2165,0.04157043879907621
Slovenia,2023,3-4,96,2165,0.04434180138568129
Slovenia,2023,5-9,104,2165,0.04803695150115474
Slovenia,2023,5-9,89,2165,0.041108545034642036
Slovenia,2023,5-9,87,2165,0.040184757505773674
Slovenia,2023,5-9,91,2165,0.04203233256351039
Slovenia,2023,5-9,86,2165,0.039722863741339494
Slovenia,2023,10+,383,2165,0.176905311778291
Slovenia,2023,10+,272,2165,0.125635103926097
Slovenia,2023,10+,222,2165,0.10254041570438799
Slovenia,2023,10+,477,2165,0.22032332563510393
Slovenia,2022,0-1,34,2149,0.01582131223825035
Slovenia,2022,0-1,53,2149,0.024662633783154957
Slovenia,2022,1-2,80,2149,0.03722661703117729
Slovenia,2022,3-4,97,2149,0.045137273150302464
Slovenia,2022,3-4,106,2149,0.049325267566309915
Slovenia,2022,5-9,84,2149,0.03908794788273615
Slovenia,2022,5-9,85,2149,0.03955328059562587
Slovenia,2022,5-9,76,2149,0.03536528617961843
Slovenia,2022,5-9,80,2149,0.03722661703117729
Slovenia,2022,5-9,82,2149,0.03815728245695672
Slovenia,2022,10+,375,2149,0.17449976733364356
Slovenia,2022,10+,311,2149,0.14471847370870172
Slovenia,2022,10+,238,2149,0.11074918566775244
Slovenia,2022,10+,448,2149,0.20846905537459284
Slovenia,2021,0-1,38,2322,0.01636520241171404
Slovenia,2021,0-1,73,2322,0.031438415159345395
Slovenia,2021,1-2,107,2322,0.04608096468561585
Slovenia,2021,3-4,105,2322,0.04521963824289406
Slovenia,2021,3-4,113,2322,0.04866494401378122
Slovenia,2021,5-9,96,2322,0.041343669250646
Slovenia,2021,5-9,95,2322,0.0409130060292851
Slovenia,2021,5-9,83,2322,0.03574504737295435
Slovenia,2021,5-9,79,2322,0.034022394487510765
Slovenia,2021,5-9,108,2322,0.046511627906976744
Slovenia,2021,10+,389,2322,0.16752799310938846
Slovenia,2021,10+,303,2322,0.13049095607235142
Slovenia,2021,10+,246,2322,0.10594315245478036
Slovenia,2021,10+,487,2322,0.20973298880275623
Slovenia,2020,0-1,33,1774,0.018602029312288614
Slovenia,2020,0-1,81,1774,0.04565952649379933
Slovenia,2020,1-2,74,1774,0.04171364148816235
Slovenia,2020,3-4,89,1774,0.050169109357384445
Slovenia,2020,3-4,84,1774,0.04735062006764374
Slovenia,2020,5-9,65,1774,0.03664036076662908
Slovenia,2020,5-9,82,1774,0.046223224351747465
Slovenia,2020,5-9,52,1774,0.029312288613303268
Slovenia,2020,5-9,66,1774,0.03720405862457723
Slovenia,2020,5-9,61,1774,0.034385569334836524
Slovenia,2020,10+,283,1774,0.15952649379932357
Slovenia,2020,10+,208,1774,0.11724915445321307
Slovenia,2020,10+,197,1774,0.11104847801578353
Slovenia,2020,10+,399,1774,0.22491544532130778
Slovenia,2019,0-1,40,2476,0.01615508885298869
Slovenia,2019,0-1,69,2476,0.027867528271405494
Slovenia,2019,1-2,119,2476,0.048061389337641355
Slovenia,2019,3-4,123,2476,0.049676898222940226
Slovenia,2019,3-4,116,2476,0.046849757673667204
Slovenia,2019,5-9,83,2476,0.033521809369951534
Slovenia,2019,5-9,125,2476,0.05048465266558966
Slovenia,2019,5-9,116,2476,0.046849757673667204
Slovenia,2019,5-9,90,2476,0.036348949919224556
Slovenia,2019,5-9,86,2476,0.034733441033925685
Slovenia,2019,10+,368,2476,0.14862681744749595
Slovenia,2019,10+,311,2476,0.12560581583198707
Slovenia,2019,10+,276,2476,0.11147011308562198
Slovenia,2019,10+,554,2476,0.22374798061389337
Slovenia,2018,0-1,44,2347,0.018747337025990626
Slovenia,2018,0-1,76,2347,0.03238176395398381
Slovenia,2018,1-2,109,2347,0.04644226672347678
Slovenia,2018,3-4,115,2347,0.0489987217724755
Slovenia,2018,3-4,99,2347,0.04218150830847891
Slovenia,2018,5-9,100,2347,0.04260758414997869
Slovenia,2018,5-9,104,2347,0.044311887515977845
Slovenia,2018,5-9,97,2347,0.04132935662547933
Slovenia,2018,5-9,83,2347,0.035364294844482315
Slovenia,2018,5-9,85,2347,0.03621644652748189
Slovenia,2018,10+,319,2347,0.13591819343843203
Slovenia,2018,10+,305,2347,0.12995313165743502
Slovenia,2018,10+,277,2347,0.11802300809544099
Slovenia,2018,10+,534,2347,0.22752449936088623
Slovenia,2017,0-1,40,2387,0.016757436112274822
Slovenia,2017,0-1,88,2387,0.03686635944700461
Slovenia,2017,1-2,94,2387,0.03937997486384583
Slovenia,2017,3-4,106,2387,0.044407205697528276
Slovenia,2017,3-4,96,2387,0.04021784666945957
Slovenia,2017,5-9,117,2387,0.04901550062840385
Slovenia,2017,5-9,109,2387,0.04566401340594889
Slovenia,2017,5-9,81,2387,0.03393380812735652
Slovenia,2017,5-9,99,2387,0.041474654377880185
Slovenia,2017,5-9,83,2387,0.034771679932970256
Slovenia,2017,10+,358,2387,0.14997905320485966
Slovenia,2017,10+,317,2387,0.13280268118977798
Slovenia,2017,10+,262,2387,0.10976120653540009
Slovenia,2017,10+,537,2387,0.2249685798072895
Slovenia,2016,0-1,33,2531,0.013038324772817068
Slovenia,2016,0-1,68,2531,0.026866851047016988
Slovenia,2016,1-2,103,2531,0.04069537732121691
Slovenia,2016,3-4,133,2531,0.0525483998419597
Slovenia,2016,3-4,120,2531,0.047412090082971155
Slovenia,2016,5-9,119,2531,0.047016989332279734
Slovenia,2016,5-9,106,2531,0.04188067957329119
Slovenia,2016,5-9,81,2531,0.03200316080600553
Slovenia,2016,5-9,97,2531,0.03832477281706835
Slovenia,2016,5-9,104,2531,0.04109047807190833
Slovenia,2016,10+,383,2531,0.15132358751481628
Slovenia,2016,10+,301,2531,0.11892532595811932
Slovenia,2016,10+,310,2531,0.12248123271434215
Slovenia,2016,10+,573,2531,0.22639273014618727
Slovenia,2015,0-1,32,2432,0.013157894736842105
Slovenia,2015,0-1,97,2432,0.039884868421052634
Slovenia,2015,1-2,129,2432,0.05304276315789474
Slovenia,2015,3-4,115,2432,0.047286184210526314
Slovenia,2015,3-4,118,2432,0.04851973684210526
Slovenia,2015,5-9,103,2432,0.04235197368421053
Slovenia,2015,5-9,108,2432,0.044407894736842105
Slovenia,2015,5-9,123,2432,0.05057565789473684
Slovenia,2015,5-9,78,2432,0.032072368421052634
Slovenia,2015,5-9,74,2432,0.03042763157894737
Slovenia,2015,10+,318,2432,0.13075657894736842
Slovenia,2015,10+,306,2432,0.12582236842105263
Slovenia,2015,10+,291,2432,0.1196546052631579
Slovenia,2015,10+,540,2432,0.22203947368421054
Slovenia,2014,0-1,17,2469,0.00688537869582827
Slovenia,2014,0-1,85,2469,0.03442689347914135
Slovenia,2014,1-2,95,2469,0.03847711624139328
Slovenia,2014,3-4,124,2469,0.050222762251923854
Slovenia,2014,3-4,92,2469,0.0372620494127177
Slovenia,2014,5-9,92,2469,0.0372620494127177
Slovenia,2014,5-9,103,2469,0.04171729445119481
Slovenia,2014,5-9,115,2469,0.04657756176589713
Slovenia,2014,5-9,86,2469,0.034831915755366545
Slovenia,2014,5-9,95,2469,0.03847711624139328
Slovenia,2014,10+,349,2469,0.14135277440259214
Slovenia,2014,10+,332,2469,0.13446739570676386
Slovenia,2014,10+,309,2469,0.12515188335358446
Slovenia,2014,10+,575,2469,0.23288780882948562
Slovenia,2013,0-1,28,2351,0.011909825606125054
Slovenia,2013,0-1,82,2351,0.03487877498936623
Slovenia,2013,1-2,88,2351,0.03743088047639302
Slovenia,2013,3-4,108,2351,0.04593789876648235
Slovenia,2013,3-4,96,2351,0.040833687792428755
Slovenia,2013,5-9,111,2351,0.047213951509995744
Slovenia,2013,5-9,94,2351,0.03998298596341982
Slovenia,2013,5-9,91,2351,0.038706933219906425
Slovenia,2013,5-9,82,2351,0.03487877498936623
Slovenia,2013,5-9,73,2351,0.031050616758826033
Slovenia,2013,10+,369,2351,0.15695448745214802
Slovenia,2013,10+,290,2351,0.12335176520629519
Slovenia,2013,10+,269,2351,0.11441939600170141
Slovenia,2013,10+,570,2351,0.24245002126754572
Slovenia,2012,0-1,25,2509,0.00996412913511359
Slovenia,2012,0-1,76,2509,0.03029095257074532
Slovenia,2012,1-2,89,2509,0.03547229972100439
Slovenia,2012,3-4,114,2509,0.045436428856117976
Slovenia,2012,3-4,124,2509,0.04942208051016341
Slovenia,2012,5-9,90,2509,0.03587086488640893
Slovenia,2012,5-9,101,2509,0.04025508170585891
Slovenia,2012,5-9,98,2509,0.039059386209645275
Slovenia,2012,5-9,81,2509,0.03228377839776803
Slovenia,2012,5-9,82,2509,0.03268234356317258
Slovenia,2012,10+,92,2509,0.036667995217218016
Slovenia,2012,10+,85,2509,0.03387803905938621
Slovenia,2012,10+,62,2509,0.024711040255081706
Slovenia,2012,10+,75,2509,0.029892387405340774
Slovenia,2012,10+,74,2509,0.02949382223993623
Slovenia,2012,10+,68,2509,0.027102431247508968
Slovenia,2012,10+,67,2509,0.026703866082104424
Slovenia,2012,10+,68,2509,0.027102431247508968
Slovenia,2012,10+,80,2509,0.03188521323236349
Slovenia,2012,10+,57,2509,0.022718214428058988
Slovenia,2012,10+,66,2509,0.02630530091669988
Slovenia,2012,10+,71,2509,0.028298126743722597
Slovenia,2012,10+,56,2509,0.022319649262654444
Slovenia,2012,10+,76,2509,0.03029095257074532
Slovenia,2012,10+,67,2509,0.026703866082104424
Slovenia,2012,10+,61,2509,0.02431247508967716
Slovenia,2012,10+,55,2509,0.0219210840972499
Slovenia,2012,10+,53,2509,0.021123953766440814
Slovenia,2012,10+,46,2509,0.018333997608609008
Slovenia,2012,10+,45,2509,0.017935432443204464
Slovenia,2012,10+,36,2509,0.01434834595456357
Slovenia,2012,10+,32,2509,0.012754085292945397
Slovenia,2012,10+,30,2509,0.011956954962136309
Slovenia,2012,10+,23,2509,0.009166998804304504
Slovenia,2012,10+,36,2509,0.01434834595456357
Slovenia,2012,10+,148,2509,0.05898764447987246
Slovenia,2011,0-1,24,2298,0.010443864229765013
Slovenia,2011,0-1,68,2298,0.02959094865100087
Slovenia,2011,1-2,95,2298,0.04134029590948651
Slovenia,2011,3-4,107,2298,0.04656222802436902
Slovenia,2011,3-4,107,2298,0.04656222802436902
Slovenia,2011,5-9,97,2298,0.04221061792863359
Slovenia,2011,5-9,87,2298,0.037859007832898174
Slovenia,2011,5-9,79,2298,0.034377719756309835
Slovenia,2011,5-9,89,2298,0.038729329852045254
Slovenia,2011,5-9,80,2298,0.034812880765883375
Slovenia,2011,10+,67,2298,0.029155787641427327
Slovenia,2011,10+,71,2298,0.030896431679721496
Slovenia,2011,10+,65,2298,0.028285465622280244
Slovenia,2011,10+,58,2298,0.025239338555265448
Slovenia,2011,10+,60,2298,0.02610966057441253
Slovenia,2011,10+,56,2298,0.024369016536118365
Slovenia,2011,10+,78,2298,0.033942558746736295
Slovenia,2011,10+,76,2298,0.03307223672758921
Slovenia,2011,10+,68,2298,0.02959094865100087
Slovenia,2011,10+,44,2298,0.019147084421235857
Slovenia,2011,10+,66,2298,0.028720626631853787
Slovenia,2011,10+,72,2298,0.031331592689295036
Slovenia,2011,10+,66,2298,0.028720626631853787
Slovenia,2011,10+,64,2298,0.0278503046127067
Slovenia,2011,10+,65,2298,0.028285465622280244
Slovenia,2011,10+,48,2298,0.020887728459530026
Slovenia,2011,10+,51,2298,0.022193211488250653
Slovenia,2011,10+,56,2298,0.024369016536118365
Slovenia,2011,10+,40,2298,0.017406440382941687
Slovenia,2011,10+,37,2298,0.01610095735422106
Slovenia,2011,10+,40,2298,0.017406440382941687
Slovenia,2011,10+,29,2298,0.012619669277632724
Slovenia,2011,10+,20,2298,0.008703220191470844
Slovenia,2011,10+,24,2298,0.010443864229765013
Slovenia,2011,10+,15,2298,0.006527415143603133
Slovenia,2011,10+,129,2298,0.05613577023498695
Slovenia,2010,0-1,29,2430,0.011934156378600824
Slovenia,2010,0-1,82,2430,0.03374485596707819
Slovenia,2010,1-2,72,2430,0.02962962962962963
Slovenia,2010,3-4,112,2430,0.04609053497942387
Slovenia,2010,3-4,108,2430,0.044444444444444446
Slovenia,2010,5-9,89,2430,0.03662551440329218
Slovenia,2010,5-9,92,2430,0.03786008230452675
Slovenia,2010,5-9,90,2430,0.037037037037037035
Slovenia,2010,5-9,95,2430,0.03909465020576132
Slovenia,2010,5-9,79,2430,0.03251028806584362
Slovenia,2010,10+,77,2430,0.03168724279835391
Slovenia,2010,10+,80,2430,0.03292181069958848
Slovenia,2010,10+,68,2430,0.027983539094650206
Slovenia,2010,10+,84,2430,0.0345679012345679
Slovenia,2010,10+,71,2430,0.029218106995884775
Slovenia,2010,10+,67,2430,0.02757201646090535
Slovenia,2010,10+,74,2430,0.030452674897119343
Slovenia,2010,10+,88,2430,0.03621399176954732
Slovenia,2010,10+,66,2430,0.027160493827160494
Slovenia,2010,10+,59,2430,0.0242798353909465
Slovenia,2010,10+,73,2430,0.030041152263374487
Slovenia,2010,10+,75,2430,0.030864197530864196
Slovenia,2010,10+,64,2430,0.02633744855967078
Slovenia,2010,10+,74,2430,0.030452674897119343
Slovenia,2010,10+,56,2430,0.023045267489711935
Slovenia,2010,10+,63,2430,0.025925925925925925
Slovenia,2010,10+,53,2430,0.021810699588477367
Slovenia,2010,10+,59,2430,0.0242798353909465
Slovenia,2010,10+,34,2430,0.013991769547325103
Slovenia,2010,10+,42,2430,0.01728395061728395
Slovenia,2010,10+,37,2430,0.015226337448559672
Slovenia,2010,10+,25,2430,0.0102880658436214
Slovenia,2010,10+,28,2430,0.011522633744855968
Slovenia,2010,10+,23,2430,0.009465020576131687
Slovenia,2010,10+,23,2430,0.009465020576131687
Slovenia,2010,10+,119,2430,0.04897119341563786
Slovenia,2009,0-1,17,2297,0.007400957771005659
Slovenia,2009,0-1,61,2297,0.026556377884196777
Slovenia,2009,1-2,100,2297,0.043535045711798
Slovenia,2009,3-4,93,2297,0.040487592511972134
Slovenia,2009,3-4,88,2297,0.03831084022638224
Slovenia,2009,5-9,91,2297,0.039616891597736174
Slovenia,2009,5-9,111,2297,0.04832390074009578
Slovenia,2009,5-9,75,2297,0.032651284283848496
Slovenia,2009,5-9,92,2297,0.04005224205485416
Slovenia,2009,5-9,86,2297,0.03744013931214628
Slovenia,2009,10+,85,2297,0.037004788855028295
Slovenia,2009,10+,72,2297,0.03134523291249456
Slovenia,2009,10+,83,2297,0.036134087940792335
Slovenia,2009,10+,73,2297,0.031780583369612536
Slovenia,2009,10+,72,2297,0.03134523291249456
Slovenia,2009,10+,71,2297,0.03090988245537658
Slovenia,2009,10+,65,2297,0.028297779712668697
Slovenia,2009,10+,78,2297,0.03395733565520244
Slovenia,2009,10+,71,2297,0.03090988245537658
Slovenia,2009,10+,73,2297,0.031780583369612536
Slovenia,2009,10+,61,2297,0.026556377884196777
Slovenia,2009,10+,61,2297,0.026556377884196777
Slovenia,2009,10+,65,2297,0.028297779712668697
Slovenia,2009,10+,55,2297,0.023944275141488898
Slovenia,2009,10+,48,2297,0.02089682194166304
Slovenia,2009,10+,60,2297,0.026121027427078797
Slovenia,2009,10+,48,2297,0.02089682194166304
Slovenia,2009,10+,38,2297,0.01654331737048324
Slovenia,2009,10+,32,2297,0.013931214627775359
Slovenia,2009,10+,32,2297,0.013931214627775359
Slovenia,2009,10+,24,2297,0.01044841097083152
Slovenia,2009,10+,35,2297,0.015237265999129298
Slovenia,2009,10+,23,2297,0.01001306051371354
Slovenia,2009,10+,28,2297,0.012189812799303439
Slovenia,2009,10+,24,2297,0.01044841097083152
Slovenia,2009,10+,106,2297,0.046147148454505876
Slovenia,2008,0-1,25,2246,0.011130899376669634
Slovenia,2008,0-1,76,2246,0.03383793410507569
Slovenia,2008,1-2,76,2246,0.03383793410507569
Slovenia,2008,3-4,95,2246,0.04229741763134461
Slovenia,2008,3-4,79,2246,0.035173642030276044
Slovenia,2008,5-9,96,2246,0.0427426536064114
Slovenia,2008,5-9,79,2246,0.035173642030276044
Slovenia,2008,5-9,81,2246,0.036064113980409616
Slovenia,2008,5-9,86,2246,0.03829029385574354
Slovenia,2008,5-9,77,2246,0.03428317008014248
Slovenia,2008,10+,71,2246,0.031611754229741766
Slovenia,2008,10+,91,2246,0.040516473731077474
Slovenia,2008,10+,64,2246,0.028495102404274265
Slovenia,2008,10+,62,2246,0.027604630454140695
Slovenia,2008,10+,64,2246,0.028495102404274265
Slovenia,2008,10+,64,2246,0.028495102404274265
Slovenia,2008,10+,77,2246,0.03428317008014248
Slovenia,2008,10+,51,2246,0.022707034728406055
Slovenia,2008,10+,70,2246,0.031166518254674976
Slovenia,2008,10+,69,2246,0.030721282279608193
Slovenia,2008,10+,70,2246,0.031166518254674976
Slovenia,2008,10+,61,2246,0.02715939447907391
Slovenia,2008,10+,71,2246,0.031611754229741766
Slovenia,2008,10+,69,2246,0.030721282279608193
Slovenia,2008,10+,63,2246,0.02804986642920748
Slovenia,2008,10+,50,2246,0.02226179875333927
Slovenia,2008,10+,48,2246,0.0213713268032057
Slovenia,2008,10+,46,2246,0.020480854853072127
Slovenia,2008,10+,42,2246,0.018699910952804988
Slovenia,2008,10+,51,2246,0.022707034728406055
Slovenia,2008,10+,30,2246,0.013357079252003561
Slovenia,2008,10+,31,2246,0.013802315227070348
Slovenia,2008,10+,22,2246,0.009795191451469279
Slovenia,2008,10+,17,2246,0.007569011576135352
Slovenia,2008,10+,19,2246,0.008459483526268923
Slovenia,2008,10+,103,2246,0.0458593054318789
Slovenia,2007,0-1,30,2617,0.01146350783339702
Slovenia,2007,0-1,69,2617,0.026366068016813144
Slovenia,2007,1-2,111,2617,0.042414978983568975
Slovenia,2007,3-4,99,2617,0.03782957585021016
Slovenia,2007,3-4,101,2617,0.03859380970576996
Slovenia,2007,5-9,115,2617,0.043943446694688575
Slovenia,2007,5-9,102,2617,0.038975926633549866
Slovenia,2007,5-9,103,2617,0.03935804356132977
Slovenia,2007,5-9,78,2617,0.02980512036683225
Slovenia,2007,5-9,89,2617,0.03400840657241116
Slovenia,2007,10+,95,2617,0.036301108139090564
Slovenia,2007,10+,81,2617,0.030951471150171952
Slovenia,2007,10+,63,2617,0.02407336645013374
Slovenia,2007,10+,96,2617,0.03668322506687046
Slovenia,2007,10+,82,2617,0.031333588077951856
Slovenia,2007,10+,76,2617,0.02904088651127245
Slovenia,2007,10+,74,2617,0.028276652655712647
Slovenia,2007,10+,85,2617,0.03247993886129155
Slovenia,2007,10+,82,2617,0.031333588077951856
Slovenia,2007,10+,88,2617,0.033626289644631255
Slovenia,2007,10+,68,2617,0.025983951089033244
Slovenia,2007,10+,66,2617,0.025219717233473445
Slovenia,2007,10+,60,2617,0.02292701566679404
Slovenia,2007,10+,69,2617,0.026366068016813144
Slovenia,2007,10+,68,2617,0.025983951089033244
Slovenia,2007,10+,70,2617,0.026748184944593044
Slovenia,2007,10+,56,2617,0.021398547955674436
Slovenia,2007,10+,54,2617,0.020634314100114636
Slovenia,2007,10+,58,2617,0.02216278181123424
Slovenia,2007,10+,51,2617,0.019487963316774933
Slovenia,2007,10+,46,2617,0.01757737867787543
Slovenia,2007,10+,42,2617,0.016048910966755828
Slovenia,2007,10+,27,2617,0.010317157050057318
Slovenia,2007,10+,19,2617,0.0072602216278181125
Slovenia,2007,10+,20,2617,0.007642338555598013
Slovenia,2007,10+,124,2617,0.047382499044707684
Slovenia,2004,0-1,31,2411,0.012857735379510576
Slovenia,2004,0-1,47,2411,0.019493985897967647
Slovenia,2004,1-2,86,2411,0.03566984653670676
Slovenia,2004,3-4,93,2411,0.038573206138531727
Slovenia,2004,3-4,104,2411,0.043135628369970966
Slovenia,2004,5-9,98,2411,0.040647034425549566
Slovenia,2004,5-9,92,2411,0.03815844048112816
Slovenia,2004,5-9,82,2411,0.034010783907092494
Slovenia,2004,5-9,88,2411,0.036499377851513894
Slovenia,2004,5-9,77,2411,0.03193695562007466
Slovenia,2004,10+,402,2411,0.16673579427623392
Slovenia,2004,10+,398,2411,0.16507673164661965
Slovenia,2004,10+,376,2411,0.15595188718374117
Slovenia,2004,10+,437,2411,0.18125259228535878
Slovenia,1996,0-1,10,2004,0.00499001996007984
Slovenia,1996,0-1,57,2004,0.02844311377245509
Slovenia,1996,1-2,76,2004,0.03792415169660679
Slovenia,1996,3-4,91,2004,0.045409181636726546
Slovenia,1996,3-4,90,2004,0.04491017964071856
Slovenia,1996,5-9,86,2004,0.04291417165668663
Slovenia,1996,5-9,79,2004,0.03942115768463074
Slovenia,1996,5-9,89,2004,0.04441117764471058
Slovenia,1996,5-9,93,2004,0.04640718562874251
Slovenia,1996,5-9,102,2004,0.05089820359281437
Slovenia,1996,10+,374,2004,0.18662674650698602
Slovenia,1996,10+,343,2004,0.17115768463073852
Slovenia,1996,10+,514,2004,0.2564870259481038
Slovenia,1995,0-1,12,1585,0.007570977917981073
Slovenia,1995,0-1,39,1585,0.024605678233438486
Slovenia,1995,1-2,54,1585,0.03406940063091483
Slovenia,1995,3-4,77,1585,0.04858044164037855
Slovenia,1995,3-4,55,1585,0.03470031545741325
Slovenia,1995,5-9,75,1585,0.0473186119873817
Slovenia,1995,5-9,80,1585,0.050473186119873815
Slovenia,1995,5-9,62,1585,0.039116719242902206
Slovenia,1995,5-9,68,1585,0.04290220820189274
Slovenia,1995,5-9,47,1585,0.02965299684542587
Slovenia,1995,10+,323,1585,0.20378548895899054
Slovenia,1995,10+,299,1585,0.1886435331230284
Slovenia,1995,10+,394,1585,0.24858044164037854
Spain,2023,0-1,634,76685,0.008267588185433918
Spain,2023,0-1,1918,76685,0.025011410314924692
Spain,2023,1-2,1970,76685,0.02568950903044924
Spain,2023,3-4,2694,76685,0.035130729608137186
Spain,2023,3-4,3610,76685,0.04707569928930039
Spain,2023,5-9,3617,76685,0.04716698180869792
Spain,2023,5-9,3626,76685,0.047284345047923323
Spain,2023,5-9,3217,76685,0.04195083784312447
Spain,2023,5-9,3155,76685,0.04114233552846058
Spain,2023,5-9,2801,76685,0.03652604811892808
Spain,2023,10+,12837,76685,0.16739910021516594
Spain,2023,10+,12041,76685,0.15701897372367477
Spain,2023,10+,9170,76685,0.11958010041077134
Spain,2023,10+,15395,76685,0.20075634087500815
Spain,2022,0-1,680,81302,0.008363877887382845
Spain,2022,0-1,1324,81302,0.016284962239551302
Spain,2022,1-2,2296,81302,0.02824038769033972
Spain,2022,3-4,3580,81302,0.04403335711298615
Spain,2022,3-4,3788,81302,0.04659171976089149
Spain,2022,5-9,3880,81302,0.047723303239772696
Spain,2022,5-9,3764,81302,0.046296524070748565
Spain,2022,5-9,3271,81302,0.040232712602396005
Spain,2022,5-9,2984,81302,0.03670266414110354
Spain,2022,5-9,2935,81302,0.03609997294039507
Spain,2022,10+,13780,81302,0.1694915254237288
Spain,2022,10+,12643,81302,0.1555066296032078
Spain,2022,10+,9430,81302,0.11598730658532386
Spain,2022,10+,16947,81302,0.20844505670217214
Spain,2021,0-1,484,86851,0.0055727625473512106
Spain,2021,0-1,1764,86851,0.020310646970098215
Spain,2021,1-2,2830,86851,0.032584541340917206
Spain,2021,3-4,3742,86851,0.04308528399212444
Spain,2021,3-4,3913,86851,0.0450541732392258
Spain,2021,5-9,3770,86851,0.04340767521387203
Spain,2021,5-9,3602,86851,0.041473327883386486
Spain,2021,5-9,3279,86851,0.037754314861083924
Spain,2021,5-9,3426,86851,0.03944686877525878
Spain,2021,5-9,3227,86851,0.03715558830640983
Spain,2021,10+,15802,86851,0.18194378878769388
Spain,2021,10+,13249,86851,0.15254861774763676
Spain,2021,10+,10343,86851,0.11908901451911895
Spain,2021,10+,17420,86851,0.2005733958158225
Spain,2020,0-1,481,77200,0.0062305699481865285
Spain,2020,0-1,2006,77200,0.025984455958549223
Spain,2020,1-2,2778,77200,0.035984455958549225
Spain,2020,3-4,3433,77200,0.044468911917098446
Spain,2020,3-4,3510,77200,0.04546632124352332
Spain,2020,5-9,3177,77200,0.04115284974093264
Spain,2020,5-9,3000,77200,0.038860103626943004
Spain,2020,5-9,3011,77200,0.03900259067357513
Spain,2020,5-9,2693,77200,0.03488341968911917
Spain,2020,5-9,2804,77200,0.03632124352331606
Spain,2020,10+,13710,77200,0.17759067357512953
Spain,2020,10+,11306,77200,0.14645077720207253
Spain,2020,10+,8824,77200,0.11430051813471502
Spain,2020,10+,16467,77200,0.21330310880829015
Spain,2019,0-1,802,91645,0.008751159364940805
Spain,2019,0-1,2327,91645,0.02539145616236565
Spain,2019,1-2,3267,91645,0.035648425991598016
Spain,2019,3-4,3841,91645,0.04191172458944842
Spain,2019,3-4,3659,91645,0.039925800643788534
Spain,2019,5-9,3638,91645,0.03969665557313547
Spain,2019,5-9,3638,91645,0.03969665557313547
Spain,2019,5-9,3744,91645,0.04085329259643188
Spain,2019,5-9,3468,91645,0.03784167166784876
Spain,2019,5-9,3407,91645,0.03717605979595177
Spain,2019,10+,16319,91645,0.1780675432374925
Spain,2019,10+,13521,91645,0.14753669049047957
Spain,2019,10+,9911,91645,0.10814556167821485
Spain,2019,10+,20103,91645,0.2193573026351683
Spain,2018,0-1,1044,95254,0.010960169651668171
Spain,2018,0-1,1820,95254,0.0191068091628698
Spain,2018,1-2,3213,95254,0.03373086694522015
Spain,2018,3-4,3524,95254,0.036995821697776474
Spain,2018,3-4,3741,95254,0.03927394125181095
Spain,2018,5-9,3716,95254,0.03901148508199131
Spain,2018,5-9,3869,95254,0.0406177168412875
Spain,2018,5-9,3793,95254,0.0398198500850358
Spain,2018,5-9,3631,95254,0.03811913410460453
Spain,2018,5-9,3687,95254,0.03870703592500053
Spain,2018,10+,16905,95254,0.17747286203204066
Spain,2018,10+,14169,95254,0.14874965880697924
Spain,2018,10+,10713,95254,0.11246771789111218
Spain,2018,10+,21429,95254,0.22496693052260272
Spain,2017,0-1,849,97960,0.008666802776643528
Spain,2017,0-1,2452,97960,0.025030624744793794
Spain,2017,1-2,3058,97960,0.031216823193140057
Spain,2017,3-4,3560,97960,0.03634136382196815
Spain,2017,3-4,3933,97960,0.04014904042466313
Spain,2017,5-9,4135,97960,0.04221110657411188
Spain,2017,5-9,4073,97960,0.04157819518170682
Spain,2017,5-9,4050,97960,0.04134340547162107
Spain,2017,5-9,4204,97960,0.04291547570436913
Spain,2017,5-9,4102,97960,0.04187423438138015
Spain,2017,10+,17234,97960,0.1759289505920784
Spain,2017,10+,14144,97960,0.1443854634544712
Spain,2017,10+,10945,97960,0.11172927725602287
Spain,2017,10+,21221,97960,0.2166292364230298
Spain,2016,0-1,975,96824,0.010069817400644469
Spain,2016,0-1,1645,96824,0.016989589358010412
Spain,2016,1-2,2770,96824,0.028608609435677106
Spain,2016,3-4,3341,96824,0.03450590762620838
Spain,2016,3-4,4028,96824,0.041601255886970175
Spain,2016,5-9,4076,96824,0.04209700074361729
Spain,2016,5-9,4410,96824,0.04554655870445344
Spain,2016,5-9,4252,96824,0.043914731884656694
Spain,2016,5-9,4331,96824,0.04473064529455507
Spain,2016,5-9,4181,96824,0.043181442617532845
Spain,2016,10+,17594,96824,0.18171114599686028
Spain,2016,10+,14155,96824,0.14619309262166405
Spain,2016,10+,11016,96824,0.11377344460051227
Spain,2016,10+,20050,96824,0.20707675782863752
Spain,2015,0-1,838,96562,0.008678362088606284
Spain,2015,0-1,2141,96562,0.02217228309272799
Spain,2015,1-2,2915,96562,0.030187858577908493
Spain,2015,3-4,3850,96562,0.03987075661233197
Spain,2015,3-4,4159,96562,0.043070773181997056
Spain,2015,5-9,4439,96562,0.04597046457198484
Spain,2015,5-9,4743,96562,0.049118700938257286
Spain,2015,5-9,4578,96562,0.0474099542263002
Spain,2015,5-9,4297,96562,0.04449990679563389
Spain,2015,5-9,3866,96562,0.040036453263188415
Spain,2015,10+,16656,96562,0.1724902135415588
Spain,2015,10+,13648,96562,0.14133924318054722
Spain,2015,10+,11163,96562,0.11560448209440567
Spain,2015,10+,19269,96562,0.1995505478345519
Spain,2014,0-1,1083,100746,0.010749806443928294
Spain,2014,0-1,1899,100746,0.01884938359835626
Spain,2014,1-2,3275,100746,0.03250749409405832
Spain,2014,3-4,3911,100746,0.038820399817362475
Spain,2014,3-4,4768,100746,0.04732694101999087
Spain,2014,5-9,4880,100746,0.048438647688245684
Spain,2014,5-9,5067,100746,0.05029480078613543
Spain,2014,5-9,4983,100746,0.04946102078494431
Spain,2014,5-9,4331,100746,0.04298929982331805
Spain,2014,5-9,4187,100746,0.041559962678418993
Spain,2014,10+,17821,100746,0.17689039763365294
Spain,2014,10+,13841,100746,0.13738510710102633
Spain,2014,10+,11669,100746,0.11582593849879896
Spain,2014,10+,19031,100746,0.18890080003176304
Spain,2013,0-1,897,95427,0.009399855386840203
Spain,2013,0-1,2419,95427,0.025349219822482106
Spain,2013,1-2,3308,95427,0.034665241493497645
Spain,2013,3-4,4531,95427,0.047481320800192815
Spain,2013,3-4,4889,95427,0.051232879583346436
Spain,2013,5-9,5061,95427,0.05303530447357666
Spain,2013,5-9,4878,95427,0.05111760822408752
Spain,2013,5-9,4278,95427,0.04483007953723789
Spain,2013,5-9,4049,95427,0.042430339421756946
Spain,2013,5-9,3840,95427,0.040240183595837656
Spain,2013,10+,16373,95427,0.17157617864964841
Spain,2013,10+,12974,95427,0.13595732863864524
Spain,2013,10+,10778,95427,0.11294497364477558
Spain,2013,10+,17152,95427,0.17973948672807485
Spain,2012,0-1,983,104262,0.009428171337591836
Spain,2012,0-1,2668,104262,0.02558938059887591
Spain,2012,1-2,3774,104262,0.036197272256430914
Spain,2012,3-4,4933,104262,0.04731349868600257
Spain,2012,3-4,5195,104262,0.04982639887974526
Spain,2012,5-9,5310,104262,0.05092938942280025
Spain,2012,5-9,4888,104262,0.04688189369089409
Spain,2012,5-9,4741,104262,0.0454719840402064
Spain,2012,5-9,4144,104262,0.03974602443843395
Spain,2012,5-9,3935,104262,0.03774145901670791
Spain,2012,10+,3653,104262,0.03503673438069479
Spain,2012,10+,3703,104262,0.03551629548637087
Spain,2012,10+,3585,104262,0.034384531276975314
Spain,2012,10+,3506,104262,0.033626824730007096
Spain,2012,10+,3176,104262,0.030461721432544935
Spain,2012,10+,3118,104262,0.029905430549960674
Spain,2012,10+,3036,104262,0.029118950336651895
Spain,2012,10+,2804,104262,0.02689378680631486
Spain,2012,10+,2710,104262,0.02599221192764382
Spain,2012,10+,2789,104262,0.026749918474612035
Spain,2012,10+,2699,104262,0.02588670848439508
Spain,2012,10+,2658,104262,0.02549346837774069
Spain,2012,10+,2454,104262,0.023536859066582264
Spain,2012,10+,2216,104262,0.021254148203564097
Spain,2012,10+,2054,104262,0.01970037022117358
Spain,2012,10+,1872,104262,0.01795476779651263
Spain,2012,10+,1656,104262,0.015883063819991942
Spain,2012,10+,1632,104262,0.015652874489267422
Spain,2012,10+,1434,104262,0.013753812510790124
Spain,2012,10+,1218,104262,0.011682108534269436
Spain,2012,10+,1221,104262,0.011710882200610001
Spain,2012,10+,1258,104262,0.012065757418810304
Spain,2012,10+,1144,104262,0.01097235809786883
Spain,2012,10+,1077,104262,0.010329746216262876
Spain,2012,10+,989,104262,0.009485718670272966
Spain,2012,10+,6029,104262,0.05782547812242236
Spain,2011,0-1,761,103290,0.007367605770161681
Spain,2011,0-1,2600,103290,0.025171846258108237
Spain,2011,1-2,4002,103290,0.03874528027882661
Spain,2011,3-4,4930,103290,0.04772969309710524
Spain,2011,3-4,5179,103290,0.050140381450285605
Spain,2011,5-9,4950,103290,0.04792332268370607
Spain,2011,5-9,4798,103290,0.04645173782553974
Spain,2011,5-9,4422,103290,0.04281150159744409
Spain,2011,5-9,4342,103290,0.04203698325104076
Spain,2011,5-9,4075,103290,0.03945202826991964
Spain,2011,10+,3951,103290,0.03825152483299448
Spain,2011,10+,3780,103290,0.03659599186755736
Spain,2011,10+,3531,103290,0.034185303514377
Spain,2011,10+,3311,103290,0.032055378061767836
Spain,2011,10+,3236,103290,0.03132926711201472
Spain,2011,10+,2943,103290,0.028492593668312517
Spain,2011,10+,2948,103290,0.028541001064962726
Spain,2011,10+,2789,103290,0.02700164585148611
Spain,2011,10+,2779,103290,0.02690483105818569
Spain,2011,10+,2784,103290,0.0269532384548359
Spain,2011,10+,2807,103290,0.027175912479426856
Spain,2011,10+,2520,103290,0.02439732791170491
Spain,2011,10+,2476,103290,0.023971342821183076
Spain,2011,10+,2210,103290,0.021396069319392003
Spain,2011,10+,2057,103290,0.019914802981895633
Spain,2011,10+,1697,103290,0.016429470423080645
Spain,2011,10+,1599,103290,0.015480685448736566
Spain,2011,10+,1585,103290,0.015345144738115985
Spain,2011,10+,1404,103290,0.013592796979378449
Spain,2011,10+,1315,103290,0.012731145319004744
Spain,2011,10+,1288,103290,0.01246974537709362
Spain,2011,10+,1247,103290,0.012072804724561913
Spain,2011,10+,1221,103290,0.011821086261980831
Spain,2011,10+,1075,103290,0.010407590279794753
Spain,2011,10+,1002,103290,0.009700842288701713
Spain,2011,10+,5676,103290,0.054952076677316296
Spain,2010,0-1,816,102690,0.0079462459830558
Spain,2010,0-1,2888,102690,0.028123478430226896
Spain,2010,1-2,4478,102690,0.043606972441328266
Spain,2010,3-4,5009,102690,0.04877787515824326
Spain,2010,3-4,4966,102690,0.04835913915668517
Spain,2010,5-9,4931,102690,0.04801830752750998
Spain,2010,5-9,4821,102690,0.04694712240724511
Spain,2010,5-9,4386,102690,0.04271107215892492
Spain,2010,5-9,4102,102690,0.03994546693933197
Spain,2010,5-9,4001,102690,0.03896192423799786
Spain,2010,10+,3922,102690,0.03819261856071672
Spain,2010,10+,3643,102690,0.035475703573863086
Spain,2010,10+,3399,102690,0.033099620216184636
Spain,2010,10+,3196,102690,0.031122796766968545
Spain,2010,10+,3120,102690,0.030382705229330995
Spain,2010,10+,3050,102690,0.02970104197098062
Spain,2010,10+,2901,102690,0.02825007303534911
Spain,2010,10+,3019,102690,0.029399162527996885
Spain,2010,10+,2999,102690,0.029204401597039634
Spain,2010,10+,2802,102690,0.02728600642711072
Spain,2010,10+,2740,102690,0.026682247541143247
Spain,2010,10+,2395,102690,0.023322621482130684
Spain,2010,10+,2349,102690,0.02287467134092901
Spain,2010,10+,2097,102690,0.02042068361086766
Spain,2010,10+,1813,102690,0.01765507839127471
Spain,2010,10+,1691,102690,0.016467036712435486
Spain,2010,10+,1607,102690,0.015649040802415037
Spain,2010,10+,1575,102690,0.015337423312883436
Spain,2010,10+,1446,102690,0.014081215308209173
Spain,2010,10+,1397,102690,0.01360405102736391
Spain,2010,10+,1483,102690,0.014441523030480085
Spain,2010,10+,1294,102690,0.012601032232934073
Spain,2010,10+,1123,102690,0.010935826273249585
Spain,2010,10+,1033,102690,0.010059402083941961
Spain,2010,10+,955,102690,0.009299834453208686
Spain,2010,10+,5243,102690,0.05105657805044308
Spain,2009,0-1,841,98207,0.008563544350199069
Spain,2009,0-1,2886,98207,0.029386907246937592
Spain,2009,1-2,4008,98207,0.04081175476289878
Spain,2009,3-4,4633,98207,0.047175863227672164
Spain,2009,3-4,4517,98207,0.04599468469661022
Spain,2009,5-9,4678,98207,0.047634079037135846
Spain,2009,5-9,4381,98207,0.04460985469467553
Spain,2009,5-9,4035,98207,0.041086684248576984
Spain,2009,5-9,4019,98207,0.04092376307187879
Spain,2009,5-9,4090,98207,0.041646725793477044
Spain,2009,10+,3722,98207,0.037899538729418474
Spain,2009,10+,3389,98207,0.034508741739387214
Spain,2009,10+,3239,98207,0.0329813557078416
Spain,2009,10+,3102,98207,0.031586343132363276
Spain,2009,10+,2983,98207,0.030374616880670422
Spain,2009,10+,2871,98207,0.029234168643783028
Spain,2009,10+,2993,98207,0.030476442616106793
Spain,2009,10+,2839,98207,0.028908326290386633
Spain,2009,10+,2963,98207,0.030170965409797672
Spain,2009,10+,2840,98207,0.02891850886393027
Spain,2009,10+,2481,98207,0.025262964961764438
Spain,2009,10+,2333,98207,0.023755944077306097
Spain,2009,10+,2212,98207,0.022523852678525972
Spain,2009,10+,2043,98207,0.020802997749651247
Spain,2009,10+,1822,98207,0.018552648996507378
Spain,2009,10+,1646,98207,0.01676051605282719
Spain,2009,10+,1610,98207,0.016393943405256243
Spain,2009,10+,1498,98207,0.015253495168368854
Spain,2009,10+,1501,98207,0.015284042888999766
Spain,2009,10+,1480,98207,0.01507020884458338
Spain,2009,10+,1370,98207,0.013950125754783264
Spain,2009,10+,1308,98207,0.013318806195077745
Spain,2009,10+,1102,98207,0.011221196045088436
Spain,2009,10+,1035,98207,0.010538963617664729
Spain,2009,10+,894,98207,0.009103220748011853
Spain,2009,10+,4843,98207,0.04931420367183602
Spain,2008,0-1,1019,109922,0.009270209785120357
Spain,2008,0-1,3087,109922,0.028083550153745383
Spain,2008,1-2,4408,109922,0.040101162642601114
Spain,2008,3-4,4929,109922,0.044840887174541946
Spain,2008,3-4,4981,109922,0.045313949891741416
Spain,2008,5-9,4918,109922,0.04474081621513437
Spain,2008,5-9,4545,109922,0.04134750095522279
Spain,2008,5-9,4770,109922,0.04339440694310511
Spain,2008,5-9,4662,109922,0.0424118920689216
Spain,2008,5-9,4330,109922,0.03939156856680191
Spain,2008,10+,4106,109922,0.03735375993886574
Spain,2008,10+,3834,109922,0.03487927803351468
Spain,2008,10+,3692,109922,0.03358745292116228
Spain,2008,10+,3576,109922,0.03253215916740962
Spain,2008,10+,3552,109922,0.03231382252870217
Spain,2008,10+,3472,109922,0.03158603373301068
Spain,2008,10+,3485,109922,0.031704299412310545
Spain,2008,10+,3443,109922,0.031322210294572515
Spain,2008,10+,3233,109922,0.029411764705882353
Spain,2008,10+,2919,109922,0.026555193682793254
Spain,2008,10+,2849,109922,0.0259183784865632
Spain,2008,10+,2727,109922,0.024808500573133677
Spain,2008,10+,2437,109922,0.022170266188752025
Spain,2008,10+,2195,109922,0.019968705081785266
Spain,2008,10+,2067,109922,0.018804243008678882
Spain,2008,10+,1940,109922,0.01764887829551864
Spain,2008,10+,1887,109922,0.01716671821837303
Spain,2008,10+,1785,109922,0.016238787503866377
Spain,2008,10+,1884,109922,0.017139426138534596
Spain,2008,10+,1656,109922,0.01506522807081385
Spain,2008,10+,1543,109922,0.014037226396899619
Spain,2008,10+,1329,109922,0.012090391368424883
Spain,2008,10+,1265,109922,0.011508160331871692
Spain,2008,10+,1103,109922,0.010034388020596422
Spain,2008,10+,996,109922,0.009060970506359055
Spain,2008,10+,5298,109922,0.048197812994668944
Spain,2007,0-1,1095,125721,0.008709762092251891
Spain,2007,0-1,3603,125721,0.028658696637793208
Spain,2007,1-2,4838,125721,0.03848203561855219
Spain,2007,3-4,5563,125721,0.044248773076892484
Spain,2007,3-4,5838,125721,0.0464361562507457
Spain,2007,5-9,5523,125721,0.04393060825160475
Spain,2007,5-9,5727,125721,0.04555324886057222
Spain,2007,5-9,5781,125721,0.04598277137471067
Spain,2007,5-9,5319,125721,0.04230796764263727
Spain,2007,5-9,4915,125721,0.03909450290723109
Spain,2007,10+,4663,125721,0.037090064507918324
Spain,2007,10+,4362,125721,0.03469587419762808
Spain,2007,10+,4107,125721,0.03266757343641874
Spain,2007,10+,4004,125721,0.0318482990113028
Spain,2007,10+,4080,125721,0.03245281217934951
Spain,2007,10+,4320,125721,0.03436180113107595
Spain,2007,10+,4084,125721,0.03248462866187828
Spain,2007,10+,3812,125721,0.03032110784992165
Spain,2007,10+,3561,125721,0.028324623571241082
Spain,2007,10+,3441,125721,0.027370129095377862
Spain,2007,10+,3085,125721,0.02453846215031697
Spain,2007,10+,2931,125721,0.02331352757295917
Spain,2007,10+,2698,125721,0.021460217465658085
Spain,2007,10+,2583,125721,0.020545493592955832
Spain,2007,10+,2449,125721,0.0194796414282419
Spain,2007,10+,2225,125721,0.017697918406630556
Spain,2007,10+,2280,125721,0.018135395041401197
Spain,2007,10+,2370,125721,0.018851265898298615
Spain,2007,10+,2063,125721,0.016409350864215206
Spain,2007,10+,1984,125721,0.01578097533427192
Spain,2007,10+,1700,125721,0.013522005074728963
Spain,2007,10+,1589,125721,0.012639097684555484
Spain,2007,10+,1374,125721,0.01092896174863388
Spain,2007,10+,1264,125721,0.010054008479092593
Spain,2007,10+,1068,125721,0.008495000835182667
Spain,2007,10+,5422,125721,0.0431272420677532
Spain,2006,0-1,945,126952,0.007443758270842523
Spain,2006,0-1,3619,126952,0.028506837229819143
Spain,2006,1-2,5533,126952,0.043583401600604955
Spain,2006,3-4,5953,126952,0.0468917386098683
Spain,2006,3-4,5831,126952,0.04593074547860609
Spain,2006,5-9,6087,126952,0.047947255655680886
Spain,2006,5-9,6090,126952,0.047970886634318484
Spain,2006,5-9,5625,126952,0.04430808494549121
Spain,2006,5-9,5181,126952,0.040810700107127104
Spain,2006,5-9,4738,126952,0.0373211922616422
Spain,2006,10+,4496,126952,0.035414959984876176
Spain,2006,10+,4255,126952,0.03351660470098935
Spain,2006,10+,4076,126952,0.03210662297561283
Spain,2006,10+,4167,126952,0.03282342932761989
Spain,2006,10+,4026,126952,0.031712773331652906
Spain,2006,10+,3868,126952,0.030468208456739556
Spain,2006,10+,3928,126952,0.03094082802949146
Spain,2006,10+,3487,126952,0.02746707416976495
Spain,2006,10+,3375,126952,0.026584850967294727
Spain,2006,10+,3133,126952,0.024678618690528703
Spain,2006,10+,2929,126952,0.023071712143172222
Spain,2006,10+,2516,126952,0.01981851408406327
Spain,2006,10+,2663,126952,0.02097643203730544
Spain,2006,10+,2414,126952,0.019015060810385027
Spain,2006,10+,2421,126952,0.019070199760539416
Spain,2006,10+,2188,126952,0.01723486041968618
Spain,2006,10+,2329,126952,0.01834551641565316
Spain,2006,10+,2026,126952,0.015958787573256035
Spain,2006,10+,1959,126952,0.015431029050349739
Spain,2006,10+,1718,126952,0.013532673766462916
Spain,2006,10+,1658,126952,0.013060054193711009
Spain,2006,10+,1412,126952,0.011122313945428194
Spain,2006,10+,1343,126952,0.010578801436763501
Spain,2006,10+,1119,126952,0.00881435503182305
Spain,2006,10+,843,126952,0.006640304997164282
Spain,2006,10+,4817,126952,0.037943474699098874
Spain,2005,0-1,60,72848,8.236327696024599e-4
Spain,2005,0-1,1569,72848,0.021537996925104327
Spain,2005,1-2,2580,72848,0.03541620909290578
Spain,2005,3-4,3321,72848,0.04558807379749616
Spain,2005,3-4,3523,72848,0.0483609707884911
Spain,2005,5-9,3652,72848,0.05013178124313639
Spain,2005,5-9,3389,72848,0.046521524269712275
Spain,2005,5-9,3242,72848,0.04450362398418625
Spain,2005,5-9,2963,72848,0.040673731605534814
Spain,2005,5-9,2893,72848,0.03971282670766527
Spain,2005,10+,2775,72848,0.03809301559411377
Spain,2005,10+,2408,72848,0.033055128486712056
Spain,2005,10+,2527,72848,0.03468866681309027
Spain,2005,10+,2486,72848,0.03412585108719526
Spain,2005,10+,2408,72848,0.033055128486712056
Spain,2005,10+,2372,72848,0.03256094882495058
Spain,2005,10+,2126,72848,0.029184054469580497
Spain,2005,10+,1870,72848,0.025669887985943333
Spain,2005,10+,1894,72848,0.02599934109378432
Spain,2005,10+,1680,72848,0.023061717548868876
Spain,2005,10+,1576,72848,0.02163408741489128
Spain,2005,10+,1550,72848,0.021277179881396883
Spain,2005,10+,1445,72848,0.019835822534592578
Spain,2005,10+,1374,72848,0.01886119042389633
Spain,2005,10+,1393,72848,0.01912200746760378
Spain,2005,10+,1472,72848,0.020206457280913682
Spain,2005,10+,1365,72848,0.018737645508455962
Spain,2005,10+,1262,72848,0.017323742587305072
Spain,2005,10+,1087,72848,0.014921480342631232
Spain,2005,10+,1026,72848,0.014084120360202065
Spain,2005,10+,876,72848,0.012025038436195915
Spain,2005,10+,827,72848,0.01135240500768724
Spain,2005,10+,687,72848,0.009430595211948166
Spain,2005,10+,646,72848,0.008867779486053152
Spain,2005,10+,497,72848,0.00682242477487371
Spain,2005,10+,2437,72848,0.03345321765868658
Spain,2004,0-1,0,50974,0
Spain,2004,0-1,129,50974,0.0025307019264723192
Spain,2004,1-2,1051,50974,0.02061835445521246
Spain,2004,3-4,1809,50974,0.035488680503786244
Spain,2004,3-4,2394,50974,0.046965119472672345
Spain,2004,5-9,2499,50974,0.04902499313375446
Spain,2004,5-9,2422,50974,0.04751441911562757
Spain,2004,5-9,2297,50974,0.04506218856672029
Spain,2004,5-9,2208,50974,0.0433162004158983
Spain,2004,5-9,2159,50974,0.042354926040726645
Spain,2004,10+,1973,50974,0.0387060069839526
Spain,2004,10+,2029,50974,0.03980460626986307
Spain,2004,10+,1976,50974,0.03876486051712638
Spain,2004,10+,1913,50974,0.03752893632047711
Spain,2004,10+,1766,50974,0.034645113194962135
Spain,2004,10+,1652,50974,0.03240867893435869
Spain,2004,10+,1533,50974,0.030074155451798958
Spain,2004,10+,1436,50974,0.028171224545846904
Spain,2004,10+,1306,50974,0.025620904774983324
Spain,2004,10+,1260,50974,0.024718483932985445
Spain,2004,10+,1192,50974,0.02338447051437988
Spain,2004,10+,1172,50974,0.022992113626554716
Spain,2004,10+,1121,50974,0.02199160356260054
Spain,2004,10+,1151,50974,0.02258013889433829
Spain,2004,10+,1143,50974,0.022423196139208224
Spain,2004,10+,1140,50974,0.02236434260603445
Spain,2004,10+,987,50974,0.01936281241417193
Spain,2004,10+,934,50974,0.018323066661435242
Spain,2004,10+,941,50974,0.01846039157217405
Spain,2004,10+,775,50974,0.015203829403225174
Spain,2004,10+,686,50974,0.013457841252403187
Spain,2004,10+,636,50974,0.012476949032840272
Spain,2004,10+,596,50974,0.01169223525718994
Spain,2004,10+,466,50974,0.009141915486326363
Spain,2004,10+,413,50974,0.008102169733589673
Spain,2004,10+,1926,50974,0.03778396829756346
Spain,2003,0-1,0,45448,0
Spain,2003,0-1,89,45448,0.0019582819926069355
Spain,2003,1-2,997,45448,0.02193715895088893
Spain,2003,3-4,1763,45448,0.038791585988382324
Spain,2003,3-4,2069,45448,0.045524555535997185
Spain,2003,5-9,2216,45448,0.04875902129906706
Spain,2003,5-9,2118,45448,0.04660271079035381
Spain,2003,5-9,2035,45448,0.04477644780848442
Spain,2003,5-9,2085,45448,0.04587660623129731
Spain,2003,5-9,2020,45448,0.044446400281640555
Spain,2003,10+,1930,45448,0.042466115120577366
Spain,2003,10+,1891,45448,0.04160799155078331
Spain,2003,10+,1737,45448,0.038219503608519625
Spain,2003,10+,1759,45448,0.038703573314557295
Spain,2003,10+,1449,45448,0.03188259109311741
Spain,2003,10+,1459,45448,0.03210262277767999
Spain,2003,10+,1312,45448,0.028868157014610103
Spain,2003,10+,1138,45448,0.025039605703221265
Spain,2003,10+,1065,45448,0.02343337440591445
Spain,2003,10+,1105,45448,0.02431350114416476
Spain,2003,10+,1057,45448,0.02325734905826439
Spain,2003,10+,1010,45448,0.022223200140820278
Spain,2003,10+,1072,45448,0.023587396585108257
Spain,2003,10+,1101,45448,0.02422548847033973
Spain,2003,10+,1052,45448,0.023147333215983102
Spain,2003,10+,988,45448,0.021739130434782608
Spain,2003,10+,899,45448,0.019780848442175675
Spain,2003,10+,841,45448,0.018504664671712728
Spain,2003,10+,791,45448,0.017404506248899842
Spain,2003,10+,760,45448,0.016722408026755852
Spain,2003,10+,617,45448,0.013575954937511002
Spain,2003,10+,546,45448,0.012013729977116704
Spain,2003,10+,494,45448,0.010869565217391304
Spain,2003,10+,378,45448,0.008317197676465412
Spain,2003,10+,228,45448,0.005016722408026756
Spain,2003,10+,1726,45448,0.037977468755500794
Spain,2002,0-1,0,41621,0
Spain,2002,0-1,60,41621,0.0014415799716489272
Spain,2002,1-2,918,41621,0.022056173566228587
Spain,2002,3-4,1615,41621,0.03880252757021696
Spain,2002,3-4,1781,41621,0.042790898825112327
Spain,2002,5-9,1935,41621,0.0464909540856779
Spain,2002,5-9,1936,41621,0.046514980418538715
Spain,2002,5-9,1864,41621,0.044785084452560006
Spain,2002,5-9,1948,41621,0.046803296412868504
Spain,2002,5-9,1851,41621,0.044472742125369405
Spain,2002,10+,1945,41621,0.046731217414286055
Spain,2002,10+,1694,41621,0.04070060786622138
Spain,2002,10+,1577,41621,0.03788952692150597
Spain,2002,10+,1452,41621,0.034886235313904036
Spain,2002,10+,1350,41621,0.032435549362100864
Spain,2002,10+,1293,41621,0.03106604838903438
Spain,2002,10+,1154,41621,0.027726388121381035
Spain,2002,10+,1088,41621,0.026140650152567214
Spain,2002,10+,955,41621,0.02294514788207876
Spain,2002,10+,1057,41621,0.025395833833881935
Spain,2002,10+,1050,41621,0.025227649503856225
Spain,2002,10+,1044,41621,0.025083491506691334
Spain,2002,10+,1091,41621,0.02621272915114966
Spain,2002,10+,979,41621,0.023521779870738328
Spain,2002,10+,923,41621,0.022176305230532663
Spain,2002,10+,872,41621,0.020950962254631077
Spain,2002,10+,746,41621,0.01792364431416833
Spain,2002,10+,855,41621,0.02054251459599721
Spain,2002,10+,744,41621,0.0178755916484467
Spain,2002,10+,630,41621,0.015136589702313736
Spain,2002,10+,535,41621,0.012854088080536268
Spain,2002,10+,533,41621,0.012806035414814636
Spain,2002,10+,416,41621,0.009994954470099229
Spain,2002,10+,341,41621,0.00819297950553807
Spain,2002,10+,281,41621,0.006751399533889143
Spain,2002,10+,1524,41621,0.03661613127988275
Spain,2001,0-1,84,39242,0.0021405636817695326
Spain,2001,1-2,826,39242,0.02104887620406707
Spain,2001,3-4,1409,39242,0.03590540747158657
Spain,2001,3-4,1550,39242,0.039498496508842566
Spain,2001,5-9,1759,39242,0.04482442281229295
Spain,2001,5-9,1838,39242,0.04683757198919525
Spain,2001,5-9,1810,39242,0.04612405076193874
Spain,2001,5-9,1813,39242,0.04620049946485908
Spain,2001,5-9,1786,39242,0.045512461138576016
Spain,2001,10+,1680,39242,0.042811273635390654
Spain,2001,10+,1654,39242,0.04214871821008104
Spain,2001,10+,1430,39242,0.03644054839202895
Spain,2001,10+,1406,39242,0.03582895876866622
Spain,2001,10+,1253,39242,0.031930074919728865
Spain,2001,10+,1190,39242,0.030324652158401712
Spain,2001,10+,1066,39242,0.027164772437694308
Spain,2001,10+,1107,39242,0.028209571377605627
Spain,2001,10+,976,39242,0.024871311350084094
Spain,2001,10+,972,39242,0.024769379746190305
Spain,2001,10+,1006,39242,0.0256357983792875
Spain,2001,10+,1030,39242,0.02624738800265022
Spain,2001,10+,1037,39242,0.02642576830946435
Spain,2001,10+,938,39242,0.023902961113093115
Spain,2001,10+,937,39242,0.023877478212119666
Spain,2001,10+,852,39242,0.02171143162937669
Spain,2001,10+,802,39242,0.020437286580704348
Spain,2001,10+,722,39242,0.018398654502828602
Spain,2001,10+,701,39242,0.01786351358238622
Spain,2001,10+,626,39242,0.015952296009377708
Spain,2001,10+,525,39242,0.013378523011059578
Spain,2001,10+,471,39242,0.01200244635849345
Spain,2001,10+,320,39242,0.00815452831150298
Spain,2001,10+,297,39242,0.0075684215891137045
Spain,2001,10+,261,39242,0.006651037154069619
Spain,2001,10+,1508,39242,0.0384282146679578
Sweden,2023,0-1,398,21231,0.018746173048843674
Sweden,2023,0-1,887,21231,0.041778531392774716
Sweden,2023,1-2,898,21231,0.04229664170316989
Sweden,2023,3-4,1115,21231,0.052517545099147474
Sweden,2023,3-4,1243,21231,0.05854646507465498
Sweden,2023,5-9,1286,21231,0.06057180537892704
Sweden,2023,5-9,1233,21231,0.05807545570156846
Sweden,2023,5-9,1202,21231,0.056615326645000234
Sweden,2023,5-9,1080,21231,0.05086901229334464
Sweden,2023,5-9,1017,21231,0.047901653242899536
Sweden,2023,10+,4208,21231,0.19820074419480949
Sweden,2023,10+,2949,21231,0.13890066412321606
Sweden,2023,10+,1651,21231,0.07776364749658518
Sweden,2023,10+,2041,21231,0.09613301304695963
Sweden,2022,0-1,354,21531,0.016441410059913612
Sweden,2022,0-1,751,21531,0.03487994055083368
Sweden,2022,1-2,1091,21531,0.05067112535414054
Sweden,2022,3-4,1304,21531,0.060563838186800424
Sweden,2022,3-4,1345,21531,0.06246806929543449
Sweden,2022,5-9,1371,21531,0.0636756304862756
Sweden,2022,5-9,1338,21531,0.06214295666713111
Sweden,2022,5-9,1203,21531,0.055872927406994566
Sweden,2022,5-9,1094,21531,0.050810459337699135
Sweden,2022,5-9,1006,21531,0.04672332915331383
Sweden,2022,10+,4165,21531,0.19344201384050905
Sweden,2022,10+,2708,21531,0.12577214249222052
Sweden,2022,10+,1626,21531,0.07551901908875575
Sweden,2022,10+,2153,21531,0.09999535553388138
Sweden,2020,0-1,441,25619,0.017213786642726103
Sweden,2020,0-1,1167,25619,0.0455521292790507
Sweden,2020,1-2,1533,25619,0.0598384011866193
Sweden,2020,3-4,1656,25619,0.06463952535227761
Sweden,2020,3-4,1669,25619,0.06514696123970491
Sweden,2020,5-9,1769,25619,0.06905031421991491
Sweden,2020,5-9,1625,25619,0.06342948592841251
Sweden,2020,5-9,1526,25619,0.059565166478004604
Sweden,2020,5-9,1289,25619,0.05031421991490691
Sweden,2020,5-9,1185,25619,0.0462547328154885
Sweden,2020,10+,4812,25619,0.1878293454077052
Sweden,2020,10+,2884,25619,0.11257269994925641
Sweden,2020,10+,1689,25619,0.0659276318357469
Sweden,2020,10+,2359,25619,0.0920800968031539
Sweden,2019,0-1,457,25407,0.017987168890463257
Sweden,2019,0-1,1145,25407,0.04506632030542764
Sweden,2019,1-2,1512,25407,0.05951115834218916
Sweden,2019,3-4,1723,25407,0.06781595623253434
Sweden,2019,3-4,1963,25407,0.07726217184240564
Sweden,2019,5-9,1737,25407,0.0683669854764435
Sweden,2019,5-9,1591,25407,0.06262053764710512
Sweden,2019,5-9,1409,25407,0.055457157476286066
Sweden,2019,5-9,1291,25407,0.05081276813476601
Sweden,2019,5-9,1219,25407,0.04797890345180462
Sweden,2019,10+,4559,25407,0.1794387373558468
Sweden,2019,10+,2730,25407,0.10745070256228599
Sweden,2019,10+,1679,25407,0.06608415003739126
Sweden,2019,10+,2324,25407,0.09147085448892038
Sweden,2018,0-1,427,24958,0.017108742687715364
Sweden,2018,0-1,1222,24958,0.048962256591073006
Sweden,2018,1-2,1613,24958,0.06462857600769292
Sweden,2018,3-4,1795,24958,0.0719208269893421
Sweden,2018,3-4,1843,24958,0.07384405801746935
Sweden,2018,5-9,1702,24958,0.06819456687234554
Sweden,2018,5-9,1503,24958,0.06022117156823464
Sweden,2018,5-9,1374,24958,0.05505248818014264
Sweden,2018,5-9,1215,24958,0.048681785399471114
Sweden,2018,5-9,1117,24958,0.04475518871704463
Sweden,2018,10+,4279,24958,0.17144803269492748
Sweden,2018,10+,2655,24958,0.10637871624328872
Sweden,2018,10+,1553,24958,0.062224537222533856
Sweden,2018,10+,2292,24958,0.09183428159307637
Sweden,2017,0-1,460,24210,0.01900041305245766
Sweden,2017,0-1,1209,24210,0.04993804213135068
Sweden,2017,1-2,1654,24210,0.06831887649731516
Sweden,2017,3-4,1808,24210,0.07467988434531185
Sweden,2017,3-4,2026,24210,0.08368442792234614
Sweden,2017,5-9,1612,24210,0.06658405617513424
Sweden,2017,5-9,1423,24210,0.058777364725320115
Sweden,2017,5-9,1326,24210,0.05477075588599752
Sweden,2017,5-9,1161,24210,0.04795539033457249
Sweden,2017,5-9,1052,24210,0.043453118546055346
Sweden,2017,10+,3947,24210,0.16303180503923997
Sweden,2017,10+,2466,24210,0.10185873605947955
Sweden,2017,10+,1554,24210,0.06418835192069393
Sweden,2017,10+,2222,24210,0.09178025609252376
Sweden,2016,0-1,477,24258,0.019663616126638635
Sweden,2016,0-1,1277,24258,0.05264242724049798
Sweden,2016,1-2,1816,24258,0.07486190122846072
Sweden,2016,3-4,1953,24258,0.08050952263170913
Sweden,2016,3-4,1793,24258,0.07391376040893725
Sweden,2016,5-9,1621,24258,0.0668233160194575
Sweden,2016,5-9,1475,24258,0.060804682991178166
Sweden,2016,5-9,1267,24258,0.052230192101574736
Sweden,2016,5-9,1194,24258,0.04922087558743507
Sweden,2016,5-9,1070,24258,0.044109159864786876
Sweden,2016,10+,3766,24258,0.15524775331849286
Sweden,2016,10+,2370,24258,0.09769972792480831
Sweden,2016,10+,1648,24258,0.06793635089455025
Sweden,2016,10+,2286,24258,0.09423695275785308
Sweden,2015,0-1,543,24876,0.021828268210323205
Sweden,2015,0-1,1439,24876,0.05784692072680495
Sweden,2015,1-2,1862,24876,0.07485126226081364
Sweden,2015,3-4,1945,24876,0.07818781154526451
Sweden,2015,3-4,1953,24876,0.07850940665701882
Sweden,2015,5-9,1768,24876,0.07107251969770059
Sweden,2015,5-9,1539,24876,0.06186685962373372
Sweden,2015,5-9,1329,24876,0.053424987940183306
Sweden,2015,5-9,1156,24876,0.04647049364849654
Sweden,2015,5-9,1021,24876,0.04104357613764271
Sweden,2015,10+,3734,24876,0.15010451841132014
Sweden,2015,10+,2346,24876,0.09430776652194886
Sweden,2015,10+,1686,24876,0.06777616980221901
Sweden,2015,10+,2271,24876,0.0912928123492523
Sweden,2014,0-1,584,26143,0.022338675744941285
Sweden,2014,0-1,1518,26143,0.05806525647400834
Sweden,2014,1-2,1825,26143,0.06980836170294151
Sweden,2014,3-4,2265,26143,0.08663887082584248
Sweden,2014,3-4,2400,26143,0.09180277703400527
Sweden,2014,5-9,1931,26143,0.07386298435527675
Sweden,2014,5-9,1572,26143,0.06013081895727346
Sweden,2014,5-9,1353,26143,0.051753815552920475
Sweden,2014,5-9,1144,26143,0.04375932371954252
Sweden,2014,5-9,1022,26143,0.03909268255364725
Sweden,2014,10+,3599,26143,0.1376659143939104
Sweden,2014,10+,2402,26143,0.09187927934820028
Sweden,2014,10+,2073,26143,0.07929464866312205
Sweden,2014,10+,2161,26143,0.08266075048770226
Sweden,2013,0-1,585,26933,0.021720565848587236
Sweden,2013,0-1,1591,26933,0.05907251327367913
Sweden,2013,1-2,2067,26933,0.07674599933167489
Sweden,2013,3-4,2571,26933,0.0954591022166116
Sweden,2013,3-4,2505,26933,0.09300857683882226
Sweden,2013,5-9,1819,26933,0.06753796457876954
Sweden,2013,5-9,1554,26933,0.057698733895221475
Sweden,2013,5-9,1342,26933,0.049827349348383024
Sweden,2013,5-9,1153,26933,0.04280993576653176
Sweden,2013,5-9,977,26933,0.03627520142576022
Sweden,2013,10+,3695,26933,0.1371922919838117
Sweden,2013,10+,2389,26933,0.08870159284149556
Sweden,2013,10+,2203,26933,0.08179556677681654
Sweden,2013,10+,2482,26933,0.09215460587383507
Sweden,2012,0-1,435,23422,0.018572282469473143
Sweden,2012,0-1,1304,23422,0.05567415250619076
Sweden,2012,1-2,1806,23422,0.07710699342498506
Sweden,2012,3-4,2311,23422,0.09866791905046537
Sweden,2012,3-4,2067,23422,0.08825036290666895
Sweden,2012,5-9,1711,23422,0.07305097771326104
Sweden,2012,5-9,1277,23422,0.05452139014601656
Sweden,2012,5-9,1114,23422,0.04756212108274272
Sweden,2012,5-9,973,23422,0.0415421398684997
Sweden,2012,5-9,835,23422,0.035650243360942704
Sweden,2012,10+,741,23422,0.03163692255144736
Sweden,2012,10+,732,23422,0.03125266843138929
Sweden,2012,10+,673,23422,0.028733669199897532
Sweden,2012,10+,543,23422,0.023183331910169927
Sweden,2012,10+,475,23422,0.0202800785586201
Sweden,2012,10+,470,23422,0.020066604047476733
Sweden,2012,10+,418,23422,0.017846469131585687
Sweden,2012,10+,448,23422,0.019127316198445904
Sweden,2012,10+,389,23422,0.016608316966954147
Sweden,2012,10+,413,23422,0.017632994620442318
Sweden,2012,10+,435,23422,0.018572282469473143
Sweden,2012,10+,433,23422,0.018486892665015797
Sweden,2012,10+,666,23422,0.028434804884296814
Sweden,2012,10+,351,23422,0.014985910682264538
Sweden,2012,10+,291,23422,0.012424216548544104
Sweden,2012,10+,277,23422,0.011826487917342669
Sweden,2012,10+,223,23422,0.009520963196994279
Sweden,2012,10+,164,23422,0.007001963965502519
Sweden,2012,10+,147,23422,0.006276150627615063
Sweden,2012,10+,121,23422,0.005166083169669542
Sweden,2012,10+,128,23422,0.005464947485270258
Sweden,2012,10+,90,23422,0.0038425412005806507
Sweden,2012,10+,95,23422,0.0040560157117240205
Sweden,2012,10+,71,23422,0.0030313380582358464
Sweden,2012,10+,66,23422,0.002817863547092477
Sweden,2012,10+,548,23422,0.023396806421313296
Sweden,2011,0-1,420,23389,0.017957159348411647
Sweden,2011,0-1,1411,23389,0.06032750438240198
Sweden,2011,1-2,1848,23389,0.07901150113301124
Sweden,2011,3-4,2297,23389,0.09820855957928941
Sweden,2011,3-4,1961,23389,0.0838428321005601
Sweden,2011,5-9,1420,23389,0.06071230065415366
Sweden,2011,5-9,1266,23389,0.054128008893069395
Sweden,2011,5-9,1094,23389,0.046774124588481764
Sweden,2011,5-9,897,23389,0.03835136175125059
Sweden,2011,5-9,846,23389,0.03617084954465775
Sweden,2011,10+,816,23389,0.03488819530548549
Sweden,2011,10+,757,23389,0.032365641968446705
Sweden,2011,10+,630,23389,0.02693573902261747
Sweden,2011,10+,522,23389,0.022318183761597332
Sweden,2011,10+,524,23389,0.022403694044208815
Sweden,2011,10+,454,23389,0.019410834152806877
Sweden,2011,10+,447,23389,0.01911154816366668
Sweden,2011,10+,454,23389,0.019410834152806877
Sweden,2011,10+,459,23389,0.019624609859335587
Sweden,2011,10+,430,23389,0.018384710761469067
Sweden,2011,10+,429,23389,0.018341955620163324
Sweden,2011,10+,865,23389,0.036983197229466844
Sweden,2011,10+,413,23389,0.017657873359271454
Sweden,2011,10+,331,23389,0.014151951772200607
Sweden,2011,10+,263,23389,0.01124460216341015
Sweden,2011,10+,245,23389,0.010475009619906793
Sweden,2011,10+,217,23389,0.009277865663346017
Sweden,2011,10+,174,23389,0.007439394587199111
Sweden,2011,10+,151,23389,0.006456026337167044
Sweden,2011,10+,147,23389,0.006285005771944076
Sweden,2011,10+,117,23389,0.005002351532771816
Sweden,2011,10+,114,23389,0.00487408610885459
Sweden,2011,10+,85,23389,0.0036341870109880712
Sweden,2011,10+,71,23389,0.003035615032707683
Sweden,2011,10+,70,23389,0.002992859891401941
Sweden,2011,10+,579,23389,0.024755226816024628
Sweden,2010,0-1,503,23593,0.021319883016148858
Sweden,2010,0-1,1449,23593,0.06141652184970118
Sweden,2010,1-2,1877,23593,0.0795574958674183
Sweden,2010,3-4,2223,23593,0.09422286271351672
Sweden,2010,3-4,1768,23593,0.07493748145636417
Sweden,2010,5-9,1494,23593,0.06332386724876023
Sweden,2010,5-9,1351,23593,0.057262747425083714
Sweden,2010,5-9,1037,23593,0.04395371508498283
Sweden,2010,5-9,904,23593,0.03831644979443055
Sweden,2010,5-9,861,23593,0.036493875301996354
Sweden,2010,10+,786,23593,0.03331496630356462
Sweden,2010,10+,672,23593,0.028483024625948376
Sweden,2010,10+,584,23593,0.024753104734455134
Sweden,2010,10+,553,23593,0.023439155681770015
Sweden,2010,10+,531,23593,0.022506675708896706
Sweden,2010,10+,563,23593,0.02386301021489425
Sweden,2010,10+,504,23593,0.021362268469461283
Sweden,2010,10+,513,23593,0.021743737549273088
Sweden,2010,10+,506,23593,0.02144703937608613
Sweden,2010,10+,467,23593,0.019794006696901623
Sweden,2010,10+,831,23593,0.03522231170262366
Sweden,2010,10+,473,23593,0.020048319416776164
Sweden,2010,10+,378,23593,0.01602170135209596
Sweden,2010,10+,336,23593,0.014241512312974188
Sweden,2010,10+,269,23593,0.011401686941041834
Sweden,2010,10+,243,23593,0.010299665154918832
Sweden,2010,10+,179,23593,0.007586996142923749
Sweden,2010,10+,189,23593,0.00801085067604798
Sweden,2010,10+,160,23593,0.006781672529987708
Sweden,2010,10+,127,23593,0.005382952570677744
Sweden,2010,10+,127,23593,0.005382952570677744
Sweden,2010,10+,117,23593,0.004959098037553512
Sweden,2010,10+,109,23593,0.004620014411054126
Sweden,2010,10+,89,23593,0.003772305344805663
Sweden,2010,10+,82,23593,0.0034756071716187005
Sweden,2010,10+,542,23593,0.02297291569533336
Sweden,2009,0-1,0,22211,0
Sweden,2009,0-1,1313,22211,0.05911485300076539
Sweden,2009,1-2,1632,22211,0.07347710593849895
Sweden,2009,3-4,1801,22211,0.081085948403944
Sweden,2009,3-4,1708,22211,0.07689883391112512
Sweden,2009,5-9,1422,22211,0.06402233127729504
Sweden,2009,5-9,1231,22211,0.05542298860924767
Sweden,2009,5-9,1005,22211,0.04524785016433299
Sweden,2009,5-9,915,22211,0.041195803880959884
Sweden,2009,5-9,837,22211,0.03768403043536986
Sweden,2009,10+,698,22211,0.031425870064382515
Sweden,2009,10+,586,22211,0.026383323578407097
Sweden,2009,10+,563,22211,0.02534780063932286
Sweden,2009,10+,559,22211,0.025167709693395164
Sweden,2009,10+,535,22211,0.024087164017829003
Sweden,2009,10+,513,22211,0.023096663815226688
Sweden,2009,10+,508,22211,0.022871550132817074
Sweden,2009,10+,511,22211,0.023006618342262843
Sweden,2009,10+,528,22211,0.02377200486245554
Sweden,2009,10+,980,22211,0.04412228175228491
Sweden,2009,10+,470,22211,0.021160686146503984
Sweden,2009,10+,405,22211,0.018234208275178965
Sweden,2009,10+,316,22211,0.014227184728287785
Sweden,2009,10+,289,22211,0.013011570843275854
Sweden,2009,10+,248,22211,0.011165638647516997
Sweden,2009,10+,237,22211,0.01067038854621584
Sweden,2009,10+,180,22211,0.008104092566746207
Sweden,2009,10+,180,22211,0.008104092566746207
Sweden,2009,10+,186,22211,0.008374228985637748
Sweden,2009,10+,150,22211,0.006753410472288506
Sweden,2009,10+,105,22211,0.004727387330601954
Sweden,2009,10+,116,22211,0.005222637431903111
Sweden,2009,10+,99,22211,0.004457250911710414
Sweden,2009,10+,88,22211,0.0039620008104092564
Sweden,2009,10+,88,22211,0.0039620008104092564
Sweden,2009,10+,530,22211,0.023862050335419386
Sweden,2008,0-1,462,21377,0.021612012911072648
Sweden,2008,0-1,1320,21377,0.06174860831735042
Sweden,2008,1-2,1468,21377,0.06867193712868971
Sweden,2008,3-4,1657,21377,0.0775132151377649
Sweden,2008,3-4,1682,21377,0.07868269635589653
Sweden,2008,5-9,1332,21377,0.06230995930205361
Sweden,2008,5-9,1070,21377,0.05005379613603406
Sweden,2008,5-9,963,21377,0.04504841652243065
Sweden,2008,5-9,896,21377,0.041914206857837866
Sweden,2008,5-9,700,21377,0.03274547410768583
Sweden,2008,10+,577,21377,0.026991626514478177
Sweden,2008,10+,601,21377,0.028114328483884548
Sweden,2008,10+,582,21377,0.027225522758104505
Sweden,2008,10+,573,21377,0.026804509519577115
Sweden,2008,10+,481,21377,0.02250081863685269
Sweden,2008,10+,543,21377,0.025401132057819152
Sweden,2008,10+,539,21377,0.02521401506291809
Sweden,2008,10+,520,21377,0.024325209337138047
Sweden,2008,10+,1058,21377,0.04949244515133087
Sweden,2008,10+,500,21377,0.023389624362632738
Sweden,2008,10+,457,21377,0.02137811666744632
Sweden,2008,10+,372,21377,0.017401880525798757
Sweden,2008,10+,331,21377,0.015483931328062871
Sweden,2008,10+,311,21377,0.014548346353557562
Sweden,2008,10+,261,21377,0.012209383917294288
Sweden,2008,10+,202,21377,0.009449408242503626
Sweden,2008,10+,201,21377,0.00940262899377836
Sweden,2008,10+,191,21377,0.008934836506525705
Sweden,2008,10+,134,21377,0.006268419329185574
Sweden,2008,10+,147,21377,0.006876549562614025
Sweden,2008,10+,128,21377,0.005987743836833981
Sweden,2008,10+,116,21377,0.005426392852130795
Sweden,2008,10+,99,21377,0.004631145623801282
Sweden,2008,10+,88,21377,0.004116573887823362
Sweden,2008,10+,80,21377,0.0037423398980212376
Sweden,2008,10+,553,21377,0.025868924545071805
Sweden,2007,0-1,389,20669,0.018820455754995403
Sweden,2007,0-1,1073,20669,0.051913493637815084
Sweden,2007,1-2,1402,20669,0.06783105133291402
Sweden,2007,3-4,1636,20669,0.07915235376651024
Sweden,2007,3-4,1588,20669,0.07683003531859306
Sweden,2007,5-9,1348,20669,0.0652184430790072
Sweden,2007,5-9,1095,20669,0.05297788959311046
Sweden,2007,5-9,903,20669,0.043688615801441774
Sweden,2007,5-9,735,20669,0.035560501233731674
Sweden,2007,5-9,645,20669,0.031206154143886982
Sweden,2007,10+,620,20669,0.029996613285596788
Sweden,2007,10+,548,20669,0.026513135613721033
Sweden,2007,10+,569,20669,0.027529149934684794
Sweden,2007,10+,556,20669,0.026900188688373895
Sweden,2007,10+,539,20669,0.026077700904736562
Sweden,2007,10+,516,20669,0.024964923315109584
Sweden,2007,10+,488,20669,0.02361023755382457
Sweden,2007,10+,1135,20669,0.054913154966374764
Sweden,2007,10+,533,20669,0.025787411098746917
Sweden,2007,10+,479,20669,0.0231748028448401
Sweden,2007,10+,444,20669,0.02148144564323383
Sweden,2007,10+,363,20669,0.017562533262373604
Sweden,2007,10+,308,20669,0.014901543374135177
Sweden,2007,10+,309,20669,0.014949925008466786
Sweden,2007,10+,256,20669,0.012385698388891577
Sweden,2007,10+,247,20669,0.011950263679907107
Sweden,2007,10+,236,20669,0.011418065702259422
Sweden,2007,10+,184,20669,0.00890222071701582
Sweden,2007,10+,164,20669,0.007934588030383667
Sweden,2007,10+,124,20669,0.005999322657119358
Sweden,2007,10+,119,20669,0.0057574144854613185
Sweden,2007,10+,122,20669,0.005902559388456142
Sweden,2007,10+,114,20669,0.00551550631380328
Sweden,2007,10+,95,20669,0.004596255261502733
Sweden,2007,10+,70,20669,0.0033867144032125405
Sweden,2007,10+,563,20669,0.02723886012869515
Sweden,2004,0-1,361,20106,0.017954839351437383
Sweden,2004,0-1,1042,20106,0.051825325773400974
Sweden,2004,1-2,1234,20106,0.0613747140157167
Sweden,2004,3-4,1457,20106,0.07246593056798965
Sweden,2004,3-4,1302,20106,0.06475678901820352
Sweden,2004,5-9,1040,20106,0.05172585297921019
Sweden,2004,5-9,914,20106,0.04545906694519049
Sweden,2004,5-9,807,20106,0.04013727245598329
Sweden,2004,5-9,694,20106,0.03451705958420372
Sweden,2004,5-9,681,20106,0.033870486421963594
Sweden,2004,10+,4008,20106,0.19934347955834078
Sweden,2004,10+,2669,20106,0.13274644384760767
Sweden,2004,10+,1711,20106,0.08509897543021984
Sweden,2004,10+,2174,20106,0.10812692728538745
Sweden,1996,0-1,284,21921,0.012955613338807535
Sweden,1996,0-1,821,21921,0.03745267095479221
Sweden,1996,1-2,1189,21921,0.054240226267049864
Sweden,1996,3-4,1287,21921,0.058710825236074994
Sweden,1996,3-4,1365,21921,0.06226905706856439
Sweden,1996,5-9,1229,21921,0.05606496054012135
Sweden,1996,5-9,2408,21921,0.10984900323890333
Sweden,1996,5-9,1217,21921,0.0555175402581999
Sweden,1996,5-9,996,21921,0.04543588339947995
Sweden,1996,5-9,819,21921,0.037361434241138636
Sweden,1996,10+,3074,21921,0.14023082888554353
Sweden,1996,10+,2414,21921,0.11012271337986405
Sweden,1996,10+,4250,21921,0.19387801651384517
Switzerland,2023,0-1,120,15562,0.007711091119393394
Switzerland,2023,0-1,295,15562,0.018956432335175428
Switzerland,2023,1-2,319,15562,0.020498650559054105
Switzerland,2023,3-4,508,15562,0.0326436190720987
Switzerland,2023,3-4,570,15562,0.036627682817118624
Switzerland,2023,5-9,639,15562,0.04106156021076982
Switzerland,2023,5-9,777,15562,0.049929314998072225
Switzerland,2023,5-9,746,15562,0.047937283125562266
Switzerland,2023,5-9,722,15562,0.04639506490168359
Switzerland,2023,5-9,670,15562,0.04305359208327979
Switzerland,2023,10+,3063,15562,0.19682560082251638
Switzerland,2023,10+,2413,15562,0.15505719059246884
Switzerland,2023,10+,1900,15562,0.12209227605706208
Switzerland,2023,10+,2820,15562,0.18121064130574477
Switzerland,2022,0-1,98,16201,0.00604900932041232
Switzerland,2022,0-1,270,16201,0.016665637923584962
Switzerland,2022,1-2,365,16201,0.022529473489290786
Switzerland,2022,3-4,598,16201,0.03691130177149558
Switzerland,2022,3-4,611,16201,0.037713721375223754
Switzerland,2022,5-9,685,16201,0.04228134065798408
Switzerland,2022,5-9,756,16201,0.0466637861860379
Switzerland,2022,5-9,771,16201,0.0475896549595704
Switzerland,2022,5-9,716,16201,0.044194802789951235
Switzerland,2022,5-9,660,16201,0.04073822603542991
Switzerland,2022,10+,3209,16201,0.1980741929510524
Switzerland,2022,10+,2565,16201,0.15832356027405717
Switzerland,2022,10+,1989,16201,0.12277019937040923
Switzerland,2022,10+,2908,16201,0.17949509289550028
Switzerland,2020,0-1,99,16210,0.006107341147439852
Switzerland,2020,0-1,318,16210,0.01961752004935225
Switzerland,2020,1-2,465,16210,0.028685996298581123
Switzerland,2020,3-4,640,16210,0.03948180135718692
Switzerland,2020,3-4,612,16210,0.037754472547809996
Switzerland,2020,5-9,717,16210,0.04423195558297347
Switzerland,2020,5-9,732,16210,0.04515731030228254
Switzerland,2020,5-9,794,16210,0.04898210980876003
Switzerland,2020,5-9,719,16210,0.044355336212214685
Switzerland,2020,5-9,752,16210,0.04639111659469463
Switzerland,2020,10+,3052,16210,0.18827884022208513
Switzerland,2020,10+,2420,16210,0.14929056138186306
Switzerland,2020,10+,1958,16210,0.12078963602714374
Switzerland,2020,10+,2932,16210,0.1808760024676126
Switzerland,2019,0-1,136,16885,0.008054486230381996
Switzerland,2019,0-1,372,16885,0.022031388806633107
Switzerland,2019,1-2,506,16885,0.02996742671009772
Switzerland,2019,3-4,615,16885,0.036422860527095056
Switzerland,2019,3-4,692,16885,0.040983121113414275
Switzerland,2019,5-9,777,16885,0.04601717500740302
Switzerland,2019,5-9,840,16885,0.04974829730530056
Switzerland,2019,5-9,788,16885,0.04666864080544862
Switzerland,2019,5-9,829,16885,0.04909683150725496
Switzerland,2019,5-9,735,16885,0.04352976014213799
Switzerland,2019,10+,3157,16885,0.18697068403908795
Switzerland,2019,10+,2473,16885,0.1464613562333432
Switzerland,2019,10+,1970,16885,0.11667160201362156
Switzerland,2019,10+,2995,16885,0.17737636955877997
Switzerland,2018,0-1,127,16542,0.0076774271551203
Switzerland,2018,0-1,395,16542,0.023878612017893847
Switzerland,2018,1-2,498,16542,0.03010518679724338
Switzerland,2018,3-4,639,16542,0.03862894450489663
Switzerland,2018,3-4,668,16542,0.040382057792286305
Switzerland,2018,5-9,793,16542,0.04793858058275904
Switzerland,2018,5-9,842,16542,0.05090073751662435
Switzerland,2018,5-9,877,16542,0.05301656389795672
Switzerland,2018,5-9,765,16542,0.046245919477693145
Switzerland,2018,5-9,704,16542,0.04255833635594245
Switzerland,2018,10+,3087,16542,0.18661588683351468
Switzerland,2018,10+,2373,16542,0.14345302865433443
Switzerland,2018,10+,1961,16542,0.11854672953693628
Switzerland,2018,10+,2813,16542,0.17005198887679845
Switzerland,2017,0-1,136,15906,0.008550232616622659
Switzerland,2017,0-1,389,15906,0.02445618005783981
Switzerland,2017,1-2,471,15906,0.02961146737080347
Switzerland,2017,3-4,596,15906,0.0374701370551993
Switzerland,2017,3-4,645,15906,0.040550735571482456
Switzerland,2017,5-9,791,15906,0.049729661762856786
Switzerland,2017,5-9,837,15906,0.05262165220671445
Switzerland,2017,5-9,863,15906,0.05425625550106878
Switzerland,2017,5-9,733,15906,0.04608323902929712
Switzerland,2017,5-9,706,15906,0.04438576637746762
Switzerland,2017,10+,2928,15906,0.1840814786872878
Switzerland,2017,10+,2235,15906,0.14051301395699736
Switzerland,2017,10+,1922,15906,0.12083490506727021
Switzerland,2017,10+,2654,15906,0.16685527473909217
Switzerland,2016,0-1,143,17028,0.008397932816537468
Switzerland,2016,0-1,386,17028,0.02266854592435988
Switzerland,2016,1-2,513,17028,0.030126849894291756
Switzerland,2016,3-4,628,17028,0.03688043222926944
Switzerland,2016,3-4,733,17028,0.04304674653511863
Switzerland,2016,5-9,869,17028,0.05103359173126615
Switzerland,2016,5-9,888,17028,0.05214940098661029
Switzerland,2016,5-9,844,17028,0.049565421658444915
Switzerland,2016,5-9,837,17028,0.04915433403805497
Switzerland,2016,5-9,792,17028,0.046511627906976744
Switzerland,2016,10+,3195,17028,0.1876321353065539
Switzerland,2016,10+,2413,17028,0.14170777542870566
Switzerland,2016,10+,2033,17028,0.11939159032182288
Switzerland,2016,10+,2754,17028,0.16173361522198731
Switzerland,2015,0-1,132,16982,0.0077729360499352255
Switzerland,2015,0-1,415,16982,0.02443763985396302
Switzerland,2015,1-2,496,16982,0.029207396066423273
Switzerland,2015,3-4,703,16982,0.041396773053821695
Switzerland,2015,3-4,740,16982,0.043575550582970204
Switzerland,2015,5-9,863,16982,0.050818513720409846
Switzerland,2015,5-9,970,16982,0.05711930279119067
Switzerland,2015,5-9,880,16982,0.05181957366623484
Switzerland,2015,5-9,832,16982,0.04899305146625839
Switzerland,2015,5-9,788,16982,0.04640207278294665
Switzerland,2015,10+,3051,16982,0.17966081733600284
Switzerland,2015,10+,2352,16982,0.13849958779884583
Switzerland,2015,10+,1988,16982,0.1170651277823578
Switzerland,2015,10+,2170,16982,0.12778235779060182
Switzerland,2014,0-1,142,16756,0.00847457627118644
Switzerland,2014,0-1,393,16756,0.02345428503222726
Switzerland,2014,1-2,512,16756,0.030556218667939842
Switzerland,2014,3-4,691,16756,0.041238959178801625
Switzerland,2014,3-4,735,16756,0.0438648842205777
Switzerland,2014,5-9,834,16756,0.04977321556457388
Switzerland,2014,5-9,937,16756,0.05592026736691334
Switzerland,2014,5-9,923,16756,0.05508474576271186
Switzerland,2014,5-9,777,16756,0.04637144903318215
Switzerland,2014,5-9,785,16756,0.0468488899498687
Switzerland,2014,10+,2942,16756,0.17557889711148245
Switzerland,2014,10+,2251,16756,0.13433993793268084
Switzerland,2014,10+,2086,16756,0.12449271902602053
Switzerland,2014,10+,2748,16756,0.16400095488183336
Switzerland,2013,0-1,141,17119,0.00823646241018751
Switzerland,2013,0-1,349,17119,0.020386704830889654
Switzerland,2013,1-2,567,17119,0.033121093521817864
Switzerland,2013,3-4,682,17119,0.03983877562941761
Switzerland,2013,3-4,730,17119,0.042642677726502716
Switzerland,2013,5-9,941,17119,0.05496816402827268
Switzerland,2013,5-9,1066,17119,0.062269992406098484
Switzerland,2013,5-9,944,17119,0.0551434079093405
Switzerland,2013,5-9,854,17119,0.04988609147730592
Switzerland,2013,5-9,749,17119,0.04375255563993224
Switzerland,2013,10+,3079,17119,0.1798586366026053
Switzerland,2013,10+,2248,17119,0.1313160815468193
Switzerland,2013,10+,2143,17119,0.12518254570944565
Switzerland,2013,10+,2626,17119,0.15339681056136456
Switzerland,2012,0-1,120,17550,0.006837606837606838
Switzerland,2012,0-1,383,17550,0.021823361823361823
Switzerland,2012,1-2,569,17550,0.032421652421652424
Switzerland,2012,3-4,689,17550,0.03925925925925926
Switzerland,2012,3-4,762,17550,0.04341880341880342
Switzerland,2012,5-9,967,17550,0.0550997150997151
Switzerland,2012,5-9,1116,17550,0.06358974358974359
Switzerland,2012,5-9,992,17550,0.056524216524216526
Switzerland,2012,5-9,875,17550,0.04985754985754986
Switzerland,2012,5-9,785,17550,0.04472934472934473
Switzerland,2012,10+,725,17550,0.04131054131054131
Switzerland,2012,10+,644,17550,0.036695156695156696
Switzerland,2012,10+,628,17550,0.035783475783475786
Switzerland,2012,10+,541,17550,0.030826210826210825
Switzerland,2012,10+,537,17550,0.030598290598290598
Switzerland,2012,10+,502,17550,0.028603988603988603
Switzerland,2012,10+,466,17550,0.026552706552706553
Switzerland,2012,10+,477,17550,0.02717948717948718
Switzerland,2012,10+,519,17550,0.029572649572649573
Switzerland,2012,10+,477,17550,0.02717948717948718
Switzerland,2012,10+,499,17550,0.028433048433048433
Switzerland,2012,10+,435,17550,0.024786324786324785
Switzerland,2012,10+,423,17550,0.024102564102564103
Switzerland,2012,10+,428,17550,0.024387464387464388
Switzerland,2012,10+,369,17550,0.021025641025641025
Switzerland,2012,10+,314,17550,0.017891737891737893
Switzerland,2012,10+,290,17550,0.016524216524216526
Switzerland,2012,10+,266,17550,0.015156695156695156
Switzerland,2012,10+,230,17550,0.013105413105413105
Switzerland,2012,10+,176,17550,0.010028490028490029
Switzerland,2012,10+,172,17550,0.0098005698005698
Switzerland,2012,10+,165,17550,0.009401709401709401
Switzerland,2012,10+,138,17550,0.007863247863247864
Switzerland,2012,10+,109,17550,0.006210826210826211
Switzerland,2012,10+,103,17550,0.005868945868945869
Switzerland,2012,10+,659,17550,0.03754985754985755
Switzerland,2011,0-1,132,17566,0.007514516679949903
Switzerland,2011,0-1,398,17566,0.022657406353182283
Switzerland,2011,1-2,512,17566,0.029147216213139017
Switzerland,2011,3-4,676,17566,0.03848343390641011
Switzerland,2011,3-4,733,17566,0.041728338836388476
Switzerland,2011,5-9,928,17566,0.05282932938631447
Switzerland,2011,5-9,1179,17566,0.06711829670955255
Switzerland,2011,5-9,1012,17566,0.05761129454628259
Switzerland,2011,5-9,905,17566,0.05151998178298987
Switzerland,2011,5-9,786,17566,0.0447455311397017
Switzerland,2011,10+,730,17566,0.04155755436638962
Switzerland,2011,10+,684,17566,0.03893885915974041
Switzerland,2011,10+,580,17566,0.033018330866446545
Switzerland,2011,10+,516,17566,0.02937492883980417
Switzerland,2011,10+,549,17566,0.03125355800979164
Switzerland,2011,10+,529,17566,0.0301149948764659
Switzerland,2011,10+,511,17566,0.02909028805647273
Switzerland,2011,10+,484,17566,0.02755322782648298
Switzerland,2011,10+,485,17566,0.027610155983149264
Switzerland,2011,10+,507,17566,0.028862575429807583
Switzerland,2011,10+,459,17566,0.0261300239098258
Switzerland,2011,10+,489,17566,0.027837868609814412
Switzerland,2011,10+,436,17566,0.024820676306501196
Switzerland,2011,10+,401,17566,0.022828190823181146
Switzerland,2011,10+,355,17566,0.020209495616531938
Switzerland,2011,10+,313,17566,0.017818513036547877
Switzerland,2011,10+,263,17566,0.01497210520323352
Switzerland,2011,10+,259,17566,0.014744392576568371
Switzerland,2011,10+,246,17566,0.014004326539906638
Switzerland,2011,10+,186,17566,0.01058863713992941
Switzerland,2011,10+,174,17566,0.009905499259933963
Switzerland,2011,10+,168,17566,0.00956393031993624
Switzerland,2011,10+,106,17566,0.006034384606626438
Switzerland,2011,10+,99,17566,0.005635887509962427
Switzerland,2011,10+,100,17566,0.005692815666628714
Switzerland,2011,10+,676,17566,0.03848343390641011
Switzerland,2010,0-1,151,22081,0.006838458403152031
Switzerland,2010,0-1,434,22081,0.019654906933562793
Switzerland,2010,1-2,660,22081,0.029889950636293645
Switzerland,2010,3-4,842,22081,0.03813233096327159
Switzerland,2010,3-4,903,22081,0.04089488700692903
Switzerland,2010,5-9,1201,22081,0.05439065259725556
Switzerland,2010,5-9,1538,22081,0.06965264254336308
Switzerland,2010,5-9,1285,22081,0.058194828132783843
Switzerland,2010,5-9,1115,22081,0.05049590145373851
Switzerland,2010,5-9,1007,22081,0.045604818622345
Switzerland,2010,10+,983,22081,0.04451791132647978
Switzerland,2010,10+,816,22081,0.0369548480594176
Switzerland,2010,10+,735,22081,0.03328653593587247
Switzerland,2010,10+,703,22081,0.03183732620805217
Switzerland,2010,10+,633,22081,0.02866717992844527
Switzerland,2010,10+,622,22081,0.028169014084507043
Switzerland,2010,10+,610,22081,0.02762556043657443
Switzerland,2010,10+,681,22081,0.030840994520175715
Switzerland,2010,10+,684,22081,0.03097685793215887
Switzerland,2010,10+,675,22081,0.03056926769620941
Switzerland,2010,10+,543,22081,0.02459127756895068
Switzerland,2010,10+,579,22081,0.026221638512748516
Switzerland,2010,10+,577,22081,0.02613106290475975
Switzerland,2010,10+,505,22081,0.022870341017164078
Switzerland,2010,10+,466,22081,0.02110411666138309
Switzerland,2010,10+,388,22081,0.017571667949821113
Switzerland,2010,10+,351,22081,0.015896019202028894
Switzerland,2010,10+,306,22081,0.0138580680222816
Switzerland,2010,10+,288,22081,0.013042887550382682
Switzerland,2010,10+,224,22081,0.010144468094742086
Switzerland,2010,10+,200,22081,0.009057560798876863
Switzerland,2010,10+,161,22081,0.007291336443095874
Switzerland,2010,10+,151,22081,0.006838458403152031
Switzerland,2010,10+,111,22081,0.005026946243376658
Switzerland,2010,10+,126,22081,0.005706263303292424
Switzerland,2010,10+,827,22081,0.03745301390335583
Switzerland,2009,0-1,69,19321,0.0035712437244449047
Switzerland,2009,0-1,347,19321,0.017959732933078
Switzerland,2009,1-2,545,19321,0.02820764970757207
Switzerland,2009,3-4,717,19321,0.037109880440970966
Switzerland,2009,3-4,774,19321,0.04006003830029502
Switzerland,2009,5-9,1060,19321,0.054862584752342014
Switzerland,2009,5-9,1366,19321,0.07070027431292376
Switzerland,2009,5-9,1182,19321,0.06117695771440402
Switzerland,2009,5-9,1003,19321,0.05191242689301796
Switzerland,2009,5-9,880,19321,0.04554629677552922
Switzerland,2009,10+,843,19321,0.04363128202473992
Switzerland,2009,10+,689,19321,0.03566068008902231
Switzerland,2009,10+,674,19321,0.03488432275762124
Switzerland,2009,10+,629,19321,0.032555250763418045
Switzerland,2009,10+,629,19321,0.032555250763418045
Switzerland,2009,10+,620,19321,0.0320894363645774
Switzerland,2009,10+,567,19321,0.029346307126960302
Switzerland,2009,10+,582,19321,0.03012266445836137
Switzerland,2009,10+,562,19321,0.029087521349826614
Switzerland,2009,10+,597,19321,0.030899021789762435
Switzerland,2009,10+,561,19321,0.029035764194399877
Switzerland,2009,10+,508,19321,0.026292634956782777
Switzerland,2009,10+,448,19321,0.02318720563117851
Switzerland,2009,10+,374,19321,0.019357176129599918
Switzerland,2009,10+,370,19321,0.019150147507892967
Switzerland,2009,10+,345,19321,0.017856218622224522
Switzerland,2009,10+,299,19321,0.015475389472594586
Switzerland,2009,10+,262,19321,0.01356037472180529
Switzerland,2009,10+,239,19321,0.012369960146990322
Switzerland,2009,10+,171,19321,0.008850473577972154
Switzerland,2009,10+,176,19321,0.009109259355105844
Switzerland,2009,10+,165,19321,0.008539930645411729
Switzerland,2009,10+,111,19321,0.00574504425236789
Switzerland,2009,10+,115,19321,0.005952072874074841
Switzerland,2009,10+,104,19321,0.005382744164380725
Switzerland,2009,10+,738,19321,0.03819678070493246
Switzerland,2008,0-1,71,19613,0.003620047927395095
Switzerland,2008,0-1,352,19613,0.0179472798653954
Switzerland,2008,1-2,508,19613,0.025901187987559273
Switzerland,2008,3-4,711,19613,0.036251465864477646
Switzerland,2008,3-4,842,19613,0.04293070922347423
Switzerland,2008,5-9,1073,19613,0.05470861163513996
Switzerland,2008,5-9,1341,19613,0.06837301789629327
Switzerland,2008,5-9,1158,19613,0.05904247182990873
Switzerland,2008,5-9,1050,19613,0.053535920053026056
Switzerland,2008,5-9,829,19613,0.042267883546627236
Switzerland,2008,10+,817,19613,0.04165604446030694
Switzerland,2008,10+,724,19613,0.03691429154132463
Switzerland,2008,10+,676,19613,0.03446693519604344
Switzerland,2008,10+,655,19613,0.03339621679498292
Switzerland,2008,10+,654,19613,0.033345230204456226
Switzerland,2008,10+,647,19613,0.03298832407076939
Switzerland,2008,10+,644,19613,0.03283536429918931
Switzerland,2008,10+,624,19613,0.03181563248865548
Switzerland,2008,10+,608,19613,0.03099984704022842
Switzerland,2008,10+,571,19613,0.029113343190740836
Switzerland,2008,10+,557,19613,0.028399530923367153
Switzerland,2008,10+,479,19613,0.02442257686228522
Switzerland,2008,10+,478,19613,0.024371590271758527
Switzerland,2008,10+,455,19613,0.023198898689644625
Switzerland,2008,10+,381,19613,0.019425890990669454
Switzerland,2008,10+,355,19613,0.018100239636975476
Switzerland,2008,10+,294,19613,0.014990057614847296
Switzerland,2008,10+,248,19613,0.012644674450619488
Switzerland,2008,10+,196,19613,0.00999337174323153
Switzerland,2008,10+,196,19613,0.00999337174323153
Switzerland,2008,10+,149,19613,0.00759700198847703
Switzerland,2008,10+,147,19613,0.007495028807423648
Switzerland,2008,10+,149,19613,0.00759700198847703
Switzerland,2008,10+,117,19613,0.005965431091622903
Switzerland,2008,10+,125,19613,0.006373323815836435
Switzerland,2008,10+,732,19613,0.03732218426553816
Switzerland,2007,0-1,67,19882,0.003369882305603058
Switzerland,2007,0-1,342,19882,0.017201488783824565
Switzerland,2007,1-2,573,19882,0.02882003822553063
Switzerland,2007,3-4,801,19882,0.040287697414747005
Switzerland,2007,3-4,798,19882,0.040136807162257315
Switzerland,2007,5-9,1066,19882,0.053616336384669554
Switzerland,2007,5-9,1365,19882,0.06865506488280856
Switzerland,2007,5-9,1268,19882,0.06377628005230862
Switzerland,2007,5-9,960,19882,0.048284880796700534
Switzerland,2007,5-9,849,19882,0.04270194145458203
Switzerland,2007,10+,813,19882,0.04089125842470576
Switzerland,2007,10+,723,19882,0.03636455085001509
Switzerland,2007,10+,692,19882,0.0348053515742883
Switzerland,2007,10+,702,19882,0.03530831908258727
Switzerland,2007,10+,677,19882,0.034050900311839855
Switzerland,2007,10+,636,19882,0.0319887335278141
Switzerland,2007,10+,665,19882,0.033447339301881096
Switzerland,2007,10+,653,19882,0.032843778291922344
Switzerland,2007,10+,580,19882,0.029172115481339904
Switzerland,2007,10+,618,19882,0.03108339201287597
Switzerland,2007,10+,513,19882,0.025802233175736846
Switzerland,2007,10+,517,19882,0.026003420179056432
Switzerland,2007,10+,430,19882,0.021627602856855447
Switzerland,2007,10+,426,19882,0.02142641585353586
Switzerland,2007,10+,380,19882,0.019112765315360627
Switzerland,2007,10+,362,19882,0.018207423800422493
Switzerland,2007,10+,301,19882,0.015139321999798812
Switzerland,2007,10+,259,19882,0.013026858464943164
Switzerland,2007,10+,219,19882,0.01101498843174731
Switzerland,2007,10+,202,19882,0.01015994366763907
Switzerland,2007,10+,156,19882,0.007846293129463836
Switzerland,2007,10+,139,19882,0.0069912483653555985
Switzerland,2007,10+,156,19882,0.007846293129463836
Switzerland,2007,10+,153,19882,0.0076954028769741474
Switzerland,2007,10+,125,19882,0.006287093853737049
Switzerland,2007,10+,696,19882,0.03500653857760789
Switzerland,2004,0-1,80,17949,0.004457072817427155
Switzerland,2004,0-1,378,17949,0.021059669062343307
Switzerland,2004,1-2,579,17949,0.03225806451612903
Switzerland,2004,3-4,736,17949,0.041005069920329824
Switzerland,2004,3-4,777,17949,0.04328931973926124
Switzerland,2004,5-9,1082,17949,0.06028190985570227
Switzerland,2004,5-9,1294,17949,0.07209315282188422
Switzerland,2004,5-9,1095,17949,0.06100618418853418
Switzerland,2004,5-9,950,17949,0.05292773970694746
Switzerland,2004,5-9,910,17949,0.05069920329823389
Switzerland,2004,10+,3623,17949,0.20184968521923227
Switzerland,2004,10+,2474,17949,0.13783497687893476
Switzerland,2004,10+,1756,17949,0.09783274834252605
Switzerland,2004,10+,2215,17949,0.12340520363251435
Switzerland,1996,0-1,124,16172,0.007667573583972298
Switzerland,1996,0-1,548,16172,0.033885728419490474
Switzerland,1996,1-2,811,16172,0.050148404650012364
Switzerland,1996,3-4,1007,16172,0.06226811773435568
Switzerland,1996,3-4,1163,16172,0.07191441998515953
Switzerland,1996,5-9,1293,16172,0.07995300519416275
Switzerland,1996,5-9,1137,16172,0.07030670294335889
Switzerland,1996,5-9,911,16172,0.056331931733860995
Switzerland,1996,5-9,783,16172,0.04841701706653475
Switzerland,1996,5-9,637,16172,0.03938906752411576
Switzerland,1996,10+,2729,16172,0.16874845411822903
Switzerland,1996,10+,1767,16172,0.10926292357160525
Switzerland,1996,10+,3262,16172,0.20170665347514222
Switzerland,1995,0-1,139,15703,0.008851811755715469
Switzerland,1995,0-1,611,15703,0.038909762465770874
Switzerland,1995,1-2,848,15703,0.054002419919760555
Switzerland,1995,3-4,1221,15703,0.07775584283257976
Switzerland,1995,3-4,1109,15703,0.0706234477488378
Switzerland,1995,5-9,1154,15703,0.07348914220212698
Switzerland,1995,5-9,1052,15703,0.06699356810800484
Switzerland,1995,5-9,905,15703,0.057632299560593514
Switzerland,1995,5-9,735,15703,0.04680634273705661
Switzerland,1995,5-9,607,15703,0.03865503406992295
Switzerland,1995,10+,2617,15703,0.16665605298350633
Switzerland,1995,10+,1612,15703,0.10265554352671465
Switzerland,1995,10+,3093,15703,0.19696873208940965
Ukraine,2010,0-1,3957,126068,0.03138782244502967
Ukraine,2010,0-1,8423,126068,0.0668131484595615
Ukraine,2010,1-2,12437,126068,0.098653107846559
Ukraine,2010,3-4,10291,126068,0.08163054859282293
Ukraine,2010,3-4,8780,126068,0.06964495351714947
Ukraine,2010,5-9,29912,126068,0.23726877558143225
Ukraine,2010,10+,17542,126068,0.13914712694736175
Ukraine,2010,10+,13370,126068,0.10605387568613764
Ukraine,2010,10+,21356,126068,0.1694006409239458
Ukraine,2008,0-1,6366,166845,0.038155173963858674
Ukraine,2008,0-1,11187,166845,0.06705025622583835
Ukraine,2008,1-2,12577,166845,0.07538134196409842
Ukraine,2008,3-4,10638,166845,0.06375977703856874
Ukraine,2008,3-4,11083,166845,0.06642692319218436
Ukraine,2008,5-9,39200,166845,0.23494860499265785
Ukraine,2008,10+,26910,166845,0.16128742245796998
Ukraine,2008,10+,19973,166845,0.11970991039587642
Ukraine,2008,10+,28911,166845,0.17328058976894722
Ukraine,2007,0-1,5706,178364,0.03199076046735888
Ukraine,2007,0-1,10431,178364,0.05848153214774282
Ukraine,2007,1-2,11623,178364,0.06516449507748201
Ukraine,2007,3-4,12294,178364,0.06892646498172277
Ukraine,2007,3-4,11385,178364,0.06383014509654415
Ukraine,2007,5-9,42147,178364,0.23629768338902468
Ukraine,2007,10+,30633,178364,0.17174429817676212
Ukraine,2007,10+,22510,178364,0.12620259693660155
Ukraine,2007,10+,31635,178364,0.177362023726761
Ukraine,2004,0-1,5342,173163,0.030849546381155328
Ukraine,2004,0-1,9356,173163,0.0540300179599568
Ukraine,2004,1-2,10774,173163,0.062218834277530416
Ukraine,2004,3-4,10118,173163,0.05843049612215081
Ukraine,2004,3-4,10219,173163,0.05901376160034187
Ukraine,2004,5-9,43334,173163,0.25024976467259175
Ukraine,2004,10+,32750,173163,0.18912816248274747
Ukraine,2004,10+,21205,173163,0.12245687589150107
Ukraine,2004,10+,30065,173163,0.1736225406120245
Ukraine,1995,0-1,10504,198300,0.052970247100353
Ukraine,1995,0-1,15183,198300,0.07656580937972768
Ukraine,1995,1-2,16420,198300,0.08280383257690369
Ukraine,1995,3-4,16567,198300,0.0835451336359052
Ukraine,1995,3-4,15153,198300,0.07641452344931922
Ukraine,1995,5-9,53938,198300,0.2720020171457388
Ukraine,1995,10+,30091,198300,0.15174483106404438
Ukraine,1995,10+,19126,198300,0.09644982349974786
Ukraine,1995,10+,21318,198300,0.10750378214826022
United Kingdom,2021,0-1,10,113505,8.810184573366812e-5
United Kingdom,2021,0-1,1361,113505,0.011990661204352231
United Kingdom,2021,1-2,3328,113505,0.02932029426016475
United Kingdom,2021,3-4,4738,113505,0.041742654508611955
United Kingdom,2021,3-4,5515,113505,0.04858816792211797
United Kingdom,2021,5-9,5911,113505,0.052077001013171226
United Kingdom,2021,5-9,6181,113505,0.05445575084798027
United Kingdom,2021,5-9,6102,113505,0.05375974626668429
United Kingdom,2021,5-9,6283,113505,0.05535438967446368
United Kingdom,2021,5-9,6006,113505,0.05291396854764107
United Kingdom,2021,10+,23839,113505,0.21002599004449143
United Kingdom,2021,10+,17205,113505,0.151579225584776
United Kingdom,2021,10+,11264,113505,0.09923791903440377
United Kingdom,2021,10+,15760,113505,0.13884850887626096
United Kingdom,2020,0-1,29,103592,2.79944397250753e-4
United Kingdom,2020,0-1,1579,103592,0.015242489767549617
United Kingdom,2020,1-2,3252,103592,0.03139238551239478
United Kingdom,2020,3-4,4601,103592,0.0444146266120936
United Kingdom,2020,3-4,5251,103592,0.05068924241254151
United Kingdom,2020,5-9,5647,103592,0.05451193142327593
United Kingdom,2020,5-9,5887,103592,0.05682871264190285
United Kingdom,2020,5-9,5738,103592,0.055390377635338633
United Kingdom,2020,5-9,5699,103592,0.05501390068731176
United Kingdom,2020,5-9,5488,103592,0.05297706386593559
United Kingdom,2020,10+,21318,103592,0.20578809174453624
United Kingdom,2020,10+,15129,103592,0.14604409606919452
United Kingdom,2020,10+,9701,103592,0.09364622750791567
United Kingdom,2020,10+,14273,103592,0.13778090972275853
United Kingdom,2019,0-1,25,108421,2.305826362051632e-4
United Kingdom,2019,0-1,1299,108421,0.01198107377722028
United Kingdom,2019,1-2,3286,108421,0.030307781702806652
United Kingdom,2019,3-4,4457,108421,0.0411082723826565
United Kingdom,2019,3-4,5331,108421,0.049169441344389005
United Kingdom,2019,5-9,5633,108421,0.05195487958974737
United Kingdom,2019,5-9,6105,108421,0.05630827976130086
United Kingdom,2019,5-9,6158,108421,0.0567971149500558
United Kingdom,2019,5-9,5751,108421,0.05304322963263575
United Kingdom,2019,5-9,5445,108421,0.05022089816548455
United Kingdom,2019,10+,22121,108421,0.20402873981977662
United Kingdom,2019,10+,15963,108421,0.1472316248697208
United Kingdom,2019,10+,10628,108421,0.09802529030353899
United Kingdom,2019,10+,16219,108421,0.1495927910644617
United Kingdom,2018,0-1,34,91299,3.724027645428756e-4
United Kingdom,2018,0-1,1235,91299,0.013526982770895628
United Kingdom,2018,1-2,2718,91299,0.029770315118456937
United Kingdom,2018,3-4,3838,91299,0.04203770030339872
United Kingdom,2018,3-4,4313,91299,0.047240385984512426
United Kingdom,2018,5-9,4918,91299,0.053866964588878304
United Kingdom,2018,5-9,5205,91299,0.057010482042519635
United Kingdom,2018,5-9,4968,91299,0.054414615713206056
United Kingdom,2018,5-9,4497,91299,0.04925574212203858
United Kingdom,2018,5-9,4380,91299,0.04797423849111162
United Kingdom,2018,10+,18825,91299,0.20619064830940098
United Kingdom,2018,10+,13067,91299,0.14312314483181635
United Kingdom,2018,10+,9249,91299,0.10130450497814872
United Kingdom,2018,10+,14050,91299,0.15388996593610008
United Kingdom,2017,0-1,44,102007,4.3134294705265324e-4
United Kingdom,2017,0-1,1599,102007,0.015675394825845287
United Kingdom,2017,1-2,3196,102007,0.03133118315409727
United Kingdom,2017,3-4,4496,102007,0.04407540658974384
United Kingdom,2017,3-4,5484,102007,0.053761016400835235
United Kingdom,2017,5-9,6147,102007,0.06026057035301499
United Kingdom,2017,5-9,5624,102007,0.05513347123236641
United Kingdom,2017,5-9,5220,102007,0.05117295871851932
United Kingdom,2017,5-9,4988,102007,0.048898604997696236
United Kingdom,2017,5-9,4894,102007,0.04797709961081102
United Kingdom,2017,10+,20753,102007,0.20344682227690256
United Kingdom,2017,10+,14192,102007,0.13912770692207396
United Kingdom,2017,10+,10111,102007,0.09912064858294038
United Kingdom,2017,10+,15257,102007,0.1495681668905075
United Kingdom,2016,0-1,63,118505,5.316231382642083e-4
United Kingdom,2016,0-1,1723,118505,0.014539470908400489
United Kingdom,2016,1-2,3611,118505,0.030471288131302475
United Kingdom,2016,3-4,5439,118505,0.04589679760347665
United Kingdom,2016,3-4,6650,118505,0.05611577570566643
United Kingdom,2016,5-9,6689,118505,0.05644487574363951
United Kingdom,2016,5-9,6396,118505,0.05397240622758533
United Kingdom,2016,5-9,6030,118505,0.05088392894814565
United Kingdom,2016,5-9,5734,118505,0.04838614404455508
United Kingdom,2016,5-9,5462,118505,0.04609088224125564
United Kingdom,2016,10+,23582,118505,0.1989958229610565
United Kingdom,2016,10+,16240,118505,0.13704063119699592
United Kingdom,2016,10+,12457,118505,0.10511792751360702
United Kingdom,2016,10+,18429,118505,0.1555124256360491
United Kingdom,2011,0-1,38,129764,2.9283930828272864e-4
United Kingdom,2011,0-1,1863,129764,0.014356832403440092
United Kingdom,2011,1-2,4348,129764,0.03350698190561327
United Kingdom,2011,3-4,6343,129764,0.04888104559045652
United Kingdom,2011,3-4,7180,129764,0.05533121667026294
United Kingdom,2011,5-9,7245,129764,0.055832126013378135
United Kingdom,2011,5-9,7670,129764,0.05910730248759286
United Kingdom,2011,5-9,7771,129764,0.05988563854381801
United Kingdom,2011,5-9,6910,129764,0.053250516321938286
United Kingdom,2011,5-9,5989,129764,0.04615301624487531
United Kingdom,2011,10+,5630,129764,0.043386455411362164
United Kingdom,2011,10+,5169,129764,0.039833852224037486
United Kingdom,2011,10+,4858,129764,0.03743719367467094
United Kingdom,2011,10+,4415,129764,0.03402330384390124
United Kingdom,2011,10+,4159,129764,0.03205049166178601
United Kingdom,2011,10+,3802,129764,0.029299343423445638
United Kingdom,2011,10+,3513,129764,0.027072223420979626
United Kingdom,2011,10+,3480,129764,0.026817915600628833
United Kingdom,2011,10+,3379,129764,0.026039579544403686
United Kingdom,2011,10+,3212,129764,0.02475262784747696
United Kingdom,2011,10+,3061,129764,0.02358897691193243
United Kingdom,2011,10+,3067,129764,0.02363521469745076
United Kingdom,2011,10+,2819,129764,0.021724052896026632
United Kingdom,2011,10+,2561,129764,0.019735828118738634
United Kingdom,2011,10+,2391,129764,0.018425757529052744
United Kingdom,2011,10+,2148,129764,0.016553127215560556
United Kingdom,2011,10+,1959,129764,0.0150966369717333
United Kingdom,2011,10+,1786,129764,0.013763447489288247
United Kingdom,2011,10+,1566,129764,0.012068062020282976
United Kingdom,2011,10+,1430,129764,0.011020005548534263
United Kingdom,2011,10+,1353,129764,0.010426620634382417
United Kingdom,2011,10+,1113,129764,0.008577109213649394
United Kingdom,2011,10+,1037,129764,0.007991430597083937
United Kingdom,2011,10+,887,129764,0.0068354859591257975
United Kingdom,2011,10+,758,129764,0.005841373570481798
United Kingdom,2011,10+,4854,129764,0.03740636848432539
United Kingdom,2003,0-1,55,166735,3.298647554502654e-4
United Kingdom,2003,0-1,3352,166735,0.02010375745944163
United Kingdom,2003,1-2,7211,166735,0.043248268210033886
United Kingdom,2003,3-4,8723,166735,0.05231655021441209
United Kingdom,2003,3-4,9440,166735,0.056616787117281915
United Kingdom,2003,5-9,9562,166735,0.057348487120280685
United Kingdom,2003,5-9,9313,166735,0.05585509940924221
United Kingdom,2003,5-9,8821,166735,0.05290430923321438
United Kingdom,2003,5-9,8292,166735,0.04973161003988365
United Kingdom,2003,5-9,7570,166735,0.04540138543197289
United Kingdom,2003,10+,32564,166735,0.19530392539058986
United Kingdom,2003,10+,23119,166735,0.13865715056826702
United Kingdom,2003,10+,16798,166735,0.10074669385551924
United Kingdom,2003,10+,21915,166735,0.1314361111944103
United Kingdom,1996,0-1,123,171729,7.162447810212602e-4
United Kingdom,1996,0-1,5190,171729,0.03022203588211659
United Kingdom,1996,1-2,9308,171729,0.054201678225576345
United Kingdom,1996,3-4,11165,171729,0.06501522748050707
United Kingdom,1996,3-4,11230,171729,0.06539373082007116
United Kingdom,1996,5-9,10899,171729,0.06346627535244484
United Kingdom,1996,5-9,10496,171729,0.06111955464714754
United Kingdom,1996,5-9,9938,171729,0.057870249055197436
United Kingdom,1996,5-9,8940,171729,0.05205876701081355
United Kingdom,1996,5-9,8127,171729,0.04732456370211205
United Kingdom,1996,10+,30159,171729,0.1756197264294324
United Kingdom,1996,10+,21379,171729,0.12449265994677661
United Kingdom,1996,10+,34487,171729,0.2008222257160992
United Kingdom,1995,0-1,144,167748,8.584305028972029e-4
United Kingdom,1995,0-1,5075,167748,0.030253713904189617
United Kingdom,1995,1-2,9355,167748,0.05576817607363426
United Kingdom,1995,3-4,10824,167748,0.06452535946777309
United Kingdom,1995,3-4,11017,167748,0.06567589479457281
United Kingdom,1995,5-9,11178,167748,0.06663566778739538
United Kingdom,1995,5-9,10504,167748,0.06261773612800152
United Kingdom,1995,5-9,9552,167748,0.05694255669218113
United Kingdom,1995,5-9,8612,167748,0.05133891313160217
United Kingdom,1995,5-9,7857,167748,0.04683811431432863
United Kingdom,1995,10+,29782,167748,0.17754011970336456
United Kingdom,1995,10+,20641,167748,0.12304766673820254
United Kingdom,1995,10+,33207,167748,0.19795765076185706
