country,year,duration_std,total_value,value,percent_of_total,continent
Austria,1995,0-1,18204,1625,0.08926609536365634,Europe
Austria,1995,1-2,18204,1412,0.07756537024829707,Europe
Austria,1995,10+,18204,7790,0.42792792792792794,Europe
Austria,1995,3-4,18204,2555,0.1403537684025489,Europe
Austria,1995,5-9,18204,4822,0.26488683805756974,Europe
Austria,1996,0-1,18079,1473,0.08147574533989711,Europe
Austria,1996,1-2,18079,1306,0.07223850876707782,Europe
Austria,1996,10+,18079,7999,0.4424470379998894,Europe
Austria,1996,3-4,18079,2467,0.13645666242601914,Europe
Austria,1996,5-9,18079,4834,0.2673820454671165,Europe
Austria,1997,0-1,18027,1509,0.08370777167581961,Europe
Austria,1997,1-2,18027,1227,0.06806456981194875,Europe
Austria,1997,10+,18027,8063,0.4472735341432296,Europe
Austria,1997,3-4,18027,2513,0.13940200809896267,Europe
Austria,1997,5-9,18027,4715,0.2615521162700394,Europe
Austria,2002,0-1,19918,1440,0.07229641530274124,Europe
Austria,2002,1-2,19918,1260,0.06325936338989858,Europe
Austria,2002,10+,19918,9811,0.4925695350938849,Europe
Austria,2002,3-4,19918,2490,0.12501255146099005,Europe
Austria,2002,5-9,19918,4917,0.2468621347524852,Europe
Austria,2003,0-1,19066,1394,0.07311444456099864,Europe
Austria,2003,1-2,19066,1211,0.06351620686037973,Europe
Austria,2003,10+,19066,9433,0.494755061365782,Europe
Austria,2003,3-4,19066,2521,0.13222490296863526,Europe
Austria,2003,5-9,19066,4507,0.23638938424420433,Europe
Austria,2004,0-1,19590,1618,0.08259315977539561,Europe
Austria,2004,1-2,19590,1443,0.07366003062787137,Europe
Austria,2004,10+,19590,9424,0.4810617662072486,Europe
Austria,2004,3-4,19590,2587,0.13205717202654416,Europe
Austria,2004,5-9,19590,4518,0.23062787136294027,Europe
Austria,2007,0-1,20516,1475,0.07189510625852993,Europe
Austria,2007,1-2,20516,1881,0.09168453889647105,Europe
Austria,2007,10+,20516,9717,0.47363033729771886,Europe
Austria,2007,3-4,20516,3165,0.15426983817508286,Europe
Austria,2007,5-9,20516,4278,0.2085201793721973,Europe
Austria,2008,0-1,19701,1247,0.06329627937668139,Europe
Austria,2008,1-2,19701,1414,0.07177300644637329,Europe
Austria,2008,10+,19701,9592,0.4868788386376326,Europe
Austria,2008,3-4,19701,2957,0.1500939038627481,Europe
Austria,2008,5-9,19701,4491,0.22795797167656465,Europe
Austria,2009,0-1,18806,1237,0.06577687971923854,Europe
Austria,2009,1-2,18806,1093,0.058119749016271406,Europe
Austria,2009,10+,18806,9498,0.5050515792832075,Europe
Austria,2009,3-4,18806,2649,0.14085930022333298,Europe
Austria,2009,5-9,18806,4329,0.2301924917579496,Europe
Austria,2010,0-1,17474,1095,0.06266453015909351,Europe
Austria,2010,1-2,17474,1016,0.058143527526610964,Europe
Austria,2010,10+,17474,9042,0.517454503834268,Europe
Austria,2010,3-4,17474,2102,0.12029300675289001,Europe
Austria,2010,5-9,17474,4219,0.24144443172713745,Europe
Austria,2011,0-1,17295,1086,0.06279271465741544,Europe
Austria,2011,1-2,17295,992,0.05735761780861521,Europe
Austria,2011,10+,17295,9051,0.5233304423243712,Europe
Austria,2011,3-4,17295,1993,0.11523561723041341,Europe
Austria,2011,5-9,17295,4173,0.24128360797918474,Europe
Austria,2012,0-1,17006,1100,0.0646830530401035,Europe
Austria,2012,1-2,17006,982,0.05774432553216512,Europe
Austria,2012,10+,17006,8869,0.5215218158297071,Europe
Austria,2012,3-4,17006,1871,0.11001999294366695,Europe
Austria,2012,5-9,17006,4184,0.24603081265435728,Europe
Austria,2016,0-1,15919,956,0.06005402349393806,Europe
Austria,2016,1-2,15919,976,0.061310383818079024,Europe
Austria,2016,10+,15919,8533,0.5360261322947422,Europe
Austria,2016,3-4,15919,1811,0.11376342735096426,Europe
Austria,2016,5-9,15919,3643,0.22884603304227652,Europe
Austria,2017,0-1,16180,1028,0.06353522867737948,Europe
Austria,2017,1-2,16180,983,0.060754017305315204,Europe
Austria,2017,10+,16180,8473,0.5236711990111248,Europe
Austria,2017,3-4,16180,1977,0.12218788627935723,Europe
Austria,2017,5-9,16180,3719,0.22985166872682325,Europe
Austria,2018,0-1,16304,1023,0.06274533856722277,Europe
Austria,2018,1-2,16304,977,0.059923945044160945,Europe
Austria,2018,10+,16304,8532,0.5233071638861629,Europe
Austria,2018,3-4,16304,1992,0.12217860647693818,Europe
Austria,2018,5-9,16304,3780,0.2318449460255152,Europe
Austria,2019,0-1,16319,1048,0.06421962130032477,Europe
Austria,2019,1-2,16319,985,0.06035909063055334,Europe
Austria,2019,10+,16319,8469,0.5189656228935596,Europe
Austria,2019,3-4,16319,2042,0.12513021631227403,Europe
Austria,2019,5-9,16319,3775,0.23132544886328818,Europe
Austria,2023,0-1,14721,857,0.05821615379389987,Europe
Austria,2023,1-2,14721,683,0.04639630459887236,Europe
Austria,2023,10+,14721,7627,0.5181033897153726,Europe
Austria,2023,3-4,14721,1775,0.12057604782283812,Europe
Austria,2023,5-9,14721,3779,0.25670810406901706,Europe
Belarus,1995,0-1,42119,4357,0.10344500106840143,Europe
Belarus,1995,1-2,42119,3140,0.07455067784135426,Europe
Belarus,1995,10+,42119,16069,0.3815142809658349,Europe
Belarus,1995,3-4,42119,6616,0.1570787530568152,Europe
Belarus,1995,5-9,42119,11936,0.2833875448135046,Europe
Belarus,1996,0-1,34986,4179,0.11944777911164466,Europe
Belarus,1996,1-2,34986,3083,0.0881209626707826,Europe
Belarus,1996,10+,34986,13536,0.3868976161893329,Europe
Belarus,1996,3-4,34986,5422,0.1549762762247756,Europe
Belarus,1996,5-9,34986,8768,0.2506145315268965,Europe
Belarus,1997,0-1,47301,3977,0.08407856070696179,Europe
Belarus,1997,1-2,47301,3069,0.0648823492103761,Europe
Belarus,1997,10+,47301,19699,0.41646053994630133,Europe
Belarus,1997,3-4,47301,6517,0.13777721401238874,Europe
Belarus,1997,5-9,47301,14039,0.296801336123972,Europe
Belarus,2004,0-1,29133,2732,0.09377681666838293,Europe
Belarus,2004,1-2,29133,1974,0.06775821233652558,Europe
Belarus,2004,10+,29133,12870,0.44176706827309237,Europe
Belarus,2004,3-4,29133,4070,0.13970411560773008,Europe
Belarus,2004,5-9,29133,7487,0.25699378711426907,Europe
Belarus,2007,0-1,36146,3276,0.09063243512421845,Europe
Belarus,2007,1-2,36146,2340,0.06473745366015603,Europe
Belarus,2007,10+,36146,15301,0.4233110164333536,Europe
Belarus,2007,3-4,36146,5044,0.13954517788966966,Europe
Belarus,2007,5-9,36146,10185,0.2817739168926022,Europe
Belarus,2008,0-1,36679,3825,0.10428310477384879,Europe
Belarus,2008,1-2,36679,2686,0.07322991357452494,Europe
Belarus,2008,10+,36679,15372,0.41909539518525585,Europe
Belarus,2008,3-4,36679,4931,0.13443659859865317,Europe
Belarus,2008,5-9,36679,9865,0.2689549878677172,Europe
Belarus,2009,0-1,35056,4002,0.11416020082154267,Europe
Belarus,2009,1-2,35056,2907,0.08292446371519854,Europe
Belarus,2009,10+,35056,14252,0.40654952076677314,Europe
Belarus,2009,3-4,35056,4956,0.1413738019169329,Europe
Belarus,2009,5-9,35056,8939,0.2549920127795527,Europe
Belarus,2011,0-1,38584,3999,0.10364399751192203,Europe
Belarus,2011,1-2,38584,3317,0.08596827700601285,Europe
Belarus,2011,10+,38584,15099,0.3913280116110305,Europe
Belarus,2011,3-4,38584,6681,0.17315467551316607,Europe
Belarus,2011,5-9,38584,9488,0.24590503835786853,Europe
Belarus,2012,0-1,39034,4142,0.10611261976738229,Europe
Belarus,2012,1-2,39034,3061,0.07841881436696213,Europe
Belarus,2012,10+,39034,15688,0.4019060306399549,Europe
Belarus,2012,3-4,39034,6325,0.1620382230875647,Europe
Belarus,2012,5-9,39034,9818,0.251524312138136,Europe
Belarus,2014,0-1,34864,4212,0.12081229921982561,Europe
Belarus,2014,1-2,34864,2938,0.08427030748049565,Europe
Belarus,2014,10+,34864,13245,0.3799047728315741,Europe
Belarus,2014,3-4,34864,5283,0.15153166590178982,Europe
Belarus,2014,5-9,34864,9186,0.2634809545663148,Europe
Belarus,2015,0-1,32984,4239,0.12851685665777346,Europe
Belarus,2015,1-2,32984,2900,0.08792141644433665,Europe
Belarus,2015,10+,32984,11962,0.36266068396798445,Europe
Belarus,2015,3-4,32984,5075,0.15386247877758913,Europe
Belarus,2015,5-9,32984,8808,0.26703856415231625,Europe
Belarus,2016,0-1,32628,3970,0.12167463528257938,Europe
Belarus,2016,1-2,32628,2985,0.09148584038249356,Europe
Belarus,2016,10+,32628,11907,0.3649319602795145,Europe
Belarus,2016,3-4,32628,5252,0.16096604143680274,Europe
Belarus,2016,5-9,32628,8514,0.26094152261860976,Europe
Belarus,2017,0-1,32006,3448,0.10772980066237581,Europe
Belarus,2017,1-2,32006,2920,0.09123289383240642,Europe
Belarus,2017,10+,32006,11702,0.36561894644754106,Europe
Belarus,2017,3-4,32006,5303,0.16568768355933264,Europe
Belarus,2017,5-9,32006,8633,0.26973067549834406,Europe
Belarus,2018,0-1,33152,3226,0.09730936293436293,Europe
Belarus,2018,1-2,33152,2698,0.08138272200772201,Europe
Belarus,2018,10+,33152,12478,0.3763875482625483,Europe
Belarus,2018,3-4,33152,5561,0.1677425193050193,Europe
Belarus,2018,5-9,33152,9189,0.2771778474903475,Europe
Belgium,1995,0-1,34983,195,0.005574136008918618,Europe
Belgium,1995,1-2,34983,906,0.025898293456821885,Europe
Belgium,1995,10+,34983,20731,0.5926021210302147,Europe
Belgium,1995,3-4,34983,4235,0.12105879998856588,Europe
Belgium,1995,5-9,34983,8916,0.25486664951547894,Europe
Belgium,2001,0-1,29314,346,0.011803233949648632,Europe
Belgium,2001,1-2,29314,1106,0.03772941256737395,Europe
Belgium,2001,10+,29314,17823,0.6080030019785768,Europe
Belgium,2001,3-4,29314,2940,0.10029337517909531,Europe
Belgium,2001,5-9,29314,7099,0.24217097632530532,Europe
Belgium,2002,0-1,30628,308,0.01005615776413739,Europe
Belgium,2002,1-2,30628,1302,0.04251012145748988,Europe
Belgium,2002,10+,30628,18534,0.6051325584432545,Europe
Belgium,2002,3-4,30628,3258,0.10637325323233643,Europe
Belgium,2002,5-9,30628,7226,0.23592790910278177,Europe
Belgium,2009,0-1,32606,879,0.02695822854689321,Europe
Belgium,2009,1-2,32606,1725,0.0529043734282034,Europe
Belgium,2009,10+,32606,18894,0.5794639023492608,Europe
Belgium,2009,3-4,32606,3898,0.119548549346746,Europe
Belgium,2009,5-9,32606,7210,0.2211249463288965,Europe
Belgium,2010,0-1,28903,782,0.027056014946545342,Europe
Belgium,2010,1-2,28903,1394,0.04823028751340691,Europe
Belgium,2010,10+,28903,16839,0.5826038819499706,Europe
Belgium,2010,3-4,28903,3372,0.1166660900252569,Europe
Belgium,2010,5-9,28903,6516,0.22544372556482026,Europe
Belgium,2017,0-1,23068,772,0.03346627362580198,Europe
Belgium,2017,1-2,23068,944,0.040922490029478065,Europe
Belgium,2017,10+,23068,13498,0.585139587307092,Europe
Belgium,2017,3-4,23068,2093,0.09073174960984914,Europe
Belgium,2017,5-9,23068,5761,0.24973989942777874,Europe
Belgium,2020,0-1,21300,778,0.03652582159624413,Europe
Belgium,2020,1-2,21300,862,0.040469483568075115,Europe
Belgium,2020,10+,21300,12559,0.5896244131455399,Europe
Belgium,2020,3-4,21300,2026,0.09511737089201878,Europe
Belgium,2020,5-9,21300,5061,0.2376056338028169,Europe
Belgium,2021,0-1,22172,705,0.03179686090564676,Europe
Belgium,2021,1-2,22172,984,0.04438029947681761,Europe
Belgium,2021,10+,22172,13182,0.5945336460400505,Europe
Belgium,2021,3-4,22172,2096,0.09453364604005052,Europe
Belgium,2021,5-9,22172,5180,0.2336279992783691,Europe
Belgium,2022,0-1,19363,652,0.03367246810928059,Europe
Belgium,2022,1-2,19363,695,0.03589319836802148,Europe
Belgium,2022,10+,19363,11713,0.6049165935030729,Europe
Belgium,2022,3-4,19363,1871,0.09662758870009812,Europe
Belgium,2022,5-9,19363,4414,0.22796054330424004,Europe
Belgium,2023,0-1,20046,892,0.04449765539259703,Europe
Belgium,2023,1-2,20046,703,0.035069340516811334,Europe
Belgium,2023,10+,20046,11661,0.5817120622568094,Europe
Belgium,2023,3-4,20046,1944,0.09697695300808142,Europe
Belgium,2023,5-9,20046,4824,0.24064651302005388,Europe
Bosnia and Herzegovina,1997,0-1,1835,34,0.018528610354223433,Europe
Bosnia and Herzegovina,1997,1-2,1835,215,0.11716621253405994,Europe
Bosnia and Herzegovina,1997,3-4,1835,161,0.08773841961852862,Europe
Bosnia and Herzegovina,1997,5-9,1835,1352,0.7367847411444142,Europe
Bosnia and Herzegovina,1998,0-1,1964,22,0.01120162932790224,Europe
Bosnia and Herzegovina,1998,1-2,1964,245,0.12474541751527495,Europe
Bosnia and Herzegovina,1998,3-4,1964,191,0.09725050916496945,Europe
Bosnia and Herzegovina,1998,5-9,1964,1432,0.7291242362525459,Europe
Bosnia and Herzegovina,1999,0-1,1995,4,0.0020050125313283208,Europe
Bosnia and Herzegovina,1999,1-2,1995,259,0.12982456140350876,Europe
Bosnia and Herzegovina,1999,3-4,1995,215,0.10776942355889724,Europe
Bosnia and Herzegovina,1999,5-9,1995,1450,0.7268170426065163,Europe
Bosnia and Herzegovina,2000,0-1,1929,84,0.04354587869362364,Europe
Bosnia and Herzegovina,2000,1-2,1929,259,0.13426645930533956,Europe
Bosnia and Herzegovina,2000,3-4,1929,223,0.11560393986521514,Europe
Bosnia and Herzegovina,2000,5-9,1929,1363,0.7065837221358217,Europe
Bosnia and Herzegovina,2001,0-1,2126,93,0.04374412041392286,Europe
Bosnia and Herzegovina,2001,1-2,2126,288,0.1354656632173095,Europe
Bosnia and Herzegovina,2001,3-4,2126,284,0.13358419567262464,Europe
Bosnia and Herzegovina,2001,5-9,2126,1461,0.687206020696143,Europe
Bosnia and Herzegovina,2002,0-1,2272,127,0.055897887323943664,Europe
Bosnia and Herzegovina,2002,1-2,2272,336,0.14788732394366197,Europe
Bosnia and Herzegovina,2002,3-4,2272,277,0.12191901408450705,Europe
Bosnia and Herzegovina,2002,5-9,2272,1532,0.6742957746478874,Europe
Bosnia and Herzegovina,2003,0-1,1918,115,0.05995828988529719,Europe
Bosnia and Herzegovina,2003,1-2,1918,285,0.14859228362878,Europe
Bosnia and Herzegovina,2003,3-4,1918,268,0.1397288842544317,Europe
Bosnia and Herzegovina,2003,5-9,1918,1250,0.6517205422314911,Europe
Bosnia and Herzegovina,2004,0-1,1494,203,0.1358768406961178,Europe
Bosnia and Herzegovina,2004,1-2,1494,121,0.08099062918340026,Europe
Bosnia and Herzegovina,2004,10+,1494,570,0.3815261044176707,Europe
Bosnia and Herzegovina,2004,3-4,1494,248,0.16599732262382866,Europe
Bosnia and Herzegovina,2004,5-9,1494,352,0.23560910307898258,Europe
Bosnia and Herzegovina,2005,0-1,1763,83,0.047078842881452074,Europe
Bosnia and Herzegovina,2005,1-2,1763,293,0.16619398752127057,Europe
Bosnia and Herzegovina,2005,3-4,1763,251,0.14237095859330687,Europe
Bosnia and Herzegovina,2005,5-9,1763,1134,0.6432217810550198,Europe
Bosnia and Herzegovina,2006,0-1,1659,79,0.047619047619047616,Europe
Bosnia and Herzegovina,2006,1-2,1659,272,0.16395418927064498,Europe
Bosnia and Herzegovina,2006,3-4,1659,230,0.13863773357444242,Europe
Bosnia and Herzegovina,2006,5-9,1659,987,0.5949367088607594,Europe
Bosnia and Herzegovina,2007,0-1,1826,224,0.12267250821467689,Europe
Bosnia and Herzegovina,2007,1-2,1826,157,0.0859802847754655,Europe
Bosnia and Herzegovina,2007,10+,1826,701,0.3838992332968237,Europe
Bosnia and Herzegovina,2007,3-4,1826,261,0.1429353778751369,Europe
Bosnia and Herzegovina,2007,5-9,1826,388,0.21248630887185105,Europe
Bosnia and Herzegovina,2008,0-1,1369,78,0.05697589481373265,Europe
Bosnia and Herzegovina,2008,1-2,1369,229,0.1672753834915997,Europe
Bosnia and Herzegovina,2008,3-4,1369,205,0.14974433893352812,Europe
Bosnia and Herzegovina,2008,5-9,1369,857,0.6260043827611396,Europe
Bosnia and Herzegovina,2009,0-1,1402,221,0.15763195435092725,Europe
Bosnia and Herzegovina,2009,1-2,1402,113,0.08059914407988587,Europe
Bosnia and Herzegovina,2009,10+,1402,565,0.4029957203994294,Europe
Bosnia and Herzegovina,2009,3-4,1402,183,0.13052781740370897,Europe
Bosnia and Herzegovina,2009,5-9,1402,320,0.2282453637660485,Europe
Bosnia and Herzegovina,2010,0-1,1676,239,0.1426014319809069,Europe
Bosnia and Herzegovina,2010,1-2,1676,121,0.07219570405727924,Europe
Bosnia and Herzegovina,2010,10+,1676,705,0.42064439140811455,Europe
Bosnia and Herzegovina,2010,3-4,1676,264,0.1575178997613365,Europe
Bosnia and Herzegovina,2010,5-9,1676,347,0.20704057279236276,Europe
Bosnia and Herzegovina,2018,0-1,3091,149,0.04820446457457134,Europe
Bosnia and Herzegovina,2018,1-2,3091,402,0.1300549983824005,Europe
Bosnia and Herzegovina,2018,3-4,3091,328,0.10611452604335167,Europe
Bosnia and Herzegovina,2018,5-9,3091,2212,0.7156260109996765,Europe
Bosnia and Herzegovina,2019,0-1,2790,134,0.04802867383512545,Europe
Bosnia and Herzegovina,2019,1-2,2790,383,0.13727598566308244,Europe
Bosnia and Herzegovina,2019,3-4,2790,301,0.10788530465949821,Europe
Bosnia and Herzegovina,2019,5-9,2790,1972,0.706810035842294,Europe
Bulgaria,1995,0-1,10661,679,0.06369008535784636,Europe
Bulgaria,1995,1-2,10661,596,0.05590469937154113,Europe
Bulgaria,1995,10+,10661,4550,0.42678923177938277,Europe
Bulgaria,1995,3-4,10661,1627,0.15261232529781446,Europe
Bulgaria,1995,5-9,10661,3209,0.30100365819341524,Europe
Bulgaria,1997,0-1,9368,706,0.07536293766011956,Europe
Bulgaria,1997,1-2,9368,447,0.04771562766865926,Europe
Bulgaria,1997,10+,9368,4177,0.4458795900939368,Europe
Bulgaria,1997,3-4,9368,1123,0.11987617421007686,Europe
Bulgaria,1997,5-9,9368,2915,0.3111656703672075,Europe
Bulgaria,2007,0-1,16347,698,0.0426989661711629,Europe
Bulgaria,2007,1-2,16347,593,0.03627576925429742,Europe
Bulgaria,2007,10+,16347,10442,0.6387716400562794,Europe
Bulgaria,2007,3-4,16347,1315,0.08044289472074387,Europe
Bulgaria,2007,5-9,16347,3299,0.20181072979751635,Europe
Bulgaria,2008,0-1,14104,591,0.04190300623936472,Europe
Bulgaria,2008,1-2,14104,494,0.03502552467385139,Europe
Bulgaria,2008,10+,14104,9104,0.6454906409529212,Europe
Bulgaria,2008,3-4,14104,1192,0.08451503119682359,Europe
Bulgaria,2008,5-9,14104,2723,0.19306579693703912,Europe
Bulgaria,2009,0-1,11662,473,0.04055908077516721,Europe
Bulgaria,2009,1-2,11662,491,0.04210255530783742,Europe
Bulgaria,2009,10+,11662,7378,0.6326530612244898,Europe
Bulgaria,2009,3-4,11662,1102,0.09449494083347625,Europe
Bulgaria,2009,5-9,11662,2218,0.19019036185902932,Europe
Bulgaria,2010,0-1,11012,519,0.0471304031965129,Europe
Bulgaria,2010,1-2,11012,500,0.04540501271340356,Europe
Bulgaria,2010,10+,11012,6696,0.6080639302579005,Europe
Bulgaria,2010,3-4,11012,1092,0.09916454776607338,Europe
Bulgaria,2010,5-9,11012,2205,0.2002361060661097,Europe
Bulgaria,2011,0-1,10581,431,0.0407333900387487,Europe
Bulgaria,2011,1-2,10581,434,0.041016917115584535,Europe
Bulgaria,2011,10+,10581,6613,0.6249881863717985,Europe
Bulgaria,2011,3-4,10581,1037,0.09800585955958795,Europe
Bulgaria,2011,5-9,10581,2066,0.19525564691428032,Europe
Bulgaria,2012,0-1,11947,759,0.0635305934544237,Europe
Bulgaria,2012,1-2,11947,668,0.05591361848162719,Europe
Bulgaria,2012,10+,11947,6436,0.5387126475265757,Europe
Bulgaria,2012,3-4,11947,1440,0.12053235121787896,Europe
Bulgaria,2012,5-9,11947,2644,0.22131078931949444,Europe
Bulgaria,2013,0-1,10908,438,0.040154015401540157,Europe
Bulgaria,2013,1-2,10908,383,0.03511184451778511,Europe
Bulgaria,2013,10+,10908,6755,0.6192702603593693,Europe
Bulgaria,2013,3-4,10908,981,0.08993399339933994,Europe
Bulgaria,2013,5-9,10908,2351,0.21552988632196554,Europe
Bulgaria,2014,0-1,10584,420,0.03968253968253968,Europe
Bulgaria,2014,1-2,10584,362,0.03420256991685563,Europe
Bulgaria,2014,10+,10584,6771,0.6397392290249433,Europe
Bulgaria,2014,3-4,10584,783,0.07397959183673469,Europe
Bulgaria,2014,5-9,10584,2248,0.21239606953892667,Europe
Bulgaria,2015,0-1,10483,463,0.04416674616045025,Europe
Bulgaria,2015,1-2,10483,392,0.037393875798912526,Europe
Bulgaria,2015,10+,10483,6714,0.6404655155966803,Europe
Bulgaria,2015,3-4,10483,755,0.07202136792902795,Europe
Bulgaria,2015,5-9,10483,2159,0.20595249451492892,Europe
Bulgaria,2016,0-1,10603,493,0.046496274639253043,Europe
Bulgaria,2016,1-2,10603,370,0.03489578421201547,Europe
Bulgaria,2016,10+,10603,6889,0.649721776855607,Europe
Bulgaria,2016,3-4,10603,814,0.07677072526643403,Europe
Bulgaria,2016,5-9,10603,2037,0.19211543902669057,Europe
Bulgaria,2017,0-1,10411,539,0.05177216405724714,Europe
Bulgaria,2017,1-2,10411,387,0.0371722216885986,Europe
Bulgaria,2017,10+,10411,6816,0.6546921525309769,Europe
Bulgaria,2017,3-4,10411,793,0.07616943617327826,Europe
Bulgaria,2017,5-9,10411,1876,0.18019402554989913,Europe
Bulgaria,2018,0-1,10596,583,0.05502076255190638,Europe
Bulgaria,2018,1-2,10596,420,0.039637599093997736,Europe
Bulgaria,2018,10+,10596,6991,0.6597772744431861,Europe
Bulgaria,2018,3-4,10596,800,0.07550018875047187,Europe
Bulgaria,2018,5-9,10596,1802,0.1700641751604379,Europe
Bulgaria,2019,0-1,10859,583,0.053688184915738096,Europe
Bulgaria,2019,1-2,10859,452,0.04162445897412285,Europe
Bulgaria,2019,10+,10859,7052,0.6494152316051202,Europe
Bulgaria,2019,3-4,10859,983,0.09052398931761672,Europe
Bulgaria,2019,5-9,10859,1789,0.16474813518740217,Europe
Bulgaria,2020,0-1,9015,514,0.05701608430393788,Europe
Bulgaria,2020,1-2,9015,397,0.04403771491957848,Europe
Bulgaria,2020,10+,9015,5746,0.6373821408763173,Europe
Bulgaria,2020,3-4,9015,843,0.0935108153078203,Europe
Bulgaria,2020,5-9,9015,1515,0.16805324459234608,Europe
Bulgaria,2022,0-1,9525,537,0.056377952755905514,Europe
Bulgaria,2022,1-2,9525,438,0.045984251968503934,Europe
Bulgaria,2022,10+,9525,5832,0.6122834645669292,Europe
Bulgaria,2022,3-4,9525,934,0.09805774278215224,Europe
Bulgaria,2022,5-9,9525,1784,0.1872965879265092,Europe
Bulgaria,2023,0-1,9088,599,0.06591109154929578,Europe
Bulgaria,2023,1-2,9088,343,0.037742077464788734,Europe
Bulgaria,2023,10+,9088,5610,0.6172975352112676,Europe
Bulgaria,2023,3-4,9088,810,0.08912852112676056,Europe
Bulgaria,2023,5-9,9088,1726,0.1899207746478873,Europe
Croatia,1995,0-1,4236,243,0.05736543909348442,Europe
Croatia,1995,1-2,4236,203,0.04792256846081209,Europe
Croatia,1995,10+,4236,1811,0.42752596789423986,Europe
Croatia,1995,3-4,4236,436,0.10292728989612843,Europe
Croatia,1995,5-9,4236,1109,0.26180358829084044,Europe
Croatia,1996,0-1,3612,177,0.049003322259136214,Europe
Croatia,1996,1-2,3612,173,0.047895902547065335,Europe
Croatia,1996,10+,3612,1967,0.5445736434108527,Europe
Croatia,1996,3-4,3612,368,0.10188261351052048,Europe
Croatia,1996,5-9,3612,927,0.25664451827242524,Europe
Croatia,1997,0-1,3899,191,0.0489869197230059,Europe
Croatia,1997,1-2,3899,218,0.05591177224929469,Europe
Croatia,1997,10+,3899,2147,0.550654013849705,Europe
Croatia,1997,3-4,3899,413,0.1059245960502693,Europe
Croatia,1997,5-9,3899,930,0.23852269812772506,Europe
Croatia,2004,0-1,4985,255,0.05115346038114343,Europe
Croatia,2004,1-2,4985,228,0.04573721163490471,Europe
Croatia,2004,10+,4985,2873,0.5763289869608826,Europe
Croatia,2004,3-4,4985,542,0.10872617853560682,Europe
Croatia,2004,5-9,4985,1087,0.2180541624874624,Europe
Croatia,2007,0-1,4785,268,0.05600835945663532,Europe
Croatia,2007,1-2,4785,206,0.043051201671891325,Europe
Croatia,2007,10+,4785,2764,0.5776384535005225,Europe
Croatia,2007,3-4,4785,466,0.0973876698014629,Europe
Croatia,2007,5-9,4785,1081,0.225914315569488,Europe
Croatia,2008,0-1,5025,272,0.05412935323383085,Europe
Croatia,2008,1-2,5025,234,0.046567164179104475,Europe
Croatia,2008,10+,5025,2852,0.5675621890547263,Europe
Croatia,2008,3-4,5025,542,0.10786069651741294,Europe
Croatia,2008,5-9,5025,1125,0.22388059701492538,Europe
Croatia,2009,0-1,5076,293,0.05772261623325453,Europe
Croatia,2009,1-2,5076,266,0.05240346729708432,Europe
Croatia,2009,10+,5076,2757,0.543144208037825,Europe
Croatia,2009,3-4,5076,560,0.11032308904649331,Europe
Croatia,2009,5-9,5076,1200,0.2364066193853428,Europe
Croatia,2010,0-1,5058,281,0.05555555555555555,Europe
Croatia,2010,1-2,5058,259,0.051206010280743376,Europe
Croatia,2010,10+,5058,2806,0.5547647291419533,Europe
Croatia,2010,3-4,5058,568,0.11229735073151444,Europe
Croatia,2010,5-9,5058,1144,0.2261763542902333,Europe
Croatia,2011,0-1,5662,277,0.048922642175909574,Europe
Croatia,2011,1-2,5662,290,0.05121865065347934,Europe
Croatia,2011,10+,5662,3280,0.5793006004945249,Europe
Croatia,2011,3-4,5662,623,0.11003179088661251,Europe
Croatia,2011,5-9,5662,1192,0.21052631578947367,Europe
Croatia,2012,0-1,5659,260,0.04594451316487012,Europe
Croatia,2012,1-2,5659,259,0.04576780349885139,Europe
Croatia,2012,10+,5659,3305,0.5840254461919067,Europe
Croatia,2012,3-4,5659,618,0.10920657359957589,Europe
Croatia,2012,5-9,5659,1217,0.2150556635447959,Europe
Croatia,2013,0-1,5992,248,0.04138851802403204,Europe
Croatia,2013,1-2,5992,257,0.04289052069425901,Europe
Croatia,2013,10+,5992,3542,0.5911214953271028,Europe
Croatia,2013,3-4,5992,589,0.0982977303070761,Europe
Croatia,2013,5-9,5992,1356,0.22630173564753003,Europe
Croatia,2014,0-1,6570,268,0.040791476407914765,Europe
Croatia,2014,1-2,6570,276,0.04200913242009133,Europe
Croatia,2014,10+,6570,3874,0.5896499238964993,Europe
Croatia,2014,3-4,6570,647,0.0984779299847793,Europe
Croatia,2014,5-9,6570,1505,0.22907153729071536,Europe
Croatia,2015,0-1,6010,239,0.03976705490848586,Europe
Croatia,2015,1-2,6010,281,0.04675540765391015,Europe
Croatia,2015,10+,6010,3575,0.5948419301164726,Europe
Croatia,2015,3-4,6010,548,0.09118136439267886,Europe
Croatia,2015,5-9,6010,1367,0.22745424292845257,Europe
Croatia,2016,0-1,7036,243,0.034536668561682776,Europe
Croatia,2016,1-2,7036,242,0.03439454235361,Europe
Croatia,2016,10+,7036,4298,0.6108584422967596,Europe
Croatia,2016,3-4,7036,605,0.08598635588402502,Europe
Croatia,2016,5-9,7036,1648,0.23422399090392268,Europe
Croatia,2017,0-1,6265,271,0.04325618515562649,Europe
Croatia,2017,1-2,6265,245,0.03910614525139665,Europe
Croatia,2017,10+,6265,3815,0.6089385474860335,Europe
Croatia,2017,3-4,6265,552,0.08810853950518754,Europe
Croatia,2017,5-9,6265,1382,0.2205905826017558,Europe
Croatia,2018,0-1,6125,329,0.053714285714285714,Europe
Croatia,2018,1-2,6125,257,0.04195918367346939,Europe
Croatia,2018,10+,6125,3750,0.6122448979591837,Europe
Croatia,2018,3-4,6125,510,0.08326530612244898,Europe
Croatia,2018,5-9,6125,1279,0.20881632653061225,Europe
Croatia,2019,0-1,5936,344,0.057951482479784364,Europe
Croatia,2019,1-2,5936,262,0.04413746630727763,Europe
Croatia,2019,10+,5936,3600,0.6064690026954178,Europe
Croatia,2019,3-4,5936,534,0.08995956873315364,Europe
Croatia,2019,5-9,5936,1196,0.20148247978436656,Europe
Croatia,2020,0-1,5153,233,0.04521637880846109,Europe
Croatia,2020,1-2,5153,225,0.04366388511546672,Europe
Croatia,2020,10+,5153,3231,0.6270133902581021,Europe
Croatia,2020,3-4,5153,460,0.0892683873471764,Europe
Croatia,2020,5-9,5153,1004,0.19483795847079372,Europe
Croatia,2021,0-1,5100,272,0.05333333333333334,Europe
Croatia,2021,1-2,5100,200,0.0392156862745098,Europe
Croatia,2021,10+,5100,3167,0.6209803921568627,Europe
Croatia,2021,3-4,5100,491,0.09627450980392156,Europe
Croatia,2021,5-9,5100,970,0.19019607843137254,Europe
Croatia,2022,0-1,4808,205,0.04263727121464226,Europe
Croatia,2022,1-2,4808,171,0.03556572379367721,Europe
Croatia,2022,10+,4808,3030,0.6301996672212978,Europe
Croatia,2022,3-4,4808,416,0.08652246256239601,Europe
Croatia,2022,5-9,4808,986,0.2050748752079867,Europe
Croatia,2023,0-1,4407,168,0.0381211708645337,Europe
Croatia,2023,1-2,4407,162,0.03675970047651463,Europe
Croatia,2023,10+,4407,2817,0.639210347174949,Europe
Croatia,2023,3-4,4407,408,0.09257998638529612,Europe
Croatia,2023,5-9,4407,852,0.1933287950987066,Europe
Czechia,1995,0-1,31135,1388,0.04458005460093143,Europe
Czechia,1995,1-2,31135,2080,0.06680584551148225,Europe
Czechia,1995,10+,31135,13864,0.4452866548899952,Europe
Czechia,1995,3-4,31135,5014,0.16104062951662115,Europe
Czechia,1995,5-9,31135,8789,0.28228681548096995,Europe
Czechia,1996,0-1,33113,1372,0.04143387793313804,Europe
Czechia,1996,1-2,33113,1891,0.057107480445746386,Europe
Czechia,1996,10+,33113,15209,0.45930601274423943,Europe
Czechia,1996,3-4,33113,4754,0.14356899103071302,Europe
Czechia,1996,5-9,33113,9887,0.29858363784616315,Europe
Czechia,1997,0-1,32465,1366,0.042076081934390885,Europe
Czechia,1997,1-2,32465,1639,0.05048513784075158,Europe
Czechia,1997,10+,32465,15301,0.4713075619898352,Europe
Czechia,1997,3-4,32465,4291,0.1321731095025412,Europe
Czechia,1997,5-9,32465,9868,0.30395810873248114,Europe
Czechia,2004,0-1,33060,1283,0.03880822746521476,Europe
Czechia,2004,1-2,33060,1477,0.044676346037507565,Europe
Czechia,2004,10+,33060,19645,0.5942226255293406,Europe
Czechia,2004,3-4,33060,3259,0.09857834240774349,Europe
Czechia,2004,5-9,33060,7396,0.2237144585601936,Europe
Czechia,2007,0-1,31129,1363,0.04378553760159337,Europe
Czechia,2007,1-2,31129,1481,0.04757621510488612,Europe
Czechia,2007,10+,31129,18502,0.5943653827620546,Europe
Czechia,2007,3-4,31129,2776,0.08917729448424298,Europe
Czechia,2007,5-9,31129,6751,0.21687172732821486,Europe
Czechia,2008,0-1,31300,1543,0.04929712460063898,Europe
Czechia,2008,1-2,31300,1429,0.045654952076677316,Europe
Czechia,2008,10+,31300,18591,0.593961661341853,Europe
Czechia,2008,3-4,31300,2977,0.09511182108626198,Europe
Czechia,2008,5-9,31300,6515,0.20814696485623002,Europe
Czechia,2009,0-1,29133,1507,0.051728280643943296,Europe
Czechia,2009,1-2,29133,1449,0.049737411183194316,Europe
Czechia,2009,10+,29133,17225,0.5912539045069165,Europe
Czechia,2009,3-4,29133,2745,0.09422304603027494,Europe
Czechia,2009,5-9,29133,5864,0.2012837675488278,Europe
Czechia,2010,0-1,30783,1319,0.04284832537439496,Europe
Czechia,2010,1-2,30783,1591,0.05168437124386837,Europe
Czechia,2010,10+,30783,18312,0.5948737939771952,Europe
Czechia,2010,3-4,30783,2979,0.0967741935483871,Europe
Czechia,2010,5-9,30783,6010,0.19523763116005588,Europe
Czechia,2011,0-1,28113,1150,0.04090634226158717,Europe
Czechia,2011,1-2,28113,1267,0.04506811795254864,Europe
Czechia,2011,10+,28113,16857,0.5996158360900651,Europe
Czechia,2011,3-4,28113,2832,0.10073631416070856,Europe
Czechia,2011,5-9,28113,5577,0.19837797460249706,Europe
Czechia,2012,0-1,26402,1046,0.03961821074161048,Europe
Czechia,2012,1-2,26402,1121,0.04245890462843724,Europe
Czechia,2012,10+,26402,15721,0.595447314597379,Europe
Czechia,2012,3-4,26402,2654,0.10052268767517612,Europe
Czechia,2012,5-9,26402,5317,0.20138625861677145,Europe
Czechia,2013,0-1,27895,1094,0.03921849793869869,Europe
Czechia,2013,1-2,27895,1109,0.03975622871482345,Europe
Czechia,2013,10+,27895,16684,0.5981000179243592,Europe
Czechia,2013,3-4,27895,2602,0.09327836529844058,Europe
Czechia,2013,5-9,27895,6039,0.21649041046782577,Europe
Czechia,2014,0-1,26764,994,0.03713944104020326,Europe
Czechia,2014,1-2,26764,1021,0.0381482588551786,Europe
Czechia,2014,10+,26764,15983,0.5971827828426244,Europe
Czechia,2014,3-4,26764,2480,0.09266178448662382,Europe
Czechia,2014,5-9,26764,6105,0.22810491705275743,Europe
Czechia,2015,0-1,26083,1025,0.03929762680673236,Europe
Czechia,2015,1-2,26083,999,0.038300808956024994,Europe
Czechia,2015,10+,26083,15556,0.5964037879078327,Europe
Czechia,2015,3-4,26083,2359,0.09044205037764061,Europe
Czechia,2015,5-9,26083,6042,0.23164513284514818,Europe
Czechia,2016,0-1,24996,973,0.03892622819651144,Europe
Czechia,2016,1-2,24996,1039,0.04156665066410626,Europe
Czechia,2016,10+,24996,15025,0.601096175388062,Europe
Czechia,2016,3-4,24996,2164,0.08657385181629061,Europe
Czechia,2016,5-9,24996,5707,0.22831653064490318,Europe
Czechia,2017,0-1,25755,1088,0.042244224422442245,Europe
Czechia,2017,1-2,25755,1010,0.0392156862745098,Europe
Czechia,2017,10+,25755,15619,0.6064453504173947,Europe
Czechia,2017,3-4,25755,2202,0.08549796156086197,Europe
Czechia,2017,5-9,25755,5723,0.22220927975150456,Europe
Czechia,2018,0-1,24313,1103,0.04536667626372722,Europe
Czechia,2018,1-2,24313,1020,0.0419528647225764,Europe
Czechia,2018,10+,24313,14928,0.6139925142927651,Europe
Czechia,2018,3-4,24313,2038,0.08382346892608893,Europe
Czechia,2018,5-9,24313,5049,0.20766668037675318,Europe
Czechia,2019,0-1,24141,1120,0.046394101321403425,Europe
Czechia,2019,1-2,24141,1146,0.047471107244936,Europe
Czechia,2019,10+,24141,14847,0.6150118056418541,Europe
Czechia,2019,3-4,24141,2176,0.09013711113872665,Europe
Czechia,2019,5-9,24141,4784,0.1981690899299946,Europe
Czechia,2020,0-1,21734,916,0.042145946443360637,Europe
Czechia,2020,1-2,21734,966,0.04444648937149167,Europe
Czechia,2020,10+,21734,13438,0.618293917364498,Europe
Czechia,2020,3-4,21734,1977,0.09096346737830129,Europe
Czechia,2020,5-9,21734,4384,0.2017116039385295,Europe
Czechia,2021,0-1,21107,790,0.03742834130857062,Europe
Czechia,2021,1-2,21107,1011,0.04789880134552518,Europe
Czechia,2021,10+,21107,12800,0.606433884493296,Europe
Czechia,2021,3-4,21107,2066,0.09788221916899607,Europe
Czechia,2021,5-9,21107,4413,0.209077557208509,Europe
Czechia,2022,0-1,19846,790,0.03980651012798549,Europe
Czechia,2022,1-2,19846,821,0.04136853774060264,Europe
Czechia,2022,10+,19846,11798,0.5944774765695858,Europe
Czechia,2022,3-4,19846,2139,0.1077799052705835,Europe
Czechia,2022,5-9,19846,4283,0.2158117504786859,Europe
Czechia,2023,0-1,19453,848,0.043592247982316354,Europe
Czechia,2023,1-2,19453,812,0.04174163368118028,Europe
Czechia,2023,10+,19453,11294,0.5805788310286332,Europe
Czechia,2023,3-4,19453,2069,0.10635891636251478,Europe
Czechia,2023,5-9,19453,4411,0.2267516578419781,Europe
Denmark,1995,0-1,12976,808,0.06226880394574599,Europe
Denmark,1995,1-2,12976,821,0.06327065351418003,Europe
Denmark,1995,10+,12976,5647,0.43518803945745993,Europe
Denmark,1995,3-4,12976,2086,0.16075832305795315,Europe
Denmark,1995,5-9,12976,3613,0.2784371146732429,Europe
Denmark,1996,0-1,12776,836,0.0654351909830933,Europe
Denmark,1996,1-2,12776,809,0.06332185347526613,Europe
Denmark,1996,10+,12776,5503,0.43072949279899814,Europe
Denmark,1996,3-4,12776,2046,0.16014402003757044,Europe
Denmark,1996,5-9,12776,3582,0.280369442705072,Europe
Denmark,1997,0-1,12774,830,0.06497573195553467,Europe
Denmark,1997,1-2,12774,801,0.06270549553781118,Europe
Denmark,1997,10+,12774,5601,0.4384687646782527,Europe
Denmark,1997,3-4,12774,1985,0.1553937685924534,Europe
Denmark,1997,5-9,12774,3557,0.27845623923594803,Europe
Denmark,2004,0-1,15774,813,0.051540509699505514,Europe
Denmark,2004,1-2,15774,961,0.06092303791048561,Europe
Denmark,2004,10+,15774,6991,0.44319766704703945,Europe
Denmark,2004,3-4,15774,2591,0.16425763915303665,Europe
Denmark,2004,5-9,15774,4416,0.2799543552681628,Europe
Denmark,2007,0-1,14066,628,0.04464666571875444,Europe
Denmark,2007,1-2,14066,724,0.051471633726716905,Europe
Denmark,2007,10+,14066,6793,0.48293757998009385,Europe
Denmark,2007,3-4,14066,1626,0.11559789563486421,Europe
Denmark,2007,5-9,14066,4080,0.2900611403384047,Europe
Denmark,2008,0-1,14695,763,0.05192242259271861,Europe
Denmark,2008,1-2,14695,784,0.0533514800952705,Europe
Denmark,2008,10+,14695,7124,0.4847907451514121,Europe
Denmark,2008,3-4,14695,1752,0.11922422592718612,Europe
Denmark,2008,5-9,14695,4121,0.280435522286492,Europe
Denmark,2009,0-1,14940,801,0.053614457831325305,Europe
Denmark,2009,1-2,14940,896,0.05997322623828648,Europe
Denmark,2009,10+,14940,7268,0.48647925033467204,Europe
Denmark,2009,3-4,14940,1881,0.12590361445783133,Europe
Denmark,2009,5-9,14940,4094,0.27402945113788485,Europe
Denmark,2010,0-1,14460,791,0.05470262793914246,Europe
Denmark,2010,1-2,14460,851,0.05885200553250346,Europe
Denmark,2010,10+,14460,7030,0.48616874135546334,Europe
Denmark,2010,3-4,14460,1802,0.12461964038727524,Europe
Denmark,2010,5-9,14460,3818,0.2640387275242047,Europe
Denmark,2011,0-1,14484,651,0.04494614747307374,Europe
Denmark,2011,1-2,14484,851,0.05875448771057719,Europe
Denmark,2011,10+,14484,7218,0.4983429991714996,Europe
Denmark,2011,3-4,14484,1767,0.121996685998343,Europe
Denmark,2011,5-9,14484,3858,0.2663628831814416,Europe
Denmark,2012,0-1,15709,648,0.04125023871665924,Europe
Denmark,2012,1-2,15709,856,0.054491056082500475,Europe
Denmark,2012,10+,15709,7812,0.49729454452861416,Europe
Denmark,2012,3-4,15709,2017,0.12839773378318162,Europe
Denmark,2012,5-9,15709,4238,0.2697816538290152,Europe
Denmark,2013,0-1,18875,938,0.049695364238410596,Europe
Denmark,2013,1-2,18875,909,0.048158940397351,Europe
Denmark,2013,10+,18875,9277,0.49149668874172187,Europe
Denmark,2013,3-4,18875,2268,0.12015894039735099,Europe
Denmark,2013,5-9,18875,5345,0.2831788079470199,Europe
Denmark,2014,0-1,19435,1191,0.06128119372266529,Europe
Denmark,2014,1-2,19435,899,0.04625675328016465,Europe
Denmark,2014,10+,19435,9702,0.49920246977103166,Europe
Denmark,2014,3-4,19435,2039,0.10491381528170826,Europe
Denmark,2014,5-9,19435,5400,0.2778492410599434,Europe
Denmark,2015,0-1,16343,1109,0.06785779844581778,Europe
Denmark,2015,1-2,16343,755,0.046197148626323195,Europe
Denmark,2015,10+,16343,8415,0.5148993452854433,Europe
Denmark,2015,3-4,16343,1497,0.09159884966040506,Europe
Denmark,2015,5-9,16343,4418,0.2703298048093985,Europe
Denmark,2016,0-1,17222,1328,0.07711067239577285,Europe
Denmark,2016,1-2,17222,882,0.05121356404598769,Europe
Denmark,2016,10+,17222,8951,0.5197421902218093,Europe
Denmark,2016,3-4,17222,1586,0.09209151085820462,Europe
Denmark,2016,5-9,17222,4333,0.2515967947973522,Europe
Denmark,2017,0-1,15265,1341,0.08784801834261383,Europe
Denmark,2017,1-2,15265,787,0.05155584670815591,Europe
Denmark,2017,10+,15265,7899,0.5174582377988863,Europe
Denmark,2017,3-4,15265,1462,0.09577464788732394,Europe
Denmark,2017,5-9,15265,3626,0.23753684900098265,Europe
Denmark,2018,0-1,15034,1379,0.09172542237594786,Europe
Denmark,2018,1-2,15034,810,0.0538778768125582,Europe
Denmark,2018,10+,15034,7853,0.5223493414926167,Europe
Denmark,2018,3-4,15034,1538,0.10230145004656113,Europe
Denmark,2018,5-9,15034,3363,0.2236929626180657,Europe
Denmark,2019,0-1,10530,944,0.08964862298195632,Europe
Denmark,2019,1-2,10530,578,0.05489078822412156,Europe
Denmark,2019,10+,10530,5493,0.5216524216524216,Europe
Denmark,2019,3-4,10530,1145,0.1087369420702754,Europe
Denmark,2019,5-9,10530,2247,0.2133903133903134,Europe
Denmark,2020,0-1,15651,1308,0.08357293463676442,Europe
Denmark,2020,1-2,15651,894,0.057120950737972014,Europe
Denmark,2020,10+,15651,8273,0.5285924222094435,Europe
Denmark,2020,3-4,15651,1685,0.1076608523417034,Europe
Denmark,2020,5-9,15651,3351,0.21410772474602263,Europe
Denmark,2021,0-1,12886,1037,0.08047493403693931,Europe
Denmark,2021,1-2,12886,721,0.05595219618190284,Europe
Denmark,2021,10+,12886,6720,0.5214961974235605,Europe
Denmark,2021,3-4,12886,1436,0.11143877075896322,Europe
Denmark,2021,5-9,12886,2824,0.21915256867918673,Europe
Estonia,1995,0-1,7456,410,0.054989270386266095,Europe
Estonia,1995,1-2,7456,374,0.050160944206008584,Europe
Estonia,1995,10+,7456,3376,0.45278969957081544,Europe
Estonia,1995,3-4,7456,1056,0.14163090128755365,Europe
Estonia,1995,5-9,7456,2240,0.30042918454935624,Europe
Estonia,1996,0-1,5657,344,0.06080961640445466,Europe
Estonia,1996,1-2,5657,287,0.05073360438394909,Europe
Estonia,1996,10+,5657,2554,0.4514760473749337,Europe
Estonia,1996,3-4,5657,734,0.12975075128159802,Europe
Estonia,1996,5-9,5657,1738,0.3072299805550645,Europe
Estonia,2003,0-1,3973,224,0.05638056883966776,Europe
Estonia,2003,1-2,3973,204,0.051346589478983136,Europe
Estonia,2003,10+,3973,2364,0.5950163604329223,Europe
Estonia,2003,3-4,3973,390,0.09816259753335012,Europe
Estonia,2003,5-9,3973,791,0.19909388371507677,Europe
Estonia,2007,0-1,3809,339,0.08899973746390129,Europe
Estonia,2007,1-2,3809,244,0.06405880808611183,Europe
Estonia,2007,10+,3809,2078,0.545550013126805,Europe
Estonia,2007,3-4,3809,443,0.1163034917301129,Europe
Estonia,2007,5-9,3809,705,0.18508794959306904,Europe
Estonia,2008,0-1,3501,321,0.09168808911739502,Europe
Estonia,2008,1-2,3501,226,0.06455298486146815,Europe
Estonia,2008,10+,3501,1849,0.5281348186232505,Europe
Estonia,2008,3-4,3501,417,0.11910882604970009,Europe
Estonia,2008,5-9,3501,688,0.19651528134818624,Europe
Estonia,2009,0-1,3189,285,0.08936970837253057,Europe
Estonia,2009,1-2,3189,256,0.08027594857322044,Europe
Estonia,2009,10+,3189,1544,0.4841643148322358,Europe
Estonia,2009,3-4,3189,422,0.13232988397616807,Europe
Estonia,2009,5-9,3189,682,0.2138601442458451,Europe
Estonia,2010,0-1,2989,224,0.07494145199063232,Europe
Estonia,2010,1-2,2989,210,0.0702576112412178,Europe
Estonia,2010,10+,2989,1442,0.48243559718969553,Europe
Estonia,2010,3-4,2989,459,0.15356306457009034,Europe
Estonia,2010,5-9,2989,654,0.218802275008364,Europe
Estonia,2011,0-1,3099,209,0.06744111003549533,Europe
Estonia,2011,1-2,3099,218,0.07034527266860277,Europe
Estonia,2011,10+,3099,1510,0.4872539528880284,Europe
Estonia,2011,3-4,3099,458,0.14778960955146822,Europe
Estonia,2011,5-9,3099,704,0.2271700548564053,Europe
Estonia,2012,0-1,3142,226,0.07192870782940802,Europe
Estonia,2012,1-2,3142,160,0.050922978994271166,Europe
Estonia,2012,10+,3142,1543,0.4910884786760025,Europe
Estonia,2012,3-4,3142,428,0.13621896880967538,Europe
Estonia,2012,5-9,3142,785,0.2498408656906429,Europe
Estonia,2013,0-1,3343,254,0.0759796589889321,Europe
Estonia,2013,1-2,3343,175,0.05234819024827999,Europe
Estonia,2013,10+,3343,1652,0.4941669159437631,Europe
Estonia,2013,3-4,3343,412,0.12324259647023632,Europe
Estonia,2013,5-9,3343,850,0.25426263834878854,Europe
Estonia,2014,0-1,3218,262,0.08141702921068987,Europe
Estonia,2014,1-2,3218,199,0.061839651957737725,Europe
Estonia,2014,10+,3218,1616,0.5021752641392169,Europe
Estonia,2014,3-4,3218,358,0.11124922311995028,Europe
Estonia,2014,5-9,3218,780,0.24238657551274084,Europe
Estonia,2015,0-1,3382,306,0.0904790065050266,Europe
Estonia,2015,1-2,3382,220,0.06505026611472502,Europe
Estonia,2015,10+,3382,1694,0.5008870490833827,Europe
Estonia,2015,3-4,3382,390,0.1153163808397398,Europe
Estonia,2015,5-9,3382,762,0.2253104671791839,Europe
Estonia,2016,0-1,3262,278,0.08522378908645004,Europe
Estonia,2016,1-2,3262,175,0.0536480686695279,Europe
Estonia,2016,10+,3262,1485,0.4552421827099939,Europe
Estonia,2016,3-4,3262,379,0.11618638871857756,Europe
Estonia,2016,5-9,3262,734,0.22501532801961988,Europe
Estonia,2018,0-1,3199,232,0.07252266333229133,Europe
Estonia,2018,1-2,3199,167,0.05220381369177868,Europe
Estonia,2018,10+,3199,1270,0.39699906220693965,Europe
Estonia,2018,3-4,3199,363,0.11347296030009378,Europe
Estonia,2018,5-9,3199,559,0.17474210690840888,Europe
Estonia,2022,0-1,2546,205,0.0805184603299293,Europe
Estonia,2022,1-2,2546,166,0.06520031421838178,Europe
Estonia,2022,10+,2546,1135,0.4457973291437549,Europe
Estonia,2022,3-4,2546,358,0.1406127258444619,Europe
Estonia,2022,5-9,2546,643,0.25255302435192456,Europe
Estonia,2023,0-1,2648,257,0.09705438066465256,Europe
Estonia,2023,1-2,2648,168,0.0634441087613293,Europe
Estonia,2023,10+,2648,1188,0.4486404833836858,Europe
Estonia,2023,3-4,2648,337,0.12726586102719034,Europe
Estonia,2023,5-9,2648,660,0.24924471299093656,Europe
Faroe Islands,2013,0-1,78,2,0.02564102564102564,Europe
Faroe Islands,2013,1-2,78,4,0.05128205128205128,Europe
Faroe Islands,2013,10+,78,44,0.5641025641025641,Europe
Faroe Islands,2013,3-4,78,8,0.10256410256410256,Europe
Faroe Islands,2013,5-9,78,20,0.2564102564102564,Europe
Faroe Islands,2014,0-1,84,3,0.03571428571428571,Europe
Faroe Islands,2014,1-2,84,2,0.023809523809523808,Europe
Faroe Islands,2014,10+,84,56,0.6666666666666666,Europe
Faroe Islands,2014,3-4,84,5,0.05952380952380952,Europe
Faroe Islands,2014,5-9,84,18,0.21428571428571427,Europe
Faroe Islands,2015,0-1,80,2,0.025,Europe
Faroe Islands,2015,1-2,80,0,0,Europe
Faroe Islands,2015,10+,80,52,0.65,Europe
Faroe Islands,2015,3-4,80,6,0.075,Europe
Faroe Islands,2015,5-9,80,20,0.25,Europe
Faroe Islands,2016,0-1,52,2,0.038461538461538464,Europe
Faroe Islands,2016,1-2,52,3,0.057692307692307696,Europe
Faroe Islands,2016,10+,52,28,0.5384615384615384,Europe
Faroe Islands,2016,3-4,52,7,0.1346153846153846,Europe
Faroe Islands,2016,5-9,52,12,0.23076923076923078,Europe
Faroe Islands,2017,0-1,60,2,0.03333333333333333,Europe
Faroe Islands,2017,1-2,60,1,0.016666666666666666,Europe
Faroe Islands,2017,10+,60,31,0.5166666666666667,Europe
Faroe Islands,2017,3-4,60,7,0.11666666666666667,Europe
Faroe Islands,2017,5-9,60,19,0.31666666666666665,Europe
Faroe Islands,2018,0-1,61,3,0.04918032786885246,Europe
Faroe Islands,2018,1-2,61,3,0.04918032786885246,Europe
Faroe Islands,2018,10+,61,35,0.5737704918032787,Europe
Faroe Islands,2018,3-4,61,8,0.13114754098360656,Europe
Faroe Islands,2018,5-9,61,12,0.19672131147540983,Europe
Faroe Islands,2019,0-1,72,2,0.027777777777777776,Europe
Faroe Islands,2019,1-2,72,1,0.013888888888888888,Europe
Faroe Islands,2019,10+,72,40,0.5555555555555556,Europe
Faroe Islands,2019,3-4,72,10,0.1388888888888889,Europe
Faroe Islands,2019,5-9,72,19,0.2638888888888889,Europe
Faroe Islands,2020,0-1,77,1,0.012987012987012988,Europe
Faroe Islands,2020,1-2,77,2,0.025974025974025976,Europe
Faroe Islands,2020,10+,77,41,0.5324675324675324,Europe
Faroe Islands,2020,3-4,77,8,0.1038961038961039,Europe
Faroe Islands,2020,5-9,77,22,0.2857142857142857,Europe
Faroe Islands,2021,0-1,66,52,0.7878787878787878,Europe
Faroe Islands,2021,1-2,66,2,0.030303030303030304,Europe
Faroe Islands,2021,10+,66,6,0.09090909090909091,Europe
Faroe Islands,2021,3-4,66,2,0.030303030303030304,Europe
Faroe Islands,2021,5-9,66,4,0.06060606060606061,Europe
Faroe Islands,2022,0-1,68,2,0.029411764705882353,Europe
Faroe Islands,2022,1-2,68,7,0.10294117647058823,Europe
Faroe Islands,2022,10+,68,31,0.45588235294117646,Europe
Faroe Islands,2022,3-4,68,10,0.14705882352941177,Europe
Faroe Islands,2022,5-9,68,18,0.2647058823529412,Europe
Faroe Islands,2023,0-1,55,1,0.01818181818181818,Europe
Faroe Islands,2023,1-2,55,3,0.05454545454545454,Europe
Faroe Islands,2023,10+,55,30,0.5454545454545454,Europe
Faroe Islands,2023,3-4,55,13,0.23636363636363636,Europe
Faroe Islands,2023,5-9,55,8,0.14545454545454545,Europe
Faroe Islands,2024,0-1,30,1,0.03333333333333333,Europe
Faroe Islands,2024,1-2,30,2,0.06666666666666667,Europe
Faroe Islands,2024,10+,30,14,0.4666666666666667,Europe
Faroe Islands,2024,3-4,30,4,0.13333333333333333,Europe
Faroe Islands,2024,5-9,30,9,0.3,Europe
Finland,1996,0-1,13795,662,0.04798840159478072,Europe
Finland,1996,1-2,13795,724,0.05248278361725263,Europe
Finland,1996,10+,13795,8044,0.5831098223994201,Europe
Finland,1996,3-4,13795,1461,0.10590793765857194,Europe
Finland,1996,5-9,13795,2904,0.21051105472997464,Europe
Finland,1997,0-1,13507,646,0.047827052639372175,Europe
Finland,1997,1-2,13507,699,0.051750943954986306,Europe
Finland,1997,10+,13507,7787,0.5765158806544755,Europe
Finland,1997,3-4,13507,1502,0.11120159917080033,Europe
Finland,1997,5-9,13507,2872,0.21263048789516548,Europe
Finland,2004,0-1,13234,780,0.05893909626719057,Europe
Finland,2004,1-2,13234,792,0.059845851594378115,Europe
Finland,2004,10+,13234,7176,0.5422396856581533,Europe
Finland,2004,3-4,13234,1591,0.1202206437962823,Europe
Finland,2004,5-9,13234,2893,0.21860359679613117,Europe
Finland,2007,0-1,13224,873,0.06601633393829401,Europe
Finland,2007,1-2,13224,917,0.06934361766485178,Europe
Finland,2007,10+,13224,6406,0.4844222625529341,Europe
Finland,2007,3-4,13224,1664,0.12583182093163944,Europe
Finland,2007,5-9,13224,2855,0.21589534180278283,Europe
Finland,2008,0-1,13471,874,0.06488011283497884,Europe
Finland,2008,1-2,13471,942,0.06992799346744859,Europe
Finland,2008,10+,13471,6843,0.507980105411625,Europe
Finland,2008,3-4,13471,1710,0.12693935119887165,Europe
Finland,2008,5-9,13471,3099,0.23004973647093757,Europe
Finland,2009,0-1,13527,997,0.07370444296592,Europe
Finland,2009,1-2,13527,928,0.06860353367339395,Europe
Finland,2009,10+,13527,6478,0.478894063724403,Europe
Finland,2009,3-4,13527,1827,0.13506320691949433,Europe
Finland,2009,5-9,13527,3295,0.24358690027352703,Europe
Finland,2010,0-1,13619,946,0.06946178133489977,Europe
Finland,2010,1-2,13619,948,0.06960863499522725,Europe
Finland,2010,10+,13619,6509,0.4779352375357956,Europe
Finland,2010,3-4,13619,1833,0.1345913796901388,Europe
Finland,2010,5-9,13619,3380,0.2481826859534474,Europe
Finland,2011,0-1,13469,883,0.06555794788031777,Europe
Finland,2011,1-2,13469,985,0.07313089316207588,Europe
Finland,2011,10+,13469,6459,0.4795456232830945,Europe
Finland,2011,3-4,13469,1841,0.13668423787957532,Europe
Finland,2011,5-9,13469,3298,0.24485856411017892,Europe
Finland,2012,0-1,13040,921,0.07062883435582822,Europe
Finland,2012,1-2,13040,963,0.07384969325153375,Europe
Finland,2012,10+,13040,6070,0.46549079754601225,Europe
Finland,2012,3-4,13040,1724,0.1322085889570552,Europe
Finland,2012,5-9,13040,3358,0.2575153374233129,Europe
Finland,2013,0-1,13766,909,0.06603225337788755,Europe
Finland,2013,1-2,13766,1044,0.07583902368153421,Europe
Finland,2013,10+,13766,6360,0.4620078454162429,Europe
Finland,2013,3-4,13766,1901,0.13809385442394304,Europe
Finland,2013,5-9,13766,3547,0.2576638093854424,Europe
Finland,2014,0-1,13682,909,0.06643765531355066,Europe
Finland,2014,1-2,13682,966,0.07060371290746967,Europe
Finland,2014,10+,13682,6208,0.45373483408858356,Europe
Finland,2014,3-4,13682,1918,0.14018418359888904,Europe
Finland,2014,5-9,13682,3675,0.26860108171319985,Europe
Finland,2015,0-1,13939,854,0.061266948848554416,Europe
Finland,2015,1-2,13939,894,0.06413659516464595,Europe
Finland,2015,10+,13939,6467,0.4639500681541,Europe
Finland,2015,3-4,13939,1874,0.13444292990888873,Europe
Finland,2015,5-9,13939,3849,0.2761317167659086,Europe
Finland,2016,0-1,13541,770,0.05686433793663688,Europe
Finland,2016,1-2,13541,850,0.06277232109888486,Europe
Finland,2016,10+,13541,6354,0.46924156266154643,Europe
Finland,2016,3-4,13541,1748,0.12908943209511853,Europe
Finland,2016,5-9,13541,3810,0.2813676981020604,Europe
Finland,2017,0-1,13485,709,0.05257693733778272,Europe
Finland,2017,1-2,13485,860,0.06377456433073786,Europe
Finland,2017,10+,13485,6342,0.47030033370411567,Europe
Finland,2017,3-4,13485,1721,0.12762328513162774,Europe
Finland,2017,5-9,13485,3847,0.2852799406748239,Europe
Finland,2018,0-1,13145,688,0.052339292506656525,Europe
Finland,2018,1-2,13145,808,0.061468238874096616,Europe
Finland,2018,10+,13145,6344,0.4826169646253328,Europe
Finland,2018,3-4,13145,1556,0.11837200456447318,Europe
Finland,2018,5-9,13145,3746,0.28497527577025483,Europe
Finland,2019,0-1,13365,633,0.047362514029180694,Europe
Finland,2019,1-2,13365,784,0.058660680882903105,Europe
Finland,2019,10+,13365,6527,0.4883651328095773,Europe
Finland,2019,3-4,13365,1531,0.114552936775159,Europe
Finland,2019,5-9,13365,3805,0.2846988402543958,Europe
Finland,2021,0-1,12166,528,0.0433996383363472,Europe
Finland,2021,1-2,12166,674,0.05540029590662502,Europe
Finland,2021,10+,12166,6254,0.5140555646884761,Europe
Finland,2021,3-4,12166,1397,0.11482820976491863,Europe
Finland,2021,5-9,12166,3276,0.26927502876869963,Europe
Finland,2022,0-1,11370,437,0.03843447669305189,Europe
Finland,2022,1-2,11370,551,0.0484608619173263,Europe
Finland,2022,10+,11370,5986,0.5264731750219876,Europe
Finland,2022,3-4,11370,1301,0.11442392260334212,Europe
Finland,2022,5-9,11370,3069,0.2699208443271768,Europe
Finland,2023,0-1,11475,451,0.03930283224400871,Europe
Finland,2023,1-2,11475,549,0.04784313725490196,Europe
Finland,2023,10+,11475,6091,0.5308061002178649,Europe
Finland,2023,3-4,11475,1259,0.10971677559912854,Europe
Finland,2023,5-9,11475,3076,0.26806100217864925,Europe
France,1995,0-1,119189,856,0.007181870810225776,Europe
France,1995,1-2,119189,3471,0.02912181493258606,Europe
France,1995,10+,119189,75010,0.6293365998540134,Europe
France,1995,3-4,119189,12384,0.10390220574046263,Europe
France,1995,5-9,119189,27468,0.23045750866271217,Europe
France,1996,0-1,115454,822,0.007119718675836263,Europe
France,1996,1-2,115454,3028,0.026226895560136503,Europe
France,1996,10+,115454,72633,0.6291076965717948,Europe
France,1996,3-4,115454,11156,0.09662722816013304,Europe
France,1996,5-9,115454,27815,0.24091846103209935,Europe
France,2002,0-1,115861,1050,0.009062583613122621,Europe
France,2002,1-2,115861,4329,0.037363737582102693,Europe
France,2002,10+,115861,71716,0.6189830918082875,Europe
France,2002,3-4,115861,12342,0.10652419709824704,Europe
France,2002,5-9,115861,26424,0.22806638989824013,Europe
France,2003,0-1,125175,1002,0.008004793289394848,Europe
France,2003,1-2,125175,4571,0.03651687637307769,Europe
France,2003,10+,125175,76535,0.6114240063910525,Europe
France,2003,3-4,125175,13940,0.11136409027361693,Europe
France,2003,5-9,125175,29127,0.232690233672858,Europe
France,2009,0-1,127578,1836,0.014391195974227531,Europe
France,2009,1-2,127578,3876,0.030381413723369232,Europe
France,2009,10+,127578,76990,0.6034739531894213,Europe
France,2009,3-4,127578,12423,0.09737572308705263,Europe
France,2009,5-9,127578,32453,0.25437771402592924,Europe
France,2010,0-1,130810,1723,0.013171775858114822,Europe
France,2010,1-2,130810,3829,0.029271462426419998,Europe
France,2010,10+,130810,80711,0.6170094029508447,Europe
France,2010,3-4,130810,11914,0.09107866371072548,Europe
France,2010,5-9,130810,32633,0.24946869505389496,Europe
France,2011,0-1,129802,1626,0.012526771544352167,Europe
France,2011,1-2,129802,3489,0.026879400933729834,Europe
France,2011,10+,129802,81618,0.6287884624273894,Europe
France,2011,3-4,129802,11218,0.08642393799787368,Europe
France,2011,5-9,129802,31851,0.2453814270966549,Europe
France,2012,0-1,125217,1753,0.013999696526829425,Europe
France,2012,1-2,125217,3565,0.02847057508165824,Europe
France,2012,10+,125217,77179,0.6163619955756806,Europe
France,2012,3-4,125217,11056,0.08829472036544558,Europe
France,2012,5-9,125217,31664,0.2528730124503861,Europe
France,2013,0-1,121849,1605,0.013172040804602417,Europe
France,2013,1-2,121849,3364,0.027607940976126188,Europe
France,2013,10+,121849,76471,0.6275882444665118,Europe
France,2013,3-4,121849,10390,0.08526947287216144,Europe
France,2013,5-9,121849,30019,0.24636230088059813,Europe
France,2014,0-1,120568,1435,0.011901997213190896,Europe
France,2014,1-2,120568,3395,0.028158383650719924,Europe
France,2014,10+,120568,75789,0.6285996284254528,Europe
France,2014,3-4,120568,10472,0.08685555039479796,Europe
France,2014,5-9,120568,29477,0.24448444031583835,Europe
France,2015,0-1,120731,1350,0.011181883691843851,Europe
France,2015,1-2,120731,3087,0.02556924070868294,Europe
France,2015,10+,120731,76273,0.6317598628355601,Europe
France,2015,3-4,120731,10547,0.08735950170213118,Europe
France,2015,5-9,120731,29474,0.244129511061782,Europe
France,2016,0-1,124768,1299,0.01041132341626058,Europe
France,2016,1-2,124768,3216,0.025775839958963837,Europe
France,2016,10+,124768,79530,0.6374230571941524,Europe
France,2016,3-4,124768,10579,0.08478936906899205,Europe
France,2016,5-9,124768,30144,0.24160041036163118,Europe
Germany,1995,0-1,169425,1728,0.010199203187250996,Europe
Germany,1995,1-2,169425,5732,0.033832079091043236,Europe
Germany,1995,10+,169425,85023,0.5018326693227092,Europe
Germany,1995,3-4,169425,19986,0.11796370075254538,Europe
Germany,1995,5-9,169425,56956,0.3361723476464512,Europe
Germany,1996,0-1,175550,1717,0.009780689262318428,Europe
Germany,1996,1-2,175550,5598,0.03188835089718029,Europe
Germany,1996,10+,175550,89774,0.511387069211051,Europe
Germany,1996,3-4,175550,19819,0.11289661065223583,Europe
Germany,1996,5-9,175550,58642,0.33404727997721445,Europe
Germany,1997,0-1,187802,1605,0.008546234864378442,Europe
Germany,1997,1-2,187802,5539,0.029493828606724105,Europe
Germany,1997,10+,187802,99412,0.5293447354128284,Europe
Germany,1997,3-4,187802,19584,0.10428003961619152,Europe
Germany,1997,5-9,187802,61662,0.3283351614998775,Europe
Germany,2004,0-1,213691,1561,0.007304940311009822,Europe
Germany,2004,1-2,213691,5436,0.025438600596187955,Europe
Germany,2004,10+,213691,125366,0.5866695368546172,Europe
Germany,2004,3-4,213691,20596,0.09638215928607194,Europe
Germany,2004,5-9,213691,60732,0.2842047629521131,Europe
Germany,2007,0-1,187072,1106,0.0059121621621621625,Europe
Germany,2007,1-2,187072,4324,0.023114095107765995,Europe
Germany,2007,10+,187072,112027,0.5988442952446117,Europe
Germany,2007,3-4,187072,17282,0.0923815429353404,Europe
Germany,2007,5-9,187072,52333,0.2797479045501197,Europe
Germany,2008,0-1,191948,1024,0.005334778169087461,Europe
Germany,2008,1-2,191948,4350,0.02266238773001021,Europe
Germany,2008,10+,191948,116886,0.608946172921833,Europe
Germany,2008,3-4,191948,17180,0.08950340717277595,Europe
Germany,2008,5-9,191948,52508,0.2735532540062934,Europe
Germany,2010,0-1,187027,1308,0.0069936426291391084,Europe
Germany,2010,1-2,187027,5641,0.03016142054355788,Europe
Germany,2010,10+,187027,113856,0.6087677180300171,Europe
Germany,2010,3-4,187027,17662,0.0944355627797056,Europe
Germany,2010,5-9,187027,48560,0.2596416560175803,Europe
Germany,2011,0-1,187640,1313,0.006997441910040503,Europe
Germany,2011,1-2,187640,5726,0.03051588147516521,Europe
Germany,2011,10+,187640,116723,0.6220581965465786,Europe
Germany,2011,3-4,187640,15642,0.08336175655510553,Europe
Germany,2011,5-9,187640,48236,0.2570667235131102,Europe
Germany,2012,0-1,179147,1177,0.006570023500253981,Europe
Germany,2012,1-2,179147,5794,0.032342154766755796,Europe
Germany,2012,10+,179147,112288,0.6267925223419873,Europe
Germany,2012,3-4,179147,14446,0.08063768860209772,Europe
Germany,2012,5-9,179147,45442,0.2536576107889052,Europe
Germany,2014,0-1,166199,1112,0.006690774312721496,Europe
Germany,2014,1-2,166199,5640,0.03393522223358745,Europe
Germany,2014,10+,166199,104407,0.6282047425074759,Europe
Germany,2014,3-4,166199,13580,0.08170927622909885,Europe
Germany,2014,5-9,166199,41460,0.24945998471711622,Europe
Germany,2015,0-1,163335,1039,0.006361159580004286,Europe
Germany,2015,1-2,163335,5140,0.03146906664217712,Europe
Germany,2015,10+,163335,103595,0.6342486301160192,Europe
Germany,2015,3-4,163335,13508,0.08270119692656197,Europe
Germany,2015,5-9,163335,40053,0.2452199467352374,Europe
Germany,2016,0-1,162397,1045,0.0064348479343830246,Europe
Germany,2016,1-2,162397,5175,0.031866352210939856,Europe
Germany,2016,10+,162397,103396,0.6366866382999686,Europe
Germany,2016,3-4,162397,12834,0.07902855348313084,Europe
Germany,2016,5-9,162397,39947,0.24598360807157768,Europe
Germany,2017,0-1,153501,985,0.006416896306864451,Europe
Germany,2017,1-2,153501,5132,0.03343300695109478,Europe
Germany,2017,10+,153501,97518,0.6352922782262005,Europe
Germany,2017,3-4,153501,12274,0.07996039113751702,Europe
Germany,2017,5-9,153501,37592,0.24489742737832326,Europe
Germany,2018,0-1,148066,940,0.00634852025448111,Europe
Germany,2018,1-2,148066,5020,0.033903799656909754,Europe
Germany,2018,10+,148066,93426,0.6309753758459066,Europe
Germany,2018,3-4,148066,12369,0.0835370713060392,Europe
Germany,2018,5-9,148066,36311,0.24523523293666338,Europe
Germany,2019,0-1,149010,1017,0.006825045298973223,Europe
Germany,2019,1-2,149010,5163,0.03464868129655728,Europe
Germany,2019,10+,149010,93508,0.6275283538017583,Europe
Germany,2019,3-4,149010,12557,0.08426951211328099,Europe
Germany,2019,5-9,149010,36765,0.24672840748943023,Europe
Germany,2020,0-1,143801,899,0.006251695050799369,Europe
Germany,2020,1-2,143801,5233,0.03639056752039276,Europe
Germany,2020,10+,143801,89678,0.6236257049672812,Europe
Germany,2020,3-4,143801,12509,0.08698826850995472,Europe
Germany,2020,5-9,143801,35482,0.24674376395157196,Europe
Greece,1995,0-1,10995,74,0.0067303319690768535,Europe
Greece,1995,1-2,10995,634,0.05766257389722601,Europe
Greece,1995,10+,10995,5708,0.5191450659390632,Europe
Greece,1995,3-4,10995,1402,0.127512505684402,Europe
Greece,1995,5-9,10995,2806,0.2552069122328331,Europe
Greece,1996,0-1,9360,174,0.01858974358974359,Europe
Greece,1996,1-2,9360,517,0.05523504273504273,Europe
Greece,1996,10+,9360,5013,0.5355769230769231,Europe
Greece,1996,3-4,9360,1087,0.11613247863247864,Europe
Greece,1996,5-9,9360,2568,0.2743589743589744,Europe
Greece,1997,0-1,9422,106,0.011250265336446614,Europe
Greece,1997,1-2,9422,548,0.05816174909785608,Europe
Greece,1997,10+,9422,4901,0.5201655699426874,Europe
Greece,1997,3-4,9422,1141,0.12109955423476969,Europe
Greece,1997,5-9,9422,2406,0.255359796221609,Europe
Greece,2005,0-1,13494,40,0.0029642804209278196,Europe
Greece,2005,1-2,13494,724,0.053653475618793536,Europe
Greece,2005,10+,13494,7803,0.5782570031124944,Europe
Greece,2005,3-4,13494,1427,0.10575070401659997,Europe
Greece,2005,5-9,13494,3270,0.24232992441084927,Europe
Greece,2010,0-1,13275,60,0.004519774011299435,Europe
Greece,2010,1-2,13275,508,0.038267419962335215,Europe
Greece,2010,10+,13275,7884,0.5938983050847457,Europe
Greece,2010,3-4,13275,1439,0.10839924670433145,Europe
Greece,2010,5-9,13275,3114,0.23457627118644067,Europe
Greece,2016,0-1,11013,223,0.020248796876418777,Europe
Greece,2016,1-2,11013,347,0.0315082175610642,Europe
Greece,2016,10+,11013,6929,0.6291655316444202,Europe
Greece,2016,3-4,11013,834,0.07572868428221192,Europe
Greece,2016,5-9,11013,2663,0.24180513938073186,Europe
Greece,2023,0-1,15114,488,0.03228794495170041,Europe
Greece,2023,1-2,15114,383,0.025340743681355034,Europe
Greece,2023,10+,15114,9990,0.6609765780071457,Europe
Greece,2023,3-4,15114,1051,0.06953817652507609,Europe
Greece,2023,5-9,15114,3202,0.21185655683472276,Europe
Hungary,1995,0-1,24857,1298,0.05221869091201674,Europe
Hungary,1995,1-2,24857,1448,0.05825320835177214,Europe
Hungary,1995,10+,24857,12567,0.5055718711027075,Europe
Hungary,1995,3-4,24857,3172,0.1276099287926942,Europe
Hungary,1995,5-9,24857,6372,0.25634630084080945,Europe
Hungary,1996,0-1,22590,1372,0.06073483842408145,Europe
Hungary,1996,1-2,22590,1255,0.05555555555555555,Europe
Hungary,1996,10+,22590,11500,0.5090748118636564,Europe
Hungary,1996,3-4,22590,2777,0.12293050022133688,Europe
Hungary,1996,5-9,22590,5686,0.25170429393536964,Europe
Hungary,1997,0-1,24992,1430,0.05721830985915493,Europe
Hungary,1997,1-2,24992,1373,0.054937580025608196,Europe
Hungary,1997,10+,24992,12956,0.5184058898847631,Europe
Hungary,1997,3-4,24992,2826,0.11307618437900128,Europe
Hungary,1997,5-9,24992,6407,0.2563620358514725,Europe
Hungary,2004,0-1,24638,1297,0.0526422599236951,Europe
Hungary,2004,1-2,24638,1163,0.04720350677814758,Europe
Hungary,2004,10+,24638,14331,0.5816624726032957,Europe
Hungary,2004,3-4,24638,2513,0.10199691533403685,Europe
Hungary,2004,5-9,24638,5334,0.21649484536082475,Europe
Hungary,2007,0-1,25160,1231,0.048926868044515105,Europe
Hungary,2007,1-2,25160,1112,0.044197138314785375,Europe
Hungary,2007,10+,25160,14918,0.5929252782193959,Europe
Hungary,2007,3-4,25160,2494,0.09912559618441971,Europe
Hungary,2007,5-9,25160,5405,0.21482511923688394,Europe
Hungary,2008,0-1,25155,1234,0.0490558537070165,Europe
Hungary,2008,1-2,25155,1130,0.044921486781951896,Europe
Hungary,2008,10+,25155,15037,0.5977738024249653,Europe
Hungary,2008,3-4,25155,2315,0.09202941761081296,Europe
Hungary,2008,5-9,25155,5439,0.21621943947525343,Europe
Hungary,2009,0-1,23820,1081,0.04538203190596138,Europe
Hungary,2009,1-2,23820,1058,0.04441645675902603,Europe
Hungary,2009,10+,23820,14149,0.5939966414777498,Europe
Hungary,2009,3-4,23820,2250,0.09445843828715365,Europe
Hungary,2009,5-9,23820,5282,0.22174643157010915,Europe
Hungary,2010,0-1,23873,1096,0.045909604993088424,Europe
Hungary,2010,1-2,23873,1011,0.04234909730658066,Europe
Hungary,2010,10+,23873,14470,0.6061240732207933,Europe
Hungary,2010,3-4,23873,2323,0.09730658065597118,Europe
Hungary,2010,5-9,23873,4973,0.20831064382356637,Europe
Hungary,2011,0-1,23335,911,0.039040068566530965,Europe
Hungary,2011,1-2,23335,1001,0.04289693593314763,Europe
Hungary,2011,10+,23335,14169,0.6071994857510178,Europe
Hungary,2011,3-4,23335,2215,0.09492179130062138,Europe
Hungary,2011,5-9,23335,5039,0.21594171844868223,Europe
Hungary,2012,0-1,21830,882,0.040403114979386166,Europe
Hungary,2012,1-2,21830,819,0.037517178195144295,Europe
Hungary,2012,10+,21830,13202,0.6047640861200183,Europe
Hungary,2012,3-4,21830,1955,0.08955565735226752,Europe
Hungary,2012,5-9,21830,4972,0.2277599633531837,Europe
Hungary,2013,0-1,20209,793,0.03923994259983176,Europe
Hungary,2013,1-2,20209,854,0.04225839972289574,Europe
Hungary,2013,10+,20209,12181,0.6027512494433174,Europe
Hungary,2013,3-4,20209,1803,0.08921767529318621,Europe
Hungary,2013,5-9,20209,4578,0.22653273294076898,Europe
Hungary,2015,0-1,20315,840,0.04134875707605218,Europe
Hungary,2015,1-2,20315,785,0.038641397981786854,Europe
Hungary,2015,10+,20315,12805,0.6303224218557716,Europe
Hungary,2015,3-4,20315,1626,0.08003937976864386,Europe
Hungary,2015,5-9,20315,4259,0.2096480433177455,Europe
Hungary,2016,0-1,19552,910,0.04654255319148936,Europe
Hungary,2016,1-2,19552,753,0.03851268412438625,Europe
Hungary,2016,10+,19552,12362,0.6322626841243862,Europe
Hungary,2016,3-4,19552,1551,0.07932692307692307,Europe
Hungary,2016,5-9,19552,3976,0.20335515548281505,Europe
Hungary,2017,0-1,18495,972,0.052554744525547446,Europe
Hungary,2017,1-2,18495,806,0.04357934576912679,Europe
Hungary,2017,10+,18495,11765,0.636117869694512,Europe
Hungary,2017,3-4,18495,1515,0.08191403081914031,Europe
Hungary,2017,5-9,18495,3437,0.18583400919167342,Europe
Hungary,2018,0-1,16952,675,0.039818310523831994,Europe
Hungary,2018,1-2,16952,745,0.04394761680037754,Europe
Hungary,2018,10+,16952,10912,0.6436998584237849,Europe
Hungary,2018,3-4,16952,1450,0.08553563001415762,Europe
Hungary,2018,5-9,16952,3170,0.18699858423784804,Europe
Hungary,2019,0-1,17600,781,0.044375,Europe
Hungary,2019,1-2,17600,889,0.05051136363636364,Europe
Hungary,2019,10+,17600,10920,0.6204545454545455,Europe
Hungary,2019,3-4,17600,1749,0.099375,Europe
Hungary,2019,5-9,17600,3261,0.1852840909090909,Europe
Hungary,2020,0-1,14979,680,0.045396888977902394,Europe
Hungary,2020,1-2,14979,742,0.0495360170905935,Europe
Hungary,2020,10+,14979,9073,0.6057146672007477,Europe
Hungary,2020,3-4,14979,1562,0.1042793243874758,Europe
Hungary,2020,5-9,14979,2922,0.1950731023432806,Europe
Hungary,2021,0-1,18092,989,0.05466504532390007,Europe
Hungary,2021,1-2,18092,894,0.04941410568206942,Europe
Hungary,2021,10+,18092,10562,0.5837939420738448,Europe
Hungary,2021,3-4,18092,1908,0.10546097722750387,Europe
Hungary,2021,5-9,18092,3739,0.20666592969268185,Europe
Hungary,2022,0-1,17695,1071,0.06052557219553546,Europe
Hungary,2022,1-2,17695,999,0.0564566261655835,Europe
Hungary,2022,10+,17695,9855,0.556936987849675,Europe
Hungary,2022,3-4,17695,1937,0.1094659508335688,Europe
Hungary,2022,5-9,17695,3833,0.21661486295563717,Europe
Hungary,2023,0-1,16791,1144,0.0681317372401882,Europe
Hungary,2023,1-2,16791,1005,0.05985349294264785,Europe
Hungary,2023,10+,16791,9044,0.5386218807694598,Europe
Hungary,2023,3-4,16791,1937,0.11535941873622774,Europe
Hungary,2023,5-9,16791,3661,0.21803347031147638,Europe
Iceland,1996,0-1,530,21,0.03962264150943396,Europe
Iceland,1996,1-2,530,20,0.03773584905660377,Europe
Iceland,1996,10+,530,318,0.6,Europe
Iceland,1996,3-4,530,49,0.09245283018867924,Europe
Iceland,1996,5-9,530,121,0.22830188679245284,Europe
Iceland,1999,0-1,473,21,0.04439746300211417,Europe
Iceland,1999,1-2,473,19,0.040169133192389,Europe
Iceland,1999,10+,473,278,0.587737843551797,Europe
Iceland,1999,3-4,473,47,0.09936575052854123,Europe
Iceland,1999,5-9,473,107,0.226215644820296,Europe
Iceland,2004,0-1,552,35,0.06340579710144928,Europe
Iceland,2004,1-2,552,22,0.03985507246376811,Europe
Iceland,2004,10+,552,282,0.5108695652173914,Europe
Iceland,2004,3-4,552,81,0.14673913043478262,Europe
Iceland,2004,5-9,552,130,0.23550724637681159,Europe
Iceland,2006,0-1,498,24,0.04819277108433735,Europe
Iceland,2006,1-2,498,19,0.03815261044176707,Europe
Iceland,2006,10+,498,245,0.4919678714859438,Europe
Iceland,2006,3-4,498,52,0.10441767068273092,Europe
Iceland,2006,5-9,498,155,0.3112449799196787,Europe
Iceland,2007,0-1,515,32,0.062135922330097085,Europe
Iceland,2007,1-2,515,31,0.06019417475728155,Europe
Iceland,2007,10+,515,239,0.4640776699029126,Europe
Iceland,2007,3-4,515,79,0.1533980582524272,Europe
Iceland,2007,5-9,515,133,0.258252427184466,Europe
Iceland,2008,0-1,549,28,0.051001821493624776,Europe
Iceland,2008,1-2,549,33,0.060109289617486336,Europe
Iceland,2008,10+,549,244,0.4444444444444444,Europe
Iceland,2008,3-4,549,95,0.17304189435336975,Europe
Iceland,2008,5-9,549,145,0.2641165755919854,Europe
Iceland,2009,0-1,550,34,0.06181818181818182,Europe
Iceland,2009,1-2,550,37,0.06727272727272728,Europe
Iceland,2009,10+,550,253,0.46,Europe
Iceland,2009,3-4,550,60,0.10909090909090909,Europe
Iceland,2009,5-9,550,163,0.2963636363636364,Europe
Iceland,2010,0-1,563,18,0.03197158081705151,Europe
Iceland,2010,1-2,563,40,0.07104795737122557,Europe
Iceland,2010,10+,563,270,0.47957371225577267,Europe
Iceland,2010,3-4,563,78,0.13854351687388988,Europe
Iceland,2010,5-9,563,150,0.2664298401420959,Europe
Iceland,2011,0-1,516,22,0.04263565891472868,Europe
Iceland,2011,1-2,516,20,0.03875968992248062,Europe
Iceland,2011,10+,516,264,0.5116279069767442,Europe
Iceland,2011,3-4,516,73,0.14147286821705427,Europe
Iceland,2011,5-9,516,135,0.2616279069767442,Europe
Iceland,2020,0-1,691,23,0.03328509406657019,Europe
Iceland,2020,1-2,691,28,0.04052098408104197,Europe
Iceland,2020,10+,691,230,0.33285094066570187,Europe
Iceland,2020,3-4,691,63,0.09117221418234443,Europe
Iceland,2020,5-9,691,119,0.17221418234442837,Europe
Italy,1995,0-1,27038,0,0,Europe
Italy,1995,1-2,27038,14,5.177897773503957e-4,Europe
Italy,1995,10+,27038,19847,0.7340409793623789,Europe
Italy,1995,3-4,27038,643,0.02378134477402175,Europe
Italy,1995,5-9,27038,6534,0.24165988608624897,Europe
Italy,1996,0-1,32717,0,0,Europe
Italy,1996,1-2,32717,4,1.222605984656295e-4,Europe
Italy,1996,10+,32717,24134,0.7376593208423755,Europe
Italy,1996,3-4,32717,601,0.01836965491946083,Europe
Italy,1996,5-9,32717,7978,0.243848763639698,Europe
Italy,1997,0-1,33342,0,0,Europe
Italy,1997,1-2,33342,4,1.1996880810989142e-4,Europe
Italy,1997,10+,33342,24083,0.7223022014276288,Europe
Italy,1997,3-4,33342,640,0.019195009297582628,Europe
Italy,1997,5-9,33342,8615,0.25838282046667865,Europe
Italy,1998,0-1,33510,0,0,Europe
Italy,1998,1-2,33510,0,0,Europe
Italy,1998,10+,33510,24417,0.7286481647269472,Europe
Italy,1998,3-4,33510,507,0.01512981199641898,Europe
Italy,1998,5-9,33510,8586,0.25622202327663385,Europe
Italy,1999,0-1,34341,0,0,Europe
Italy,1999,1-2,34341,0,0,Europe
Italy,1999,10+,34341,25112,0.7312541859584752,Europe
Italy,1999,3-4,34341,590,0.017180629568154682,Europe
Italy,1999,5-9,34341,8639,0.25156518447337,Europe
Italy,2003,0-1,43856,28,6.384531192995258e-4,Europe
Italy,2003,1-2,43856,45,0.0010260853703028092,Europe
Italy,2003,10+,43856,31206,0.7115560014593214,Europe
Italy,2003,3-4,43856,1396,0.03183144837650492,Europe
Italy,2003,5-9,43856,11181,0.2549480116745713,Europe
Italy,2004,0-1,45097,17,3.7696520832871365e-4,Europe
Italy,2004,1-2,45097,33,7.317559926380912e-4,Europe
Italy,2004,10+,45097,32546,0.7216888041333126,Europe
Italy,2004,3-4,45097,1357,0.030090693394239084,Europe
Italy,2004,5-9,45097,11144,0.24711178127148148,Europe
Italy,2005,0-1,47036,18,3.8268560251722086e-4,Europe
Italy,2005,1-2,47036,37,7.866315162853984e-4,Europe
Italy,2005,10+,47036,34136,0.7257419848626584,Europe
Italy,2005,3-4,47036,1358,0.02887150267879922,Europe
Italy,2005,5-9,47036,11487,0.24421719533973976,Europe
Italy,2010,0-1,54160,10,1.8463810930576072e-4,Europe
Italy,2010,1-2,54160,7,1.292466765140325e-4,Europe
Italy,2010,10+,54160,42775,0.7897895125553914,Europe
Italy,2010,3-4,54160,571,0.010542836041358937,Europe
Italy,2010,5-9,54160,10797,0.19935376661742985,Europe
Italy,2015,0-1,82469,173,0.0020977579454097904,Europe
Italy,2015,1-2,82469,495,0.006002255392935528,Europe
Italy,2015,10+,82469,62681,0.7600552935042258,Europe
Italy,2015,3-4,82469,2779,0.03369751057973299,Europe
Italy,2015,5-9,82469,15817,0.1917932798991136,Europe
Italy,2016,0-1,99071,162,0.0016351909236809964,Europe
Italy,2016,1-2,99071,708,0.0071463899627539846,Europe
Italy,2016,10+,99071,77927,0.7865773031462284,Europe
Italy,2016,3-4,99071,3262,0.032925881438564265,Europe
Italy,2016,5-9,99071,17012,0.1717152345287723,Europe
Latvia,1995,0-1,7821,139,0.017772663342283595,Europe
Latvia,1995,1-2,7821,388,0.049610024293568596,Europe
Latvia,1995,10+,7821,3312,0.4234752589182969,Europe
Latvia,1995,3-4,7821,1294,0.16545198823679835,Europe
Latvia,1995,5-9,7821,2688,0.34369006520905254,Europe
Latvia,1996,0-1,6051,114,0.018839861179970253,Europe
Latvia,1996,1-2,6051,256,0.04230705668484548,Europe
Latvia,1996,10+,6051,2650,0.4379441414642208,Europe
Latvia,1996,3-4,6051,866,0.14311684019170384,Europe
Latvia,1996,5-9,6051,2165,0.35779210047925963,Europe
Latvia,1997,0-1,6103,112,0.018351630345731607,Europe
Latvia,1997,1-2,6103,223,0.036539406849090614,Europe
Latvia,1997,10+,6103,2858,0.4682942815009012,Europe
Latvia,1997,3-4,6103,706,0.11568081271505817,Europe
Latvia,1997,5-9,6103,2204,0.3611338685892184,Europe
Latvia,2004,0-1,5271,84,0.01593625498007968,Europe
Latvia,2004,1-2,5271,169,0.03206222728135079,Europe
Latvia,2004,10+,5271,3244,0.6154429899449819,Europe
Latvia,2004,3-4,5271,463,0.08783911971162967,Europe
Latvia,2004,5-9,5271,1311,0.2487194080819579,Europe
Latvia,2005,0-1,6341,143,0.022551648005046523,Europe
Latvia,2005,1-2,6341,247,0.038952846554171264,Europe
Latvia,2005,10+,6341,3923,0.6186721337328497,Europe
Latvia,2005,3-4,6341,618,0.09746096830152973,Europe
Latvia,2005,5-9,6341,1410,0.2223624034064028,Europe
Latvia,2007,0-1,7403,255,0.034445495069566394,Europe
Latvia,2007,1-2,7403,293,0.03957854923679589,Europe
Latvia,2007,10+,7403,4598,0.6210995542347697,Europe
Latvia,2007,3-4,7403,698,0.09428610022963664,Europe
Latvia,2007,5-9,7403,1559,0.2105903012292314,Europe
Latvia,2008,0-1,6214,203,0.03266816865143225,Europe
Latvia,2008,1-2,6214,359,0.0577727711618925,Europe
Latvia,2008,10+,6214,3700,0.5954296749275829,Europe
Latvia,2008,3-4,6214,681,0.10959124557450917,Europe
Latvia,2008,5-9,6214,1271,0.2045381396845832,Europe
Latvia,2009,0-1,5099,128,0.025102961364973524,Europe
Latvia,2009,1-2,5099,297,0.05824671504216513,Europe
Latvia,2009,10+,5099,2844,0.5577564228280055,Europe
Latvia,2009,3-4,5099,724,0.1419886252206315,Europe
Latvia,2009,5-9,5099,1106,0.21690527554422437,Europe
Latvia,2010,0-1,4930,96,0.01947261663286004,Europe
Latvia,2010,1-2,4930,271,0.054969574036511155,Europe
Latvia,2010,10+,4930,2580,0.5233265720081136,Europe
Latvia,2010,3-4,4930,803,0.16288032454361054,Europe
Latvia,2010,5-9,4930,1180,0.23935091277890466,Europe
Latvia,2011,0-1,8302,173,0.020838352204288122,Europe
Latvia,2011,1-2,8302,344,0.04143579860274633,Europe
Latvia,2011,10+,8302,4323,0.5207178993013731,Europe
Latvia,2011,3-4,8302,1247,0.15020476993495543,Europe
Latvia,2011,5-9,8302,2215,0.26680317995663694,Europe
Latvia,2012,0-1,7311,223,0.030501983312816304,Europe
Latvia,2012,1-2,7311,268,0.03665709205307072,Europe
Latvia,2012,10+,7311,3941,0.5390507454520586,Europe
Latvia,2012,3-4,7311,785,0.10737245246888251,Europe
Latvia,2012,5-9,7311,2094,0.28641772671317195,Europe
Latvia,2014,0-1,6271,191,0.03045766225482379,Europe
Latvia,2014,1-2,6271,308,0.049114973688406956,Europe
Latvia,2014,10+,6271,3324,0.5300590017541063,Europe
Latvia,2014,3-4,6271,627,0.0999840535799713,Europe
Latvia,2014,5-9,6271,1821,0.2903843087226918,Europe
Latvia,2015,0-1,5151,155,0.030091244418559503,Europe
Latvia,2015,1-2,5151,255,0.04950495049504951,Europe
Latvia,2015,10+,5151,2702,0.5245583381867599,Europe
Latvia,2015,3-4,5151,600,0.11648223645894001,Europe
Latvia,2015,5-9,5151,1439,0.2793632304406911,Europe
Latvia,2016,0-1,6061,260,0.04289721168124072,Europe
Latvia,2016,1-2,6061,315,0.0519716218445801,Europe
Latvia,2016,10+,6061,3244,0.5352252103613265,Europe
Latvia,2016,3-4,6061,684,0.11285266457680251,Europe
Latvia,2016,5-9,6061,1558,0.25705329153605017,Europe
Latvia,2017,0-1,5943,249,0.041898031297324584,Europe
Latvia,2017,1-2,5943,346,0.05821975433282854,Europe
Latvia,2017,10+,5943,3232,0.5438330809355544,Europe
Latvia,2017,3-4,5943,733,0.12333838128891132,Europe
Latvia,2017,5-9,5943,1383,0.23271075214538112,Europe
Latvia,2018,0-1,5967,237,0.03971845148315736,Europe
Latvia,2018,1-2,5967,290,0.04860063683593095,Europe
Latvia,2018,10+,5967,3230,0.5413105413105413,Europe
Latvia,2018,3-4,5967,756,0.12669683257918551,Europe
Latvia,2018,5-9,5967,1454,0.24367353779118486,Europe
Latvia,2019,0-1,5971,239,0.04002679618154413,Europe
Latvia,2019,1-2,5971,305,0.05108022106849774,Europe
Latvia,2019,10+,5971,3164,0.52989449003517,Europe
Latvia,2019,3-4,5971,788,0.13197119410484007,Europe
Latvia,2019,5-9,5971,1475,0.24702729860994807,Europe
Latvia,2020,0-1,5206,225,0.043219362274298886,Europe
Latvia,2020,1-2,5206,301,0.057817902420284284,Europe
Latvia,2020,10+,5206,2720,0.5224740683826354,Europe
Latvia,2020,3-4,5206,671,0.1288897426046869,Europe
Latvia,2020,5-9,5206,1289,0.2475989243180945,Europe
Latvia,2021,0-1,4643,149,0.03209132026706871,Europe
Latvia,2021,1-2,4643,236,0.050829205255222915,Europe
Latvia,2021,10+,4643,2387,0.514107258238208,Europe
Latvia,2021,3-4,4643,630,0.13568813267284083,Europe
Latvia,2021,5-9,4643,1241,0.2672840835666595,Europe
Latvia,2022,0-1,5407,187,0.034584797484742004,Europe
Latvia,2022,1-2,5407,278,0.05141483262437581,Europe
Latvia,2022,10+,5407,2752,0.5089698538931016,Europe
Latvia,2022,3-4,5407,705,0.1303865359718883,Europe
Latvia,2022,5-9,5407,1485,0.27464398002589235,Europe
Latvia,2023,0-1,5312,216,0.04066265060240964,Europe
Latvia,2023,1-2,5312,258,0.048569277108433735,Europe
Latvia,2023,10+,5312,2739,0.515625,Europe
Latvia,2023,3-4,5312,626,0.11784638554216867,Europe
Latvia,2023,5-9,5312,1473,0.27729668674698793,Europe
Liechtenstein,1995,0-1,37,0,0,Europe
Liechtenstein,1995,10+,37,23,0.6216216216216216,Europe
Liechtenstein,1995,5-9,37,14,0.3783783783783784,Europe
Liechtenstein,1996,0-1,43,0,0,Europe
Liechtenstein,1996,10+,43,33,0.7674418604651163,Europe
Liechtenstein,1996,5-9,43,10,0.23255813953488372,Europe
Liechtenstein,1997,0-1,64,0,0,Europe
Liechtenstein,1997,10+,64,44,0.6875,Europe
Liechtenstein,1997,5-9,64,20,0.3125,Europe
Liechtenstein,2000,0-1,126,2,0.015873015873015872,Europe
Liechtenstein,2000,1-2,126,3,0.023809523809523808,Europe
Liechtenstein,2000,10+,126,68,0.5396825396825397,Europe
Liechtenstein,2000,3-4,126,13,0.10317460317460317,Europe
Liechtenstein,2000,5-9,126,40,0.31746031746031744,Europe
Liechtenstein,2001,1-2,82,1,0.012195121951219513,Europe
Liechtenstein,2001,10+,82,54,0.6585365853658537,Europe
Liechtenstein,2001,3-4,82,4,0.04878048780487805,Europe
Liechtenstein,2001,5-9,82,23,0.2804878048780488,Europe
Liechtenstein,2002,0-1,99,5,0.050505050505050504,Europe
Liechtenstein,2002,1-2,99,3,0.030303030303030304,Europe
Liechtenstein,2002,10+,99,46,0.46464646464646464,Europe
Liechtenstein,2002,3-4,99,12,0.12121212121212122,Europe
Liechtenstein,2002,5-9,99,33,0.3333333333333333,Europe
Liechtenstein,2004,0-1,101,3,0.0297029702970297,Europe
Liechtenstein,2004,1-2,101,4,0.039603960396039604,Europe
Liechtenstein,2004,10+,101,63,0.6237623762376238,Europe
Liechtenstein,2004,3-4,101,8,0.07920792079207921,Europe
Liechtenstein,2004,5-9,101,23,0.22772277227722773,Europe
Liechtenstein,2007,0-1,97,5,0.05154639175257732,Europe
Liechtenstein,2007,1-2,97,9,0.09278350515463918,Europe
Liechtenstein,2007,10+,97,43,0.44329896907216493,Europe
Liechtenstein,2007,3-4,97,9,0.09278350515463918,Europe
Liechtenstein,2007,5-9,97,31,0.31958762886597936,Europe
Liechtenstein,2011,0-1,91,3,0.03296703296703297,Europe
Liechtenstein,2011,1-2,91,5,0.054945054945054944,Europe
Liechtenstein,2011,10+,91,45,0.4945054945054945,Europe
Liechtenstein,2011,3-4,91,7,0.07692307692307693,Europe
Liechtenstein,2011,5-9,91,22,0.24175824175824176,Europe
Liechtenstein,2012,0-1,87,7,0.08045977011494253,Europe
Liechtenstein,2012,1-2,87,4,0.04597701149425287,Europe
Liechtenstein,2012,10+,87,39,0.4482758620689655,Europe
Liechtenstein,2012,3-4,87,6,0.06896551724137931,Europe
Liechtenstein,2012,5-9,87,31,0.3563218390804598,Europe
Liechtenstein,2013,1-2,75,6,0.08,Europe
Liechtenstein,2013,10+,75,40,0.5333333333333333,Europe
Liechtenstein,2013,3-4,75,3,0.04,Europe
Liechtenstein,2013,5-9,75,22,0.29333333333333333,Europe
Liechtenstein,2014,1-2,82,8,0.0975609756097561,Europe
Liechtenstein,2014,10+,82,43,0.524390243902439,Europe
Liechtenstein,2014,3-4,82,6,0.07317073170731707,Europe
Liechtenstein,2014,5-9,82,20,0.24390243902439024,Europe
Liechtenstein,2015,1-2,98,3,0.030612244897959183,Europe
Liechtenstein,2015,10+,98,55,0.5612244897959183,Europe
Liechtenstein,2015,3-4,98,11,0.11224489795918367,Europe
Liechtenstein,2015,5-9,98,29,0.29591836734693877,Europe
Liechtenstein,2016,1-2,81,4,0.04938271604938271,Europe
Liechtenstein,2016,10+,81,46,0.5679012345679012,Europe
Liechtenstein,2016,3-4,81,8,0.09876543209876543,Europe
Liechtenstein,2016,5-9,81,23,0.2839506172839506,Europe
Liechtenstein,2017,1-2,90,10,0.1111111111111111,Europe
Liechtenstein,2017,10+,90,47,0.5222222222222223,Europe
Liechtenstein,2017,3-4,90,7,0.07777777777777778,Europe
Liechtenstein,2017,5-9,90,26,0.28888888888888886,Europe
Liechtenstein,2018,1-2,74,2,0.02702702702702703,Europe
Liechtenstein,2018,10+,74,42,0.5675675675675675,Europe
Liechtenstein,2018,3-4,74,12,0.16216216216216217,Europe
Liechtenstein,2018,5-9,74,18,0.24324324324324326,Europe
Liechtenstein,2019,1-2,99,15,0.15151515151515152,Europe
Liechtenstein,2019,10+,99,50,0.5050505050505051,Europe
Liechtenstein,2019,3-4,99,9,0.09090909090909091,Europe
Liechtenstein,2019,5-9,99,24,0.24242424242424243,Europe
Lithuania,1995,0-1,10221,436,0.04265727423931122,Europe
Lithuania,1995,1-2,10221,617,0.06036591331572253,Europe
Lithuania,1995,10+,10221,4400,0.4304862537912142,Europe
Lithuania,1995,3-4,10221,1674,0.16378045201056649,Europe
Lithuania,1995,5-9,10221,3091,0.30241659328832793,Europe
Lithuania,1996,0-1,11311,475,0.04199451861020246,Europe
Lithuania,1996,1-2,11311,562,0.049686146229334274,Europe
Lithuania,1996,10+,11311,4987,0.440898240650694,Europe
Lithuania,1996,3-4,11311,1637,0.1447263725576872,Europe
Lithuania,1996,5-9,11311,3626,0.320572893643356,Europe
Lithuania,1997,0-1,11371,462,0.04062967197256178,Europe
Lithuania,1997,1-2,11371,586,0.05153460557558702,Europe
Lithuania,1997,10+,11371,5192,0.4566001231202181,Europe
Lithuania,1997,3-4,11371,1379,0.12127341482719198,Europe
Lithuania,1997,5-9,11371,3751,0.3298742414915135,Europe
Lithuania,2004,0-1,10997,360,0.03273620078203146,Europe
Lithuania,2004,1-2,10997,405,0.036828225879785396,Europe
Lithuania,2004,10+,10997,6642,0.6039829044284805,Europe
Lithuania,2004,3-4,10997,992,0.09020641993270892,Europe
Lithuania,2004,5-9,10997,2598,0.23624624897699373,Europe
Lithuania,2005,0-1,11097,466,0.041993331531044426,Europe
Lithuania,2005,1-2,11097,494,0.04451653600072092,Europe
Lithuania,2005,10+,11097,6800,0.6127782283500045,Europe
Lithuania,2005,3-4,11097,945,0.0851581508515815,Europe
Lithuania,2005,5-9,11097,2392,0.21555375326664863,Europe
Lithuania,2007,0-1,11336,533,0.047018348623853214,Europe
Lithuania,2007,1-2,11336,573,0.0505469301340861,Europe
Lithuania,2007,10+,11336,6868,0.6058574453069866,Europe
Lithuania,2007,3-4,11336,1150,0.10144671841919549,Europe
Lithuania,2007,5-9,11336,2212,0.19513055751587863,Europe
Lithuania,2008,0-1,10317,600,0.05815644082582146,Europe
Lithuania,2008,1-2,10317,586,0.056799457206552294,Europe
Lithuania,2008,10+,10317,6030,0.5844722302995057,Europe
Lithuania,2008,3-4,10317,1151,0.11156343898420083,Europe
Lithuania,2008,5-9,10317,1950,0.18900843268391973,Europe
Lithuania,2009,0-1,9270,563,0.060733549083063644,Europe
Lithuania,2009,1-2,9270,553,0.05965480043149946,Europe
Lithuania,2009,10+,9270,5362,0.5784250269687163,Europe
Lithuania,2009,3-4,9270,1083,0.1168284789644013,Europe
Lithuania,2009,5-9,9270,1709,0.1843581445523193,Europe
Lithuania,2010,0-1,10006,598,0.05976414151509095,Europe
Lithuania,2010,1-2,10006,684,0.06835898460923447,Europe
Lithuania,2010,10+,10006,5658,0.5654607235658605,Europe
Lithuania,2010,3-4,10006,1219,0.1218269038576854,Europe
Lithuania,2010,5-9,10006,1847,0.18458924645212874,Europe
Lithuania,2011,0-1,10341,532,0.05144570157624988,Europe
Lithuania,2011,1-2,10341,632,0.06111594623343971,Europe
Lithuania,2011,10+,10341,5755,0.5565225800212745,Europe
Lithuania,2011,3-4,10341,1362,0.13170873223092544,Europe
Lithuania,2011,5-9,10341,2060,0.19920703993811043,Europe
Lithuania,2012,0-1,10399,556,0.05346667948841235,Europe
Lithuania,2012,1-2,10399,552,0.05308202711799211,Europe
Lithuania,2012,10+,10399,5710,0.5490912587748822,Europe
Lithuania,2012,3-4,10399,1299,0.12491585729397058,Europe
Lithuania,2012,5-9,10399,2282,0.21944417732474275,Europe
Lithuania,2015,0-1,9371,559,0.059652118237114506,Europe
Lithuania,2015,1-2,9371,578,0.06167964998399317,Europe
Lithuania,2015,10+,9371,4992,0.532707288443069,Europe
Lithuania,2015,3-4,9371,974,0.10393768007683278,Europe
Lithuania,2015,5-9,9371,2268,0.2420232632589905,Europe
Lithuania,2016,0-1,8879,559,0.0629575402635432,Europe
Lithuania,2016,1-2,8879,518,0.05833990314224575,Europe
Lithuania,2016,10+,8879,4585,0.5163869805158239,Europe
Lithuania,2016,3-4,8879,1075,0.12107219281450614,Europe
Lithuania,2016,5-9,8879,2142,0.24124338326388106,Europe
Lithuania,2017,0-1,8518,320,0.037567504108945764,Europe
Lithuania,2017,1-2,8518,514,0.06034280347499413,Europe
Lithuania,2017,10+,8518,4708,0.5527119042028645,Europe
Lithuania,2017,3-4,8518,1031,0.12103780230100962,Europe
Lithuania,2017,5-9,8518,1945,0.22833998591218596,Europe
Lithuania,2018,0-1,8640,443,0.05127314814814815,Europe
Lithuania,2018,1-2,8640,521,0.060300925925925924,Europe
Lithuania,2018,10+,8640,4649,0.5380787037037037,Europe
Lithuania,2018,3-4,8640,1046,0.12106481481481482,Europe
Lithuania,2018,5-9,8640,1974,0.22847222222222222,Europe
Lithuania,2019,0-1,8683,551,0.06345733041575492,Europe
Lithuania,2019,1-2,8683,491,0.05654727628699758,Europe
Lithuania,2019,10+,8683,4587,0.5282736381434988,Europe
Lithuania,2019,3-4,8683,1094,0.12599332028100887,Europe
Lithuania,2019,5-9,8683,1945,0.2240009213405505,Europe
Lithuania,2021,0-1,7822,438,0.05599590897468678,Europe
Lithuania,2021,1-2,7822,457,0.05842495525441064,Europe
Lithuania,2021,10+,7822,3996,0.5108667859882383,Europe
Lithuania,2021,3-4,7822,1005,0.12848376374328815,Europe
Lithuania,2021,5-9,7822,1922,0.24571720787522372,Europe
Lithuania,2022,0-1,7395,350,0.04732927653820149,Europe
Lithuania,2022,1-2,7395,380,0.05138607167004733,Europe
Lithuania,2022,10+,7395,3998,0.5406355645706559,Europe
Lithuania,2022,3-4,7395,869,0.11751183231913455,Europe
Lithuania,2022,5-9,7395,1798,0.24313725490196078,Europe
Lithuania,2023,0-1,7231,421,0.05822154612086848,Europe
Lithuania,2023,1-2,7231,330,0.04563684137740285,Europe
Lithuania,2023,10+,7231,3914,0.5412805974277417,Europe
Lithuania,2023,3-4,7231,817,0.1129857557737519,Europe
Lithuania,2023,5-9,7231,1749,0.2418752593002351,Europe
Luxembourg,1995,0-1,727,22,0.030261348005502064,Europe
Luxembourg,1995,1-2,727,11,0.015130674002751032,Europe
Luxembourg,1995,10+,727,385,0.5295735900962861,Europe
Luxembourg,1995,3-4,727,128,0.17606602475928473,Europe
Luxembourg,1995,5-9,727,181,0.24896836313617607,Europe
Luxembourg,1996,0-1,817,15,0.01835985312117503,Europe
Luxembourg,1996,1-2,817,22,0.02692778457772338,Europe
Luxembourg,1996,10+,817,388,0.4749082007343941,Europe
Luxembourg,1996,3-4,817,133,0.16279069767441862,Europe
Luxembourg,1996,5-9,817,257,0.31456548347613217,Europe
Luxembourg,2004,0-1,1055,21,0.01990521327014218,Europe
Luxembourg,2004,1-2,1055,47,0.04454976303317536,Europe
Luxembourg,2004,10+,1055,590,0.5592417061611374,Europe
Luxembourg,2004,3-4,1055,137,0.12985781990521328,Europe
Luxembourg,2004,5-9,1055,260,0.24644549763033174,Europe
Luxembourg,2007,0-1,1106,21,0.0189873417721519,Europe
Luxembourg,2007,1-2,1106,33,0.029837251356238697,Europe
Luxembourg,2007,10+,1106,610,0.5515370705244123,Europe
Luxembourg,2007,3-4,1106,129,0.1166365280289331,Europe
Luxembourg,2007,5-9,1106,313,0.283001808318264,Europe
Luxembourg,2008,0-1,977,22,0.022517911975435005,Europe
Luxembourg,2008,1-2,977,40,0.04094165813715456,Europe
Luxembourg,2008,10+,977,543,0.5557830092118731,Europe
Luxembourg,2008,3-4,977,108,0.1105424769703173,Europe
Luxembourg,2008,5-9,977,264,0.27021494370522003,Europe
Luxembourg,2009,0-1,1052,18,0.017110266159695818,Europe
Luxembourg,2009,1-2,1052,37,0.03517110266159696,Europe
Luxembourg,2009,10+,1052,622,0.591254752851711,Europe
Luxembourg,2009,3-4,1052,113,0.10741444866920152,Europe
Luxembourg,2009,5-9,1052,259,0.2461977186311787,Europe
Luxembourg,2010,0-1,1083,19,0.017543859649122806,Europe
Luxembourg,2010,1-2,1083,34,0.03139427516158818,Europe
Luxembourg,2010,10+,1083,601,0.5549399815327793,Europe
Luxembourg,2010,3-4,1083,132,0.12188365650969529,Europe
Luxembourg,2010,5-9,1083,297,0.2742382271468144,Europe
Luxembourg,2013,0-1,1163,10,0.008598452278589854,Europe
Luxembourg,2013,1-2,1163,28,0.02407566638005159,Europe
Luxembourg,2013,10+,1163,709,0.6096302665520207,Europe
Luxembourg,2013,3-4,1163,125,0.10748065348237318,Europe
Luxembourg,2013,5-9,1163,291,0.25021496130696474,Europe
Luxembourg,2015,0-1,1345,21,0.015613382899628252,Europe
Luxembourg,2015,1-2,1345,37,0.0275092936802974,Europe
Luxembourg,2015,10+,1345,815,0.6059479553903345,Europe
Luxembourg,2015,3-4,1345,130,0.09665427509293681,Europe
Luxembourg,2015,5-9,1345,342,0.25427509293680295,Europe
Luxembourg,2016,0-1,1241,21,0.016921837228041903,Europe
Luxembourg,2016,1-2,1241,37,0.029814665592264304,Europe
Luxembourg,2016,10+,1241,758,0.6107977437550363,Europe
Luxembourg,2016,3-4,1241,114,0.09186140209508462,Europe
Luxembourg,2016,5-9,1241,311,0.2506043513295729,Europe
Luxembourg,2017,0-1,1192,38,0.031879194630872486,Europe
Luxembourg,2017,1-2,1192,36,0.030201342281879196,Europe
Luxembourg,2017,10+,1192,712,0.5973154362416108,Europe
Luxembourg,2017,3-4,1192,113,0.09479865771812081,Europe
Luxembourg,2017,5-9,1192,293,0.24580536912751677,Europe
Luxembourg,2018,0-1,1230,23,0.01869918699186992,Europe
Luxembourg,2018,1-2,1230,40,0.032520325203252036,Europe
Luxembourg,2018,10+,1230,731,0.5943089430894309,Europe
Luxembourg,2018,3-4,1230,151,0.12276422764227642,Europe
Luxembourg,2018,5-9,1230,283,0.23008130081300812,Europe
Luxembourg,2019,0-1,1906,79,0.041448058761804824,Europe
Luxembourg,2019,1-2,1906,77,0.040398740818468,Europe
Luxembourg,2019,10+,1906,1097,0.5755508919202519,Europe
Luxembourg,2019,3-4,1906,222,0.11647429171038824,Europe
Luxembourg,2019,5-9,1906,431,0.2261280167890871,Europe
Luxembourg,2020,0-1,1447,68,0.046993780234968904,Europe
Luxembourg,2020,1-2,1447,67,0.04630269523151347,Europe
Luxembourg,2020,10+,1447,797,0.5507947477539737,Europe
Luxembourg,2020,3-4,1447,187,0.12923289564616447,Europe
Luxembourg,2020,5-9,1447,327,0.22598479612992398,Europe
Luxembourg,2021,0-1,1400,75,0.05357142857142857,Europe
Luxembourg,2021,1-2,1400,65,0.04642857142857143,Europe
Luxembourg,2021,10+,1400,731,0.5221428571428571,Europe
Luxembourg,2021,3-4,1400,169,0.12071428571428572,Europe
Luxembourg,2021,5-9,1400,359,0.25642857142857145,Europe
Luxembourg,2022,0-1,1243,65,0.05229283990345937,Europe
Luxembourg,2022,1-2,1243,58,0.04666130329847144,Europe
Luxembourg,2022,10+,1243,695,0.5591311343523733,Europe
Luxembourg,2022,3-4,1243,148,0.11906677393403058,Europe
Luxembourg,2022,5-9,1243,277,0.22284794851166534,Europe
Luxembourg,2023,0-1,1359,83,0.061074319352465045,Europe
Luxembourg,2023,1-2,1359,81,0.059602649006622516,Europe
Luxembourg,2023,10+,1359,718,0.5283296541574687,Europe
Luxembourg,2023,3-4,1359,145,0.10669610007358352,Europe
Luxembourg,2023,5-9,1359,332,0.24429727740986018,Europe
Malta,2011,0-1,42,0,0,Europe
Malta,2011,1-2,42,0,0,Europe
Malta,2011,10+,42,40,0.9523809523809523,Europe
Malta,2011,3-4,42,0,0,Europe
Malta,2011,5-9,42,2,0.047619047619047616,Europe
Montenegro,2000,0-1,435,26,0.059770114942528735,Europe
Montenegro,2000,1-2,435,66,0.15172413793103448,Europe
Montenegro,2000,3-4,435,58,0.13333333333333333,Europe
Montenegro,2000,5-9,435,285,0.6551724137931034,Europe
Montenegro,2001,0-1,492,18,0.036585365853658534,Europe
Montenegro,2001,1-2,492,76,0.15447154471544716,Europe
Montenegro,2001,3-4,492,80,0.16260162601626016,Europe
Montenegro,2001,5-9,492,318,0.6463414634146342,Europe
Montenegro,2002,0-1,506,19,0.037549407114624504,Europe
Montenegro,2002,1-2,506,72,0.1422924901185771,Europe
Montenegro,2002,3-4,506,64,0.12648221343873517,Europe
Montenegro,2002,5-9,506,351,0.6936758893280632,Europe
Montenegro,2003,0-1,494,33,0.06680161943319839,Europe
Montenegro,2003,1-2,494,73,0.14777327935222673,Europe
Montenegro,2003,3-4,494,67,0.13562753036437247,Europe
Montenegro,2003,5-9,494,321,0.6497975708502024,Europe
Montenegro,2004,0-1,505,18,0.03564356435643564,Europe
Montenegro,2004,1-2,505,73,0.14455445544554454,Europe
Montenegro,2004,3-4,505,61,0.12079207920792079,Europe
Montenegro,2004,5-9,505,353,0.699009900990099,Europe
Montenegro,2005,0-1,499,15,0.03006012024048096,Europe
Montenegro,2005,1-2,499,85,0.17034068136272545,Europe
Montenegro,2005,3-4,499,74,0.14829659318637275,Europe
Montenegro,2005,5-9,499,325,0.6513026052104208,Europe
Montenegro,2006,0-1,470,18,0.03829787234042553,Europe
Montenegro,2006,1-2,470,63,0.13404255319148936,Europe
Montenegro,2006,3-4,470,74,0.1574468085106383,Europe
Montenegro,2006,5-9,470,315,0.6702127659574468,Europe
Montenegro,2007,0-1,453,54,0.11920529801324503,Europe
Montenegro,2007,1-2,453,46,0.10154525386313466,Europe
Montenegro,2007,10+,453,174,0.3841059602649007,Europe
Montenegro,2007,3-4,453,74,0.16335540838852097,Europe
Montenegro,2007,5-9,453,105,0.23178807947019867,Europe
Montenegro,2008,0-1,460,69,0.15,Europe
Montenegro,2008,1-2,460,22,0.04782608695652174,Europe
Montenegro,2008,10+,460,200,0.43478260869565216,Europe
Montenegro,2008,3-4,460,64,0.1391304347826087,Europe
Montenegro,2008,5-9,460,105,0.22826086956521738,Europe
Montenegro,2009,0-1,456,49,0.1074561403508772,Europe
Montenegro,2009,1-2,456,48,0.10526315789473684,Europe
Montenegro,2009,10+,456,167,0.36622807017543857,Europe
Montenegro,2009,3-4,456,81,0.17763157894736842,Europe
Montenegro,2009,5-9,456,111,0.24342105263157895,Europe
Montenegro,2011,0-1,471,56,0.11889596602972399,Europe
Montenegro,2011,1-2,471,44,0.09341825902335456,Europe
Montenegro,2011,10+,471,203,0.4309978768577495,Europe
Montenegro,2011,3-4,471,55,0.11677282377919321,Europe
Montenegro,2011,5-9,471,113,0.23991507430997877,Europe
Montenegro,2012,0-1,515,51,0.09902912621359224,Europe
Montenegro,2012,1-2,515,32,0.062135922330097085,Europe
Montenegro,2012,10+,515,228,0.44271844660194176,Europe
Montenegro,2012,3-4,515,84,0.16310679611650486,Europe
Montenegro,2012,5-9,515,120,0.23300970873786409,Europe
Montenegro,2013,0-1,499,50,0.10020040080160321,Europe
Montenegro,2013,1-2,499,29,0.05811623246492986,Europe
Montenegro,2013,10+,499,226,0.4529058116232465,Europe
Montenegro,2013,3-4,499,74,0.14829659318637275,Europe
Montenegro,2013,5-9,499,120,0.24048096192384769,Europe
Montenegro,2014,0-1,584,68,0.11643835616438356,Europe
Montenegro,2014,1-2,584,35,0.059931506849315065,Europe
Montenegro,2014,10+,584,272,0.4657534246575342,Europe
Montenegro,2014,3-4,584,67,0.11472602739726027,Europe
Montenegro,2014,5-9,584,142,0.24315068493150685,Europe
Montenegro,2016,0-1,703,83,0.11806543385490754,Europe
Montenegro,2016,1-2,703,41,0.05832147937411095,Europe
Montenegro,2016,10+,703,345,0.4907539118065434,Europe
Montenegro,2016,3-4,703,79,0.112375533428165,Europe
Montenegro,2016,5-9,703,155,0.22048364153627312,Europe
Montenegro,2017,0-1,765,88,0.11503267973856209,Europe
Montenegro,2017,1-2,765,57,0.07450980392156863,Europe
Montenegro,2017,10+,765,335,0.43790849673202614,Europe
Montenegro,2017,3-4,765,90,0.11764705882352941,Europe
Montenegro,2017,5-9,765,195,0.2549019607843137,Europe
Montenegro,2018,0-1,849,79,0.09305064782096584,Europe
Montenegro,2018,1-2,849,63,0.07420494699646643,Europe
Montenegro,2018,10+,849,403,0.4746760895170789,Europe
Montenegro,2018,3-4,849,133,0.15665488810365136,Europe
Montenegro,2018,5-9,849,171,0.20141342756183744,Europe
Montenegro,2019,0-1,841,86,0.10225921521997622,Europe
Montenegro,2019,1-2,841,58,0.06896551724137931,Europe
Montenegro,2019,10+,841,382,0.45422116527942924,Europe
Montenegro,2019,3-4,841,127,0.15101070154577884,Europe
Montenegro,2019,5-9,841,188,0.2235434007134364,Europe
Montenegro,2020,0-1,784,67,0.08545918367346939,Europe
Montenegro,2020,1-2,784,45,0.05739795918367347,Europe
Montenegro,2020,10+,784,359,0.45790816326530615,Europe
Montenegro,2020,3-4,784,97,0.12372448979591837,Europe
Montenegro,2020,5-9,784,216,0.2755102040816326,Europe
Montenegro,2021,0-1,768,53,0.06901041666666667,Europe
Montenegro,2021,1-2,768,49,0.06380208333333333,Europe
Montenegro,2021,10+,768,376,0.4895833333333333,Europe
Montenegro,2021,3-4,768,91,0.11848958333333333,Europe
Montenegro,2021,5-9,768,199,0.2591145833333333,Europe
Montenegro,2022,0-1,690,23,0.03333333333333333,Europe
Montenegro,2022,10+,690,344,0.4985507246376812,Europe
Montenegro,2022,3-4,690,154,0.22318840579710145,Europe
Montenegro,2022,5-9,690,169,0.24492753623188407,Europe
Montenegro,2023,0-1,775,33,0.04258064516129032,Europe
Montenegro,2023,10+,775,443,0.5716129032258065,Europe
Montenegro,2023,3-4,775,152,0.19612903225806452,Europe
Montenegro,2023,5-9,775,147,0.1896774193548387,Europe
Netherlands,1995,0-1,34170,967,0.0282996780801873,Europe
Netherlands,1995,1-2,34170,2109,0.06172080772607551,Europe
Netherlands,1995,10+,34170,16454,0.4815335089259584,Europe
Netherlands,1995,3-4,34170,5744,0.1681006731050629,Europe
Netherlands,1995,5-9,34170,8896,0.2603453321627158,Europe
Netherlands,1996,0-1,34871,810,0.02322847064896332,Europe
Netherlands,1996,1-2,34871,1831,0.0525078145163603,Europe
Netherlands,1996,10+,34871,16772,0.48097272805483066,Europe
Netherlands,1996,3-4,34871,5546,0.1590433311347538,Europe
Netherlands,1996,5-9,34871,9912,0.2842476556450919,Europe
Netherlands,2004,0-1,31098,1377,0.04427937487941347,Europe
Netherlands,2004,1-2,31098,1430,0.04598366454434369,Europe
Netherlands,2004,10+,31098,17754,0.5709048813428517,Europe
Netherlands,2004,3-4,31098,3434,0.11042510772396939,Europe
Netherlands,2004,5-9,31098,7103,0.22840697150942182,Europe
Netherlands,2007,0-1,31983,1258,0.039333395866554106,Europe
Netherlands,2007,1-2,31983,1251,0.03911452959384673,Europe
Netherlands,2007,10+,31983,18467,0.5774004940124441,Europe
Netherlands,2007,3-4,31983,3289,0.10283588156207986,Europe
Netherlands,2007,5-9,31983,7718,0.2413156989650752,Europe
Netherlands,2008,0-1,32236,1307,0.040544732597096414,Europe
Netherlands,2008,1-2,32236,1304,0.040451668941556024,Europe
Netherlands,2008,10+,32236,18799,0.5831678868345949,Europe
Netherlands,2008,3-4,32236,2995,0.09290854944782231,Europe
Netherlands,2008,5-9,32236,7831,0.2429271621789304,Europe
Netherlands,2009,0-1,30779,1355,0.04402352253159622,Europe
Netherlands,2009,1-2,30779,1297,0.04213912082913675,Europe
Netherlands,2009,10+,30779,17912,0.5819552292147243,Europe
Netherlands,2009,3-4,30779,2874,0.09337535332531921,Europe
Netherlands,2009,5-9,30779,7341,0.2385067740992235,Europe
Netherlands,2011,0-1,33755,1737,0.051459043104725224,Europe
Netherlands,2011,1-2,33755,1681,0.0498000296252407,Europe
Netherlands,2011,10+,33755,19398,0.574670419197156,Europe
Netherlands,2011,3-4,33755,3366,0.09971856021330174,Europe
Netherlands,2011,5-9,33755,7573,0.22435194785957635,Europe
Netherlands,2012,0-1,34721,1793,0.051640217735664296,Europe
Netherlands,2012,1-2,34721,1813,0.05221623801157801,Europe
Netherlands,2012,10+,34721,19947,0.5744938221825409,Europe
Netherlands,2012,3-4,34721,3579,0.10307882837475879,Europe
Netherlands,2012,5-9,34721,7589,0.21857089369545807,Europe
Netherlands,2013,0-1,33636,1506,0.04477345701034606,Europe
Netherlands,2013,1-2,33636,1506,0.04477345701034606,Europe
Netherlands,2013,10+,33636,19918,0.5921631585206326,Europe
Netherlands,2013,3-4,33636,3401,0.10111190391247472,Europe
Netherlands,2013,5-9,33636,7305,0.2171780235462005,Europe
Netherlands,2014,0-1,35409,1417,0.04001807450083312,Europe
Netherlands,2014,1-2,35409,1557,0.043971871558078454,Europe
Netherlands,2014,10+,35409,21539,0.6082916772571945,Europe
Netherlands,2014,3-4,35409,3381,0.0954841989324748,Europe
Netherlands,2014,5-9,35409,7515,0.21223417775141912,Europe
Netherlands,2015,0-1,34232,1347,0.03934914699696191,Europe
Netherlands,2015,1-2,34232,1450,0.042358027576536575,Europe
Netherlands,2015,10+,34232,20517,0.5993514839915868,Europe
Netherlands,2015,3-4,34232,3324,0.09710212666510867,Europe
Netherlands,2015,5-9,34232,7594,0.22183921476980603,Europe
Netherlands,2016,0-1,33414,1397,0.04180882264918896,Europe
Netherlands,2016,1-2,33414,1343,0.040192733584724964,Europe
Netherlands,2016,10+,33414,20349,0.6089962291255162,Europe
Netherlands,2016,3-4,33414,3011,0.09011192913150176,Europe
Netherlands,2016,5-9,33414,7314,0.21889028550906806,Europe
Netherlands,2017,0-1,32768,1487,0.045379638671875,Europe
Netherlands,2017,1-2,32768,1243,0.037933349609375,Europe
Netherlands,2017,10+,32768,19937,0.608428955078125,Europe
Netherlands,2017,3-4,32768,2898,0.08843994140625,Europe
Netherlands,2017,5-9,32768,7203,0.219818115234375,Europe
Netherlands,2018,0-1,30729,1365,0.044420579908230014,Europe
Netherlands,2018,1-2,30729,1265,0.041166324969898145,Europe
Netherlands,2018,10+,30729,18498,0.6019720784926291,Europe
Netherlands,2018,3-4,30729,2670,0.0868886068534609,Europe
Netherlands,2018,5-9,30729,6931,0.22555240977578184,Europe
Netherlands,2019,0-1,30041,1434,0.04773476249126194,Europe
Netherlands,2019,1-2,30041,1297,0.043174328417828964,Europe
Netherlands,2019,10+,30041,18042,0.600579208415166,Europe
Netherlands,2019,3-4,30041,2623,0.08731400419426784,Europe
Netherlands,2019,5-9,30041,6645,0.2211976964814753,Europe
Netherlands,2020,0-1,28965,1361,0.046987743828758845,Europe
Netherlands,2020,1-2,28965,1227,0.04236147074054894,Europe
Netherlands,2020,10+,28965,17388,0.6003107198342827,Europe
Netherlands,2020,3-4,28965,2551,0.08807181080614535,Europe
Netherlands,2020,5-9,28965,6438,0.2222682547902641,Europe
Netherlands,2021,0-1,25962,1170,0.04506586549572452,Europe
Netherlands,2021,1-2,25962,1155,0.04448809798936908,Europe
Netherlands,2021,10+,25962,15562,0.5994145289268932,Europe
Netherlands,2021,3-4,25962,2355,0.09070949849780448,Europe
Netherlands,2021,5-9,25962,5720,0.22032200909020877,Europe
Netherlands,2022,0-1,23603,1078,0.04567216031860357,Europe
Netherlands,2022,1-2,23603,1010,0.042791170613905014,Europe
Netherlands,2022,10+,23603,13987,0.5925941617590984,Europe
Netherlands,2022,3-4,23603,2219,0.09401347286361904,Europe
Netherlands,2022,5-9,23603,5309,0.22492903444477397,Europe
Netherlands,2023,0-1,24310,1245,0.05121349238996298,Europe
Netherlands,2023,1-2,24310,936,0.038502673796791446,Europe
Netherlands,2023,10+,24310,14235,0.5855614973262032,Europe
Netherlands,2023,3-4,24310,2331,0.09588646647470177,Europe
Netherlands,2023,5-9,24310,5563,0.2288358700123406,Europe
North Macedonia,1995,0-1,710,90,0.1267605633802817,Europe
North Macedonia,1995,1-2,710,60,0.08450704225352113,Europe
North Macedonia,1995,10+,710,221,0.3112676056338028,Europe
North Macedonia,1995,3-4,710,108,0.15211267605633802,Europe
North Macedonia,1995,5-9,710,396,0.5577464788732395,Europe
North Macedonia,1997,0-1,1021,133,0.13026444662095985,Europe
North Macedonia,1997,1-2,1021,91,0.089128305582762,Europe
North Macedonia,1997,10+,1021,390,0.3819784524975514,Europe
North Macedonia,1997,3-4,1021,130,0.12732615083251714,Europe
North Macedonia,1997,5-9,1021,277,0.2713026444662096,Europe
North Macedonia,2004,0-1,1645,331,0.2012158054711246,Europe
North Macedonia,2004,1-2,1645,95,0.057750759878419454,Europe
North Macedonia,2004,10+,1645,578,0.3513677811550152,Europe
North Macedonia,2004,3-4,1645,229,0.139209726443769,Europe
North Macedonia,2004,5-9,1645,412,0.25045592705167175,Europe
North Macedonia,2007,0-1,1417,270,0.19054340155257588,Europe
North Macedonia,2007,1-2,1417,127,0.08962597035991532,Europe
North Macedonia,2007,10+,1417,442,0.3119266055045872,Europe
North Macedonia,2007,3-4,1417,228,0.16090331686661963,Europe
North Macedonia,2007,5-9,1417,350,0.24700070571630206,Europe
North Macedonia,2008,0-1,1209,242,0.2001654259718776,Europe
North Macedonia,2008,1-2,1209,92,0.076095947063689,Europe
North Macedonia,2008,10+,1209,410,0.3391232423490488,Europe
North Macedonia,2008,3-4,1209,194,0.16046319272125723,Europe
North Macedonia,2008,5-9,1209,271,0.22415219189412738,Europe
North Macedonia,2009,0-1,1287,224,0.17404817404817405,Europe
North Macedonia,2009,1-2,1287,132,0.10256410256410256,Europe
North Macedonia,2009,10+,1287,443,0.3442113442113442,Europe
North Macedonia,2009,3-4,1287,187,0.1452991452991453,Europe
North Macedonia,2009,5-9,1287,301,0.2338772338772339,Europe
North Macedonia,2010,0-1,1720,266,0.15465116279069768,Europe
North Macedonia,2010,1-2,1720,185,0.10755813953488372,Europe
North Macedonia,2010,10+,1720,679,0.39476744186046514,Europe
North Macedonia,2010,3-4,1720,271,0.15755813953488373,Europe
North Macedonia,2010,5-9,1720,319,0.18546511627906978,Europe
North Macedonia,2011,0-1,1753,266,0.1517398745008557,Europe
North Macedonia,2011,1-2,1753,145,0.08271534512264689,Europe
North Macedonia,2011,10+,1753,746,0.4255561893896178,Europe
North Macedonia,2011,3-4,1753,222,0.1266400456360525,Europe
North Macedonia,2011,5-9,1753,374,0.21334854535082715,Europe
North Macedonia,2012,0-1,1926,284,0.1474558670820353,Europe
North Macedonia,2012,1-2,1926,144,0.07476635514018691,Europe
North Macedonia,2012,10+,1926,829,0.43042575285565937,Europe
North Macedonia,2012,3-4,1926,229,0.11889927310488058,Europe
North Macedonia,2012,5-9,1926,440,0.2284527518172378,Europe
North Macedonia,2013,0-1,2045,271,0.13251833740831295,Europe
North Macedonia,2013,1-2,2045,120,0.05867970660146699,Europe
North Macedonia,2013,10+,2045,959,0.4689486552567237,Europe
North Macedonia,2013,3-4,2045,256,0.12518337408312957,Europe
North Macedonia,2013,5-9,2045,439,0.21466992665036674,Europe
North Macedonia,2014,0-1,2210,278,0.1257918552036199,Europe
North Macedonia,2014,1-2,2210,154,0.06968325791855204,Europe
North Macedonia,2014,10+,2210,1021,0.46199095022624437,Europe
North Macedonia,2014,3-4,2210,258,0.1167420814479638,Europe
North Macedonia,2014,5-9,2210,499,0.2257918552036199,Europe
North Macedonia,2016,0-1,1985,246,0.1239294710327456,Europe
North Macedonia,2016,1-2,1985,114,0.05743073047858942,Europe
North Macedonia,2016,10+,1985,928,0.46750629722921916,Europe
North Macedonia,2016,3-4,1985,243,0.12241813602015113,Europe
North Macedonia,2016,5-9,1985,454,0.2287153652392947,Europe
North Macedonia,2017,0-1,1994,286,0.14343029087261785,Europe
North Macedonia,2017,1-2,1994,141,0.07071213640922769,Europe
North Macedonia,2017,10+,1994,899,0.45085255767301907,Europe
North Macedonia,2017,3-4,1994,225,0.11283851554663991,Europe
North Macedonia,2017,5-9,1994,443,0.22216649949849548,Europe
North Macedonia,2018,0-1,1620,226,0.13950617283950617,Europe
North Macedonia,2018,1-2,1620,139,0.08580246913580247,Europe
North Macedonia,2018,10+,1620,737,0.45493827160493827,Europe
North Macedonia,2018,3-4,1620,196,0.12098765432098765,Europe
North Macedonia,2018,5-9,1620,322,0.19876543209876543,Europe
North Macedonia,2019,0-1,1990,272,0.13668341708542714,Europe
North Macedonia,2019,1-2,1990,137,0.06884422110552764,Europe
North Macedonia,2019,10+,1990,908,0.4562814070351759,Europe
North Macedonia,2019,3-4,1990,243,0.1221105527638191,Europe
North Macedonia,2019,5-9,1990,430,0.21608040201005024,Europe
North Macedonia,2020,0-1,1569,218,0.13894200127469725,Europe
North Macedonia,2020,1-2,1569,104,0.0662842574888464,Europe
North Macedonia,2020,10+,1569,728,0.4639898024219248,Europe
North Macedonia,2020,3-4,1569,195,0.124282982791587,Europe
North Macedonia,2020,5-9,1569,324,0.20650095602294455,Europe
North Macedonia,2021,0-1,1964,228,0.11608961303462322,Europe
North Macedonia,2021,1-2,1964,149,0.07586558044806517,Europe
North Macedonia,2021,10+,1964,919,0.4679226069246436,Europe
North Macedonia,2021,3-4,1964,217,0.1104887983706721,Europe
North Macedonia,2021,5-9,1964,451,0.22963340122199594,Europe
Norway,1995,0-1,10360,213,0.02055984555984556,Europe
Norway,1995,1-2,10360,436,0.04208494208494209,Europe
Norway,1995,10+,10360,5643,0.5446911196911197,Europe
Norway,1995,3-4,10360,1054,0.10173745173745173,Europe
Norway,1995,5-9,10360,2642,0.25501930501930503,Europe
Norway,1996,0-1,9982,220,0.022039671408535362,Europe
Norway,1996,1-2,9982,451,0.04518132638749749,Europe
Norway,1996,10+,9982,5453,0.5462833099579243,Europe
Norway,1996,3-4,9982,1054,0.10559006211180125,Europe
Norway,1996,5-9,9982,2433,0.24373872971348426,Europe
Norway,1997,0-1,9961,254,0.02549944784660175,Europe
Norway,1997,1-2,9961,466,0.04678245156108824,Europe
Norway,1997,10+,9961,5529,0.5550647525348861,Europe
Norway,1997,3-4,9961,1080,0.10842284911153499,Europe
Norway,1997,5-9,9961,2400,0.24093966469229997,Europe
Norway,2004,0-1,11045,279,0.02526029877772748,Europe
Norway,2004,1-2,11045,576,0.05215029425079221,Europe
Norway,2004,10+,11045,5701,0.5161611588954278,Europe
Norway,2004,3-4,11045,1392,0.12602987777274785,Europe
Norway,2004,5-9,11045,2856,0.25857854232684474,Europe
Norway,2007,0-1,10280,213,0.020719844357976653,Europe
Norway,2007,1-2,10280,439,0.042704280155642024,Europe
Norway,2007,10+,10280,5185,0.5043774319066148,Europe
Norway,2007,3-4,10280,1228,0.11945525291828794,Europe
Norway,2007,5-9,10280,2940,0.28599221789883267,Europe
Norway,2008,0-1,10158,186,0.01831069108092144,Europe
Norway,2008,1-2,10158,437,0.043020279582595,Europe
Norway,2008,10+,10158,5151,0.5070880094506792,Europe
Norway,2008,3-4,10158,1085,0.10681236463870841,Europe
Norway,2008,5-9,10158,3008,0.2961212837172672,Europe
Norway,2009,0-1,10235,221,0.02159257449926722,Europe
Norway,2009,1-2,10235,434,0.04240351734245237,Europe
Norway,2009,10+,10235,5217,0.5097215437225208,Europe
Norway,2009,3-4,10235,1096,0.10708353688324378,Europe
Norway,2009,5-9,10235,3085,0.3014167073766488,Europe
Norway,2010,0-1,10224,187,0.018290297339593115,Europe
Norway,2010,1-2,10224,436,0.042644757433489826,Europe
Norway,2010,10+,10224,5498,0.537754303599374,Europe
Norway,2010,3-4,10224,1134,0.11091549295774648,Europe
Norway,2010,5-9,10224,2841,0.2778755868544601,Europe
Norway,2011,0-1,10188,168,0.016489988221436984,Europe
Norway,2011,1-2,10188,436,0.04279544562230075,Europe
Norway,2011,10+,10188,5286,0.5188457008244994,Europe
Norway,2011,3-4,10188,1084,0.10639968590498626,Europe
Norway,2011,5-9,10188,2869,0.2816058107577542,Europe
Norway,2012,0-1,9906,190,0.019180294770845954,Europe
Norway,2012,1-2,9906,389,0.03926912982031092,Europe
Norway,2012,10+,9906,5207,0.5256410256410257,Europe
Norway,2012,3-4,9906,1049,0.10589541691903896,Europe
Norway,2012,5-9,9906,2684,0.2709469008681607,Europe
Norway,2013,0-1,10212,174,0.017038777908343124,Europe
Norway,2013,1-2,10212,428,0.04191147669408539,Europe
Norway,2013,10+,10212,5508,0.5393654524089306,Europe
Norway,2013,3-4,10212,1124,0.11006658832745789,Europe
Norway,2013,5-9,10212,2716,0.2659616137877007,Europe
Norway,2014,0-1,9918,141,0.014216575922565033,Europe
Norway,2014,1-2,9918,411,0.041439806412583186,Europe
Norway,2014,10+,9918,5329,0.5373059084492842,Europe
Norway,2014,3-4,9918,1054,0.10627142569066345,Europe
Norway,2014,5-9,9918,2722,0.27445049405122,Europe
Norway,2015,0-1,9793,136,0.013887470642295518,Europe
Norway,2015,1-2,9793,405,0.04135607066271827,Europe
Norway,2015,10+,9793,5299,0.5411007862759114,Europe
Norway,2015,3-4,9793,1055,0.10773001123251302,Europe
Norway,2015,5-9,9793,2610,0.26651689982640664,Europe
Norway,2016,0-1,9944,192,0.019308125502815767,Europe
Norway,2016,1-2,9944,430,0.04324215607401448,Europe
Norway,2016,10+,9944,5145,0.5173974255832663,Europe
Norway,2016,3-4,9944,1100,0.11061946902654868,Europe
Norway,2016,5-9,9944,2767,0.2782582461786002,Europe
Norway,2017,0-1,10567,227,0.021481972177533833,Europe
Norway,2017,1-2,10567,414,0.03917857480836567,Europe
Norway,2017,10+,10567,5543,0.5245575849342292,Europe
Norway,2017,3-4,10567,1193,0.11289864673038705,Europe
Norway,2017,5-9,10567,2897,0.2741553894198921,Europe
Norway,2018,0-1,10162,227,0.022338122416847076,Europe
Norway,2018,1-2,10162,407,0.040051171029324935,Europe
Norway,2018,10+,10162,5300,0.5215508758118481,Europe
Norway,2018,3-4,10162,1065,0.104802204290494,Europe
Norway,2018,5-9,10162,2922,0.28754182247589055,Europe
Norway,2019,0-1,10227,208,0.020338320132981324,Europe
Norway,2019,1-2,10227,431,0.04214334604478342,Europe
Norway,2019,10+,10227,5628,0.5503080082135524,Europe
Norway,2019,3-4,10227,1028,0.10051823604185,Europe
Norway,2019,5-9,10227,2756,0.26948274176200254,Europe
Norway,2020,0-1,9825,183,0.018625954198473283,Europe
Norway,2020,1-2,9825,374,0.03806615776081425,Europe
Norway,2020,10+,9825,5534,0.5632569974554708,Europe
Norway,2020,3-4,9825,874,0.08895674300254452,Europe
Norway,2020,5-9,9825,2504,0.2548600508905852,Europe
Poland,1995,0-1,38115,2050,0.05378459923914469,Europe
Poland,1995,1-2,38115,1920,0.050373868555686735,Europe
Poland,1995,10+,38115,20185,0.5295815295815296,Europe
Poland,1995,3-4,38115,4732,0.1241505968778696,Europe
Poland,1995,5-9,38115,9228,0.2421094057457694,Europe
Poland,1996,0-1,39449,2010,0.05095186189763999,Europe
Poland,1996,1-2,39449,1857,0.04707343658901366,Europe
Poland,1996,10+,39449,21332,0.5407488149256001,Europe
Poland,1996,3-4,39449,4472,0.11336155542599305,Europe
Poland,1996,5-9,39449,9778,0.24786433116175316,Europe
Poland,1997,0-1,42549,2242,0.052692190180732804,Europe
Poland,1997,1-2,42549,2036,0.047850713295259584,Europe
Poland,1997,10+,42549,23329,0.548285506122353,Europe
Poland,1997,3-4,42549,4483,0.10536087804648758,Europe
Poland,1997,5-9,42549,10459,0.245810712355167,Europe
Poland,2003,0-1,48632,1378,0.028335252508636288,Europe
Poland,2003,1-2,48632,2122,0.04363382135219609,Europe
Poland,2003,10+,48632,28445,0.5849029445632505,Europe
Poland,2003,3-4,48632,5422,0.11149037670669518,Europe
Poland,2003,5-9,48632,11265,0.2316376048692219,Europe
Poland,2004,0-1,56332,1362,0.02417808705531492,Europe
Poland,2004,1-2,56332,1991,0.03534403181140382,Europe
Poland,2004,10+,56332,33674,0.5977774621884542,Europe
Poland,2004,3-4,56332,5837,0.10361783710857062,Europe
Poland,2004,5-9,56332,13468,0.23908258183625647,Europe
Poland,2007,0-1,66586,2277,0.03419637761691647,Europe
Poland,2007,1-2,66586,2629,0.03948277415672964,Europe
Poland,2007,10+,66586,39540,0.5938185204096957,Europe
Poland,2007,3-4,66586,6320,0.09491484696482744,Europe
Poland,2007,5-9,66586,15820,0.2375874808518307,Europe
Poland,2008,0-1,65475,2614,0.039923634975181366,Europe
Poland,2008,1-2,65475,2854,0.043589156166475754,Europe
Poland,2008,10+,65475,38604,0.5895990836197021,Europe
Poland,2008,3-4,65475,6249,0.09544100801832761,Europe
Poland,2008,5-9,65475,15154,0.2314471172203131,Europe
Poland,2009,0-1,65345,2799,0.04283418777259163,Europe
Poland,2009,1-2,65345,3034,0.04643048435228403,Europe
Poland,2009,10+,65345,39110,0.5985155711990205,Europe
Poland,2009,3-4,65345,6256,0.09573800596832198,Europe
Poland,2009,5-9,65345,14146,0.21648175070778178,Europe
Poland,2010,0-1,61300,2783,0.04539967373572594,Europe
Poland,2010,1-2,61300,3159,0.05153344208809135,Europe
Poland,2010,10+,61300,36439,0.594437194127243,Europe
Poland,2010,3-4,61300,6495,0.10595432300163132,Europe
Poland,2010,5-9,61300,12424,0.20267536704730832,Europe
Poland,2011,0-1,64594,2768,0.042852277301297335,Europe
Poland,2011,1-2,64594,3596,0.05567080533795708,Europe
Poland,2011,10+,64594,37662,0.5830572498993715,Europe
Poland,2011,3-4,64594,7574,0.11725547264451806,Europe
Poland,2011,5-9,64594,12994,0.20116419481685605,Europe
Poland,2012,0-1,64432,2434,0.03777626024335734,Europe
Poland,2012,1-2,64432,3485,0.05408803079215297,Europe
Poland,2012,10+,64432,37098,0.5757698038241867,Europe
Poland,2012,3-4,64432,7988,0.12397566426620313,Europe
Poland,2012,5-9,64432,13427,0.20839024087409982,Europe
Poland,2013,0-1,66132,2433,0.036790056251134094,Europe
Poland,2013,1-2,66132,3142,0.047511038529002604,Europe
Poland,2013,10+,66132,37451,0.5663067803786367,Europe
Poland,2013,3-4,66132,8075,0.12210427629589306,Europe
Poland,2013,5-9,66132,15031,0.22728784854533357,Europe
Poland,2014,0-1,65761,2101,0.03194902753911893,Europe
Poland,2014,1-2,65761,2766,0.042061404175727256,Europe
Poland,2014,10+,65761,37566,0.5712504371892155,Europe
Poland,2014,3-4,65761,7330,0.11146424172381807,Europe
Poland,2014,5-9,65761,15998,0.24327488937212025,Europe
Poland,2015,0-1,67296,1995,0.02964514978601997,Europe
Poland,2015,1-2,67296,2766,0.04110199714693295,Europe
Poland,2015,10+,67296,38383,0.5703607941036615,Europe
Poland,2015,3-4,67296,6819,0.10132845934379459,Europe
Poland,2015,5-9,67296,17333,0.2575635996195911,Europe
Poland,2016,0-1,63497,1933,0.03044238310471361,Europe
Poland,2016,1-2,63497,2334,0.03675764209332724,Europe
Poland,2016,10+,63497,36715,0.5782162936831662,Europe
Poland,2016,3-4,63497,5898,0.09288627809187835,Europe
Poland,2016,5-9,63497,16617,0.26169740302691463,Europe
Poland,2017,0-1,65257,2030,0.03110777387866436,Europe
Poland,2017,1-2,65257,2357,0.036118730557641324,Europe
Poland,2017,10+,65257,38818,0.5948480622768438,Europe
Poland,2017,3-4,65257,5709,0.08748486752379055,Europe
Poland,2017,5-9,65257,16343,0.2504405657630599,Europe
Poland,2018,0-1,62843,1955,0.031109272313543275,Europe
Poland,2018,1-2,62843,2355,0.03747434081759305,Europe
Poland,2018,10+,62843,38625,0.6146269274223064,Europe
Poland,2018,3-4,62843,5086,0.0809318460289929,Europe
Poland,2018,5-9,62843,14822,0.2358576134175644,Europe
Poland,2019,0-1,65341,2065,0.03160343429087403,Europe
Poland,2019,1-2,65341,2422,0.03706707886319462,Europe
Poland,2019,10+,65341,41220,0.6308443396948318,Europe
Poland,2019,3-4,65341,5514,0.08438805650357356,Europe
Poland,2019,5-9,65341,14120,0.21609709064752605,Europe
Poland,2021,0-1,60687,1443,0.0237777448217905,Europe
Poland,2021,1-2,60687,2245,0.03699309572066505,Europe
Poland,2021,10+,60687,39519,0.6511938306391813,Europe
Poland,2021,3-4,60687,5222,0.08604808278544004,Europe
Poland,2021,5-9,60687,12258,0.20198724603292303,Europe
Poland,2022,0-1,60162,1353,0.02248927894684352,Europe
Poland,2022,1-2,60162,1947,0.03236262092350653,Europe
Poland,2022,10+,60162,39182,0.6512748911272896,Europe
Poland,2022,3-4,60162,5343,0.08881021242644858,Europe
Poland,2022,5-9,60162,12337,0.2050629965759117,Europe
Poland,2023,0-1,56892,1548,0.027209449483231386,Europe
Poland,2023,1-2,56892,1704,0.029951487028053152,Europe
Poland,2023,10+,56892,37206,0.6539759544399916,Europe
Poland,2023,3-4,56892,4621,0.08122407368347044,Europe
Poland,2023,5-9,56892,11813,0.20763903536525347,Europe
Portugal,1995,0-1,12322,109,0.008845966563869502,Europe
Portugal,1995,1-2,12322,171,0.013877617269923714,Europe
Portugal,1995,10+,12322,7431,0.603067683817562,Europe
Portugal,1995,3-4,12322,1393,0.11304982957312125,Europe
Portugal,1995,5-9,12322,3218,0.26115890277552345,Europe
Portugal,1996,0-1,13429,86,0.006404050934544642,Europe
Portugal,1996,1-2,13429,147,0.010946459155558865,Europe
Portugal,1996,10+,13429,8012,0.5966192568322287,Europe
Portugal,1996,3-4,13429,1659,0.12353861046987862,Europe
Portugal,1996,5-9,13429,3525,0.26249162260778913,Europe
Portugal,1997,0-1,14078,95,0.006748117630345219,Europe
Portugal,1997,1-2,14078,150,0.010654922574229293,Europe
Portugal,1997,10+,14078,8392,0.5961074016195482,Europe
Portugal,1997,3-4,14078,1822,0.12942179286830516,Europe
Portugal,1997,5-9,14078,3619,0.2570677653075721,Europe
Portugal,2004,0-1,23348,1533,0.0656587287990406,Europe
Portugal,2004,1-2,23348,1060,0.045400034264176804,Europe
Portugal,2004,10+,23348,12949,0.554608531780024,Europe
Portugal,2004,3-4,23348,2517,0.10780366626691794,Europe
Portugal,2004,5-9,23348,5289,0.22652903888984066,Europe
Portugal,2007,0-1,25255,1576,0.06240348445852306,Europe
Portugal,2007,1-2,25255,968,0.038329043753712135,Europe
Portugal,2007,10+,25255,14554,0.5762819243714116,Europe
Portugal,2007,3-4,25255,2396,0.0948723025143536,Europe
Portugal,2007,5-9,25255,5761,0.2281132449019996,Europe
Portugal,2011,0-1,26750,1212,0.04530841121495327,Europe
Portugal,2011,1-2,26750,954,0.03566355140186916,Europe
Portugal,2011,10+,26750,17118,0.6399252336448598,Europe
Portugal,2011,3-4,26750,2143,0.08011214953271029,Europe
Portugal,2011,5-9,26750,5251,0.19629906542056075,Europe
Portugal,2012,0-1,25380,1176,0.046335697399527184,Europe
Portugal,2012,1-2,25380,832,0.032781717888100866,Europe
Portugal,2012,10+,25380,16409,0.6465327029156817,Europe
Portugal,2012,3-4,25380,1976,0.07785657998423956,Europe
Portugal,2012,5-9,25380,4902,0.19314420803782506,Europe
Portugal,2013,0-1,22525,983,0.043640399556048835,Europe
Portugal,2013,1-2,22525,746,0.03311875693673696,Europe
Portugal,2013,10+,22525,14793,0.6567369589345172,Europe
Portugal,2013,3-4,22525,1614,0.07165371809100998,Europe
Portugal,2013,5-9,22525,4389,0.19485016648168701,Europe
Portugal,2016,0-1,22649,856,0.03779416309770851,Europe
Portugal,2016,1-2,22649,697,0.03077398560642854,Europe
Portugal,2016,10+,22649,15536,0.685946399399532,Europe
Portugal,2016,3-4,22649,1519,0.06706697867455517,Europe
Portugal,2016,5-9,22649,4041,0.1784184732217758,Europe
Portugal,2017,0-1,21577,905,0.041942809473050006,Europe
Portugal,2017,1-2,21577,644,0.029846595912314037,Europe
Portugal,2017,10+,21577,15041,0.6970848588775085,Europe
Portugal,2017,3-4,21577,1383,0.06409602817815266,Europe
Portugal,2017,5-9,21577,3604,0.16702970755897484,Europe
Portugal,2018,0-1,20345,942,0.04630130253133448,Europe
Portugal,2018,1-2,20345,607,0.029835340378471367,Europe
Portugal,2018,10+,20345,14080,0.6920619316785451,Europe
Portugal,2018,3-4,20345,1263,0.062079134922585405,Europe
Portugal,2018,5-9,20345,3453,0.16972229048906365,Europe
Portugal,2019,0-1,20421,971,0.04754909162137016,Europe
Portugal,2019,1-2,20421,693,0.03393565447333627,Europe
Portugal,2019,10+,20421,14298,0.700161598354635,Europe
Portugal,2019,3-4,20421,1332,0.06522697223446453,Europe
Portugal,2019,5-9,20421,3127,0.1531266833161941,Europe
Portugal,2020,0-1,17295,813,0.04700780572419774,Europe
Portugal,2020,1-2,17295,577,0.03336224342295461,Europe
Portugal,2020,10+,17295,11944,0.6906042208730847,Europe
Portugal,2020,3-4,17295,1206,0.06973113616652211,Europe
Portugal,2020,5-9,17295,2755,0.15929459381324082,Europe
Portugal,2021,0-1,17279,614,0.035534463799988425,Europe
Portugal,2021,1-2,17279,632,0.03657619075177962,Europe
Portugal,2021,10+,17279,11981,0.6933850338561259,Europe
Portugal,2021,3-4,17279,1298,0.07512008796805371,Europe
Portugal,2021,5-9,17279,2754,0.15938422362405233,Europe
Portugal,2022,0-1,18464,745,0.040348786828422877,Europe
Portugal,2022,1-2,18464,584,0.03162911611785095,Europe
Portugal,2022,10+,18464,12667,0.6860376949740035,Europe
Portugal,2022,3-4,18464,1442,0.07809792027729635,Europe
Portugal,2022,5-9,18464,3026,0.16388648180242635,Europe
Portugal,2023,0-1,17430,966,0.05542168674698795,Europe
Portugal,2023,1-2,17430,443,0.025415949512335053,Europe
Portugal,2023,10+,17430,11726,0.6727481353987378,Europe
Portugal,2023,3-4,17430,1337,0.07670682730923695,Europe
Portugal,2023,5-9,17430,2958,0.16970740103270224,Europe
Moldova,1995,0-1,14617,1479,0.10118355339672984,Europe
Moldova,1995,1-2,14617,1355,0.09270028049531367,Europe
Moldova,1995,10+,14617,5532,0.37846343298898544,Europe
Moldova,1995,3-4,14617,2402,0.16432920571936785,Europe
Moldova,1995,5-9,14617,3814,0.26092905520968734,Europe
Moldova,2002,0-1,12698,951,0.07489368404473146,Europe
Moldova,2002,1-2,12698,736,0.05796188376122224,Europe
Moldova,2002,10+,12698,6215,0.48944715703260355,Europe
Moldova,2002,3-4,12698,1353,0.10655221294692077,Europe
Moldova,2002,5-9,12698,3434,0.2704362891793983,Europe
Moldova,2003,0-1,14672,1201,0.08185659760087241,Europe
Moldova,2003,1-2,14672,709,0.04832333696837514,Europe
Moldova,2003,10+,14672,7770,0.5295801526717557,Europe
Moldova,2003,3-4,14672,1581,0.10775627044711014,Europe
Moldova,2003,5-9,14672,3411,0.2324836423118866,Europe
Moldova,2004,0-1,14918,1621,0.10866067837511731,Europe
Moldova,2004,1-2,14918,664,0.044509987934039416,Europe
Moldova,2004,10+,14918,7877,0.5280198418018501,Europe
Moldova,2004,3-4,14918,1470,0.09853867810698486,Europe
Moldova,2004,5-9,14918,3285,0.2202037806676498,Europe
Moldova,2006,0-1,12594,1430,0.11354613307924409,Europe
Moldova,2006,1-2,12594,880,0.06987454343338098,Europe
Moldova,2006,10+,12594,6415,0.5093695410512943,Europe
Moldova,2006,3-4,12594,1297,0.10298554867397174,Europe
Moldova,2006,5-9,12594,2572,0.20422423376210894,Europe
Moldova,2008,0-1,12601,1518,0.12046662963256885,Europe
Moldova,2008,1-2,12601,896,0.07110546782001428,Europe
Moldova,2008,10+,12601,6206,0.49250059519085787,Europe
Moldova,2008,3-4,12601,1512,0.1199904769462741,Europe
Moldova,2008,5-9,12601,2469,0.1959368304102849,Europe
Moldova,2009,0-1,11884,1225,0.10307977112083473,Europe
Moldova,2009,1-2,11884,915,0.07699427802086839,Europe
Moldova,2009,10+,11884,5728,0.4819925950858297,Europe
Moldova,2009,3-4,11884,1538,0.1294177044766072,Europe
Moldova,2009,5-9,11884,2478,0.20851565129585997,Europe
Moldova,2010,0-1,11504,1045,0.09083796940194715,Europe
Moldova,2010,1-2,11504,860,0.07475660639777469,Europe
Moldova,2010,10+,11504,5392,0.46870653685674546,Europe
Moldova,2010,3-4,11504,1727,0.15012169680111265,Europe
Moldova,2010,5-9,11504,2480,0.21557719054242003,Europe
Moldova,2012,0-1,10637,939,0.08827676976591144,Europe
Moldova,2012,1-2,10637,763,0.0717307511516405,Europe
Moldova,2012,10+,10637,4743,0.445896399360722,Europe
Moldova,2012,3-4,10637,1565,0.1471279496098524,Europe
Moldova,2012,5-9,10637,2627,0.24696813011187366,Europe
Moldova,2016,0-1,10605,895,0.0843941537010844,Europe
Moldova,2016,1-2,10605,700,0.066006600660066,Europe
Moldova,2016,10+,10605,4917,0.46364922206506365,Europe
Moldova,2016,3-4,10605,1287,0.12135785007072136,Europe
Moldova,2016,5-9,10605,2805,0.26449787835926447,Europe
Moldova,2017,0-1,9312,740,0.07946735395189003,Europe
Moldova,2017,1-2,9312,626,0.06722508591065292,Europe
Moldova,2017,10+,9312,4460,0.4789518900343643,Europe
Moldova,2017,3-4,9312,1145,0.12295962199312714,Europe
Moldova,2017,5-9,9312,2341,0.25139604810996563,Europe
Moldova,2018,0-1,10721,740,0.0690234119951497,Europe
Moldova,2018,1-2,10721,660,0.06156142150918758,Europe
Moldova,2018,10+,10721,5323,0.49650219195970524,Europe
Moldova,2018,3-4,10721,1360,0.1268538382613562,Europe
Moldova,2018,5-9,10721,2638,0.24605913627460124,Europe
Moldova,2019,0-1,10736,746,0.06948584202682563,Europe
Moldova,2019,1-2,10736,607,0.05653874813710879,Europe
Moldova,2019,10+,10736,5315,0.4950633383010432,Europe
Moldova,2019,3-4,10736,1404,0.13077496274217584,Europe
Moldova,2019,5-9,10736,2664,0.2481371087928465,Europe
Moldova,2020,0-1,8793,615,0.06994199931763903,Europe
Moldova,2020,1-2,8793,481,0.05470260434436484,Europe
Moldova,2020,10+,8793,4310,0.490162629364267,Europe
Moldova,2020,3-4,8793,1017,0.11566018423746162,Europe
Moldova,2020,5-9,8793,2370,0.2695325827362675,Europe
Moldova,2021,0-1,9905,687,0.06935890964159515,Europe
Moldova,2021,1-2,9905,585,0.05906108026249369,Europe
Moldova,2021,10+,9905,4959,0.5006562342251388,Europe
Moldova,2021,3-4,9905,1140,0.11509338717819283,Europe
Moldova,2021,5-9,9905,2534,0.2558303886925795,Europe
Romania,1995,0-1,34906,3778,0.108233541511488,Europe
Romania,1995,1-2,34906,2828,0.08101759009912336,Europe
Romania,1995,10+,34906,13073,0.37452013980404514,Europe
Romania,1995,3-4,34906,5597,0.16034492637368933,Europe
Romania,1995,5-9,34906,9630,0.27588380221165415,Europe
Romania,1996,0-1,35586,3901,0.10962176136682965,Europe
Romania,1996,1-2,35586,2696,0.07576013038835497,Europe
Romania,1996,10+,35586,13856,0.3893666048446018,Europe
Romania,1996,3-4,35586,5090,0.14303377732816275,Europe
Romania,1996,5-9,35586,10043,0.2822177260720508,Europe
Romania,1997,0-1,34752,3804,0.10946132596685083,Europe
Romania,1997,1-2,34752,2490,0.07165055248618785,Europe
Romania,1997,10+,34752,13997,0.40276818600368325,Europe
Romania,1997,3-4,34752,4710,0.1355317679558011,Europe
Romania,1997,5-9,34752,9751,0.28058816758747696,Europe
Romania,2007,0-1,36308,3254,0.08962212184642503,Europe
Romania,2007,1-2,36308,2269,0.06249311446513165,Europe
Romania,2007,10+,36308,18179,0.5006885534868348,Europe
Romania,2007,3-4,36308,4232,0.11655833425140465,Europe
Romania,2007,5-9,36308,8374,0.23063787595020382,Europe
Romania,2008,0-1,35685,2890,0.08098640885526132,Europe
Romania,2008,1-2,35685,2315,0.064873196020737,Europe
Romania,2008,10+,35685,18240,0.5111391340899538,Europe
Romania,2008,3-4,35685,4302,0.1205548549810845,Europe
Romania,2008,5-9,35685,7938,0.22244640605296342,Europe
Romania,2009,0-1,32341,2405,0.07436381064283727,Europe
Romania,2009,1-2,32341,2254,0.0696948146315822,Europe
Romania,2009,10+,32341,16355,0.5057048328746792,Europe
Romania,2009,3-4,32341,3987,0.12328004699916514,Europe
Romania,2009,5-9,32341,7340,0.2269564948517362,Europe
Romania,2010,0-1,32632,2170,0.06649914194655553,Europe
Romania,2010,1-2,32632,2115,0.06481367982348615,Europe
Romania,2010,10+,32632,16506,0.5058225055160579,Europe
Romania,2010,3-4,32632,4267,0.13076121598430987,Europe
Romania,2010,5-9,32632,7574,0.2321034567295906,Europe
Romania,2011,0-1,35780,2645,0.07392397987702627,Europe
Romania,2011,1-2,35780,2246,0.06277249860257127,Europe
Romania,2011,10+,35780,17603,0.49197875908328675,Europe
Romania,2011,3-4,35780,4985,0.1393236444941308,Europe
Romania,2011,5-9,35780,8301,0.23200111794298492,Europe
Romania,2012,0-1,31324,2125,0.06783935640403524,Europe
Romania,2012,1-2,31324,1900,0.06065636572596093,Europe
Romania,2012,10+,31324,15344,0.489848039841655,Europe
Romania,2012,3-4,31324,4200,0.1340824926573873,Europe
Romania,2012,5-9,31324,7755,0.24757374537096155,Europe
Romania,2013,0-1,28507,1858,0.0651769740765426,Europe
Romania,2013,1-2,28507,1472,0.05163644017258919,Europe
Romania,2013,10+,28507,14375,0.5042621110604413,Europe
Romania,2013,3-4,28507,3328,0.11674325604237555,Europe
Romania,2013,5-9,28507,7474,0.26218121864805133,Europe
Romania,2014,0-1,27188,1847,0.06793438281594821,Europe
Romania,2014,1-2,27188,1410,0.05186111519788142,Europe
Romania,2014,10+,27188,13871,0.510188318375754,Europe
Romania,2014,3-4,27188,2898,0.10659114315139032,Europe
Romania,2014,5-9,27188,7162,0.26342504045902604,Europe
Romania,2015,0-1,31527,1939,0.061502838836552796,Europe
Romania,2015,1-2,31527,1550,0.049164208456243856,Europe
Romania,2015,10+,31527,16488,0.5229803025977733,Europe
Romania,2015,3-4,31527,3093,0.09810638500333048,Europe
Romania,2015,5-9,31527,8457,0.26824626510609956,Europe
Romania,2016,0-1,30497,1927,0.0631865429386497,Europe
Romania,2016,1-2,30497,1512,0.04957864708004066,Europe
Romania,2016,10+,30497,16386,0.5372987506967899,Europe
Romania,2016,3-4,30497,2939,0.09637013476735416,Europe
Romania,2016,5-9,30497,7733,0.25356592451716564,Europe
Romania,2017,0-1,31147,2001,0.06424374739140207,Europe
Romania,2017,1-2,31147,1533,0.049218223263877744,Europe
Romania,2017,10+,31147,17744,0.5696856840145118,Europe
Romania,2017,3-4,31147,2760,0.08861206536745111,Europe
Romania,2017,5-9,31147,7109,0.22824027996275725,Europe
Romania,2018,0-1,30857,2002,0.06487992999967593,Europe
Romania,2018,1-2,30857,1569,0.05084745762711865,Europe
Romania,2018,10+,30857,18207,0.590044398353696,Europe
Romania,2018,3-4,30857,2816,0.09125968175778591,Europe
Romania,2018,5-9,30857,6263,0.20296853226172343,Europe
Romania,2019,0-1,30197,2077,0.06878166705301851,Europe
Romania,2019,1-2,30197,1533,0.05076663244693182,Europe
Romania,2019,10+,30197,17868,0.5917144087160976,Europe
Romania,2019,3-4,30197,2966,0.09822167765009769,Europe
Romania,2019,5-9,30197,5753,0.19051561413385434,Europe
Romania,2020,0-1,22785,1409,0.06183892912003511,Europe
Romania,2020,1-2,22785,1183,0.05192012288786482,Europe
Romania,2020,10+,22785,13665,0.5997366688610928,Europe
Romania,2020,3-4,22785,2388,0.10480579328505596,Europe
Romania,2020,5-9,22785,4140,0.18169848584595127,Europe
Romania,2021,0-1,27024,1480,0.05476613380698638,Europe
Romania,2021,1-2,27024,1470,0.054396092362344585,Europe
Romania,2021,10+,27024,16097,0.5956557134399053,Europe
Romania,2021,3-4,27024,2946,0.10901420959147425,Europe
Romania,2021,5-9,27024,5031,0.18616785079928952,Europe
Romania,2022,0-1,23289,1279,0.05491863111340118,Europe
Romania,2022,1-2,23289,1126,0.048349005968482975,Europe
Romania,2022,10+,23289,13652,0.586199493323028,Europe
Romania,2022,3-4,23289,2608,0.11198419854867105,Europe
Romania,2022,5-9,23289,4624,0.19854867104641677,Europe
Romania,2023,0-1,22715,1401,0.061677305745102357,Europe
Romania,2023,1-2,22715,895,0.03940127668941228,Europe
Romania,2023,10+,22715,13099,0.576667400396214,Europe
Romania,2023,3-4,22715,2390,0.10521681708122387,Europe
Romania,2023,5-9,22715,4930,0.21703720008804755,Europe
Russia,1995,0-1,665904,67148,0.10083735793748048,Europe
Russia,1995,1-2,665904,47620,0.07151180951007953,Europe
Russia,1995,10+,665904,256274,0.3848512698527115,Europe
Russia,1995,3-4,665904,102540,0.15398616016723132,Europe
Russia,1995,5-9,665904,191986,0.28830882529613877,Europe
Russia,2011,0-1,669376,84335,0.1259904747107754,Europe
Russia,2011,1-2,669376,58099,0.08679576202313796,Europe
Russia,2011,10+,669376,253180,0.3782328616502534,Europe
Russia,2011,3-4,669376,107913,0.161214324983268,Europe
Russia,2011,5-9,669376,165467,0.24719589587914714,Europe
San Marino,1995,0-1,28,1,0.03571428571428571,Europe
San Marino,1995,1-2,28,1,0.03571428571428571,Europe
San Marino,1995,10+,28,18,0.6428571428571429,Europe
San Marino,1995,3-4,28,5,0.17857142857142858,Europe
San Marino,1995,5-9,28,3,0.10714285714285714,Europe
San Marino,2004,0-1,62,1,0.016129032258064516,Europe
San Marino,2004,10+,62,31,0.5,Europe
San Marino,2004,3-4,62,14,0.22580645161290322,Europe
San Marino,2004,5-9,62,16,0.25806451612903225,Europe
San Marino,2005,0-1,61,2,0.03278688524590164,Europe
San Marino,2005,10+,61,24,0.39344262295081966,Europe
San Marino,2005,3-4,61,13,0.21311475409836064,Europe
San Marino,2005,5-9,61,22,0.36065573770491804,Europe
San Marino,2006,0-1,85,1,0.011764705882352941,Europe
San Marino,2006,10+,85,40,0.47058823529411764,Europe
San Marino,2006,3-4,85,16,0.18823529411764706,Europe
San Marino,2006,5-9,85,28,0.32941176470588235,Europe
San Marino,2007,0-1,66,2,0.030303030303030304,Europe
San Marino,2007,10+,66,33,0.5,Europe
San Marino,2007,3-4,66,13,0.19696969696969696,Europe
San Marino,2007,5-9,66,18,0.2727272727272727,Europe
San Marino,2008,0-1,71,0,0,Europe
San Marino,2008,10+,71,32,0.4507042253521127,Europe
San Marino,2008,3-4,71,13,0.18309859154929578,Europe
San Marino,2008,5-9,71,26,0.36619718309859156,Europe
San Marino,2009,0-1,63,2,0.031746031746031744,Europe
San Marino,2009,10+,63,32,0.5079365079365079,Europe
San Marino,2009,3-4,63,10,0.15873015873015872,Europe
San Marino,2009,5-9,63,19,0.30158730158730157,Europe
San Marino,2010,0-1,61,4,0.06557377049180328,Europe
San Marino,2010,10+,61,26,0.4262295081967213,Europe
San Marino,2010,3-4,61,10,0.16393442622950818,Europe
San Marino,2010,5-9,61,21,0.3442622950819672,Europe
San Marino,2011,0-1,82,3,0.036585365853658534,Europe
San Marino,2011,10+,82,37,0.45121951219512196,Europe
San Marino,2011,3-4,82,11,0.13414634146341464,Europe
San Marino,2011,5-9,82,31,0.3780487804878049,Europe
San Marino,2012,0-1,49,0,0,Europe
San Marino,2012,1-2,49,0,0,Europe
San Marino,2012,10+,49,34,0.6938775510204082,Europe
San Marino,2012,3-4,49,2,0.04081632653061224,Europe
San Marino,2012,5-9,49,13,0.2653061224489796,Europe
San Marino,2014,0-1,51,0,0,Europe
San Marino,2014,1-2,51,0,0,Europe
San Marino,2014,10+,51,35,0.6862745098039216,Europe
San Marino,2014,3-4,51,4,0.0784313725490196,Europe
San Marino,2014,5-9,51,12,0.23529411764705882,Europe
San Marino,2020,0-1,53,0,0,Europe
San Marino,2020,1-2,53,0,0,Europe
San Marino,2020,10+,53,41,0.7735849056603774,Europe
San Marino,2020,3-4,53,1,0.018867924528301886,Europe
San Marino,2020,5-9,53,11,0.20754716981132076,Europe
Serbia,1997,0-1,7378,824,0.1116833830306316,Europe
Serbia,1997,1-2,7378,480,0.06505828137706696,Europe
Serbia,1997,10+,7378,3372,0.4570344266738954,Europe
Serbia,1997,3-4,7378,930,0.12605042016806722,Europe
Serbia,1997,5-9,7378,1772,0.24017348875033884,Europe
Serbia,2001,0-1,7835,681,0.08691767708998085,Europe
Serbia,2001,1-2,7835,440,0.05615826419910657,Europe
Serbia,2001,10+,7835,3996,0.5100191448627952,Europe
Serbia,2001,3-4,7835,883,0.11269942565411614,Europe
Serbia,2001,5-9,7835,1835,0.23420548819400128,Europe
Serbia,2002,0-1,9982,849,0.08505309557202965,Europe
Serbia,2002,1-2,9982,632,0.06331396513724705,Europe
Serbia,2002,10+,9982,5181,0.5190342616710079,Europe
Serbia,2002,3-4,9982,1037,0.10388699659386896,Europe
Serbia,2002,5-9,9982,2283,0.22871168102584652,Europe
Serbia,2007,0-1,8622,880,0.1020644861980979,Europe
Serbia,2007,1-2,8622,568,0.065877986546045,Europe
Serbia,2007,10+,8622,4390,0.5091626072836929,Europe
Serbia,2007,3-4,8622,900,0.10438413361169102,Europe
Serbia,2007,5-9,8622,1884,0.21851078636047322,Europe
Serbia,2008,0-1,8502,894,0.10515172900494002,Europe
Serbia,2008,1-2,8502,559,0.06574923547400612,Europe
Serbia,2008,10+,8502,4291,0.5047047753469772,Europe
Serbia,2008,3-4,8502,937,0.11020936250294049,Europe
Serbia,2008,5-9,8502,1821,0.21418489767113622,Europe
Serbia,2009,0-1,8505,873,0.10264550264550265,Europe
Serbia,2009,1-2,8505,530,0.06231628453850676,Europe
Serbia,2009,10+,8505,4263,0.5012345679012346,Europe
Serbia,2009,3-4,8505,930,0.10934744268077601,Europe
Serbia,2009,5-9,8505,1909,0.22445620223398002,Europe
Serbia,2010,0-1,6644,660,0.09933774834437085,Europe
Serbia,2010,1-2,6644,428,0.06441902468392535,Europe
Serbia,2010,10+,6644,3268,0.4918723660445515,Europe
Serbia,2010,3-4,6644,764,0.11499096929560505,Europe
Serbia,2010,5-9,6644,1524,0.22937989163154726,Europe
Serbia,2011,0-1,8251,645,0.07817234274633378,Europe
Serbia,2011,1-2,8251,498,0.06035632044600654,Europe
Serbia,2011,10+,8251,4245,0.5144830929584293,Europe
Serbia,2011,3-4,8251,992,0.1202278511695552,Europe
Serbia,2011,5-9,8251,1871,0.22676039267967518,Europe
Serbia,2012,0-1,7372,640,0.08681497558328811,Europe
Serbia,2012,1-2,7372,399,0.05412371134020619,Europe
Serbia,2012,10+,7372,3888,0.5274009766684753,Europe
Serbia,2012,3-4,7372,807,0.10946825827455237,Europe
Serbia,2012,5-9,7372,1638,0.22219207813347802,Europe
Serbia,2013,0-1,8170,677,0.08286413708690331,Europe
Serbia,2013,1-2,8170,451,0.05520195838433292,Europe
Serbia,2013,10+,8170,4430,0.5422276621787026,Europe
Serbia,2013,3-4,8170,810,0.09914320685434516,Europe
Serbia,2013,5-9,8170,1802,0.22056303549571604,Europe
Serbia,2014,0-1,7614,681,0.08944050433412136,Europe
Serbia,2014,1-2,7614,390,0.0512214342001576,Europe
Serbia,2014,10+,7614,4232,0.5558182295770948,Europe
Serbia,2014,3-4,7614,710,0.09324927764644077,Europe
Serbia,2014,5-9,7614,1601,0.21027055424218544,Europe
Serbia,2016,0-1,9046,941,0.10402387795710812,Europe
Serbia,2016,1-2,9046,545,0.06024762325889896,Europe
Serbia,2016,10+,9046,4804,0.5310634534600929,Europe
Serbia,2016,3-4,9046,954,0.10546097722750387,Europe
Serbia,2016,5-9,9046,1802,0.1992040680963962,Europe
Serbia,2017,0-1,9262,913,0.09857482185273159,Europe
Serbia,2017,1-2,9262,552,0.05959835888576981,Europe
Serbia,2017,10+,9262,4934,0.5327143165622975,Europe
Serbia,2017,3-4,9262,997,0.10764413733534874,Europe
Serbia,2017,5-9,9262,1866,0.2014683653638523,Europe
Serbia,2018,0-1,9995,1064,0.10645322661330665,Europe
Serbia,2018,1-2,9995,623,0.06233116558279139,Europe
Serbia,2018,10+,9995,5422,0.5424712356178089,Europe
Serbia,2018,3-4,9995,1035,0.10355177588794397,Europe
Serbia,2018,5-9,9995,1851,0.18519259629814908,Europe
Serbia,2019,0-1,10899,1165,0.10689054041655198,Europe
Serbia,2019,1-2,10899,642,0.05890448665015139,Europe
Serbia,2019,10+,10899,5719,0.5247270391779062,Europe
Serbia,2019,3-4,10899,1228,0.11267088723736123,Europe
Serbia,2019,5-9,10899,2145,0.1968070465180292,Europe
Serbia,2020,0-1,8687,852,0.09807758719926327,Europe
Serbia,2020,1-2,8687,534,0.06147116380798895,Europe
Serbia,2020,10+,8687,4627,0.532634971796938,Europe
Serbia,2020,3-4,8687,940,0.10820766662829516,Europe
Serbia,2020,5-9,8687,1734,0.19960861056751467,Europe
Serbia,2021,0-1,9790,872,0.08907048008171603,Europe
Serbia,2021,1-2,9790,610,0.06230847803881512,Europe
Serbia,2021,10+,9790,5318,0.5432073544433095,Europe
Serbia,2021,3-4,9790,1070,0.10929519918283963,Europe
Serbia,2021,5-9,9790,1920,0.1961184882533197,Europe
Serbia,2022,0-1,9813,833,0.08488739427290329,Europe
Serbia,2022,1-2,9813,491,0.050035666972383576,Europe
Serbia,2022,10+,9813,5271,0.5371446040966066,Europe
Serbia,2022,3-4,9813,1160,0.11821053704269846,Europe
Serbia,2022,5-9,9813,2058,0.20972179761540813,Europe
Serbia,2023,0-1,10175,1046,0.10280098280098281,Europe
Serbia,2023,1-2,10175,477,0.04687960687960688,Europe
Serbia,2023,10+,10175,5452,0.5358230958230958,Europe
Serbia,2023,3-4,10175,1045,0.10270270270270271,Europe
Serbia,2023,5-9,10175,2155,0.21179361179361178,Europe
Slovakia,1995,0-1,8978,337,0.037536199599019826,Europe
Slovakia,1995,1-2,8978,537,0.0598128759189129,Europe
Slovakia,1995,10+,8978,4422,0.4925373134328358,Europe
Slovakia,1995,3-4,8978,1213,0.1351080418801515,Europe
Slovakia,1995,5-9,8978,2469,0.27500556916908,Europe
Slovakia,2004,0-1,10889,310,0.028469097254109652,Europe
Slovakia,2004,1-2,10889,390,0.03581596106162182,Europe
Slovakia,2004,10+,10889,6759,0.6207181559371843,Europe
Slovakia,2004,3-4,10889,963,0.08843787308292772,Europe
Slovakia,2004,5-9,10889,2467,0.22655891266415648,Europe
Slovakia,2007,0-1,12174,317,0.02603909972071628,Europe
Slovakia,2007,1-2,12174,429,0.03523903400689995,Europe
Slovakia,2007,10+,12174,7841,0.6440775423032693,Europe
Slovakia,2007,3-4,12174,1062,0.08723509117792015,Europe
Slovakia,2007,5-9,12174,2525,0.20740923279119436,Europe
Slovakia,2008,0-1,12675,378,0.029822485207100593,Europe
Slovakia,2008,1-2,12675,435,0.03431952662721893,Europe
Slovakia,2008,10+,12675,8140,0.6422090729783038,Europe
Slovakia,2008,3-4,12675,1119,0.08828402366863905,Europe
Slovakia,2008,5-9,12675,2603,0.20536489151873769,Europe
Slovakia,2009,0-1,12671,401,0.03164706810827875,Europe
Slovakia,2009,1-2,12671,439,0.03464604214347723,Europe
Slovakia,2009,10+,12671,8189,0.6462789045852735,Europe
Slovakia,2009,3-4,12671,1059,0.08357667113882093,Europe
Slovakia,2009,5-9,12671,2583,0.20385131402414963,Europe
Slovakia,2010,0-1,12015,377,0.03137744486059093,Europe
Slovakia,2010,1-2,12015,506,0.042114024136496044,Europe
Slovakia,2010,10+,12015,7859,0.6540990428630878,Europe
Slovakia,2010,3-4,12015,1007,0.08381190178942988,Europe
Slovakia,2010,5-9,12015,2266,0.18859758635039534,Europe
Slovakia,2011,0-1,11102,327,0.029454152404972078,Europe
Slovakia,2011,1-2,11102,408,0.03675013511079085,Europe
Slovakia,2011,10+,11102,7192,0.6478112051882544,Europe
Slovakia,2011,3-4,11102,909,0.08187713925418844,Europe
Slovakia,2011,5-9,11102,2266,0.20410736804179427,Europe
Slovakia,2012,0-1,10948,291,0.026580197296309827,Europe
Slovakia,2012,1-2,10948,363,0.03315674095725247,Europe
Slovakia,2012,10+,10948,7116,0.6499817318231641,Europe
Slovakia,2012,3-4,10948,972,0.08878333942272561,Europe
Slovakia,2012,5-9,10948,2206,0.20149799050054804,Europe
Slovakia,2013,0-1,10946,326,0.029782568974968025,Europe
Slovakia,2013,1-2,10946,373,0.03407637493148182,Europe
Slovakia,2013,10+,10946,7139,0.6522017175223827,Europe
Slovakia,2013,3-4,10946,920,0.08404896765941897,Europe
Slovakia,2013,5-9,10946,2188,0.19989037091174858,Europe
Slovakia,2014,0-1,10514,332,0.031576945025680044,Europe
Slovakia,2014,1-2,10514,365,0.03471561727220848,Europe
Slovakia,2014,10+,10514,6851,0.6516073806353434,Europe
Slovakia,2014,3-4,10514,852,0.08103481072855241,Europe
Slovakia,2014,5-9,10514,2114,0.2010652463382157,Europe
Slovakia,2015,0-1,9786,280,0.02861230329041488,Europe
Slovakia,2015,1-2,9786,341,0.03484569793582669,Europe
Slovakia,2015,10+,9786,6405,0.6545064377682404,Europe
Slovakia,2015,3-4,9786,761,0.07776415287144901,Europe
Slovakia,2015,5-9,9786,1999,0.20427140813406908,Europe
Slovakia,2016,0-1,9286,287,0.030906741331035967,Europe
Slovakia,2016,1-2,9286,308,0.03316821020891665,Europe
Slovakia,2016,10+,9286,6133,0.6604566013353436,Europe
Slovakia,2016,3-4,9286,766,0.08248976954555244,Europe
Slovakia,2016,5-9,9286,1792,0.1929786775791514,Europe
Slovakia,2017,0-1,9618,308,0.03202328966521106,Europe
Slovakia,2017,1-2,9618,360,0.037429819089207735,Europe
Slovakia,2017,10+,9618,6278,0.652734456227906,Europe
Slovakia,2017,3-4,9618,766,0.07964233728425868,Europe
Slovakia,2017,5-9,9618,1906,0.1981700977334165,Europe
Slovakia,2018,0-1,9560,333,0.034832635983263596,Europe
Slovakia,2018,1-2,9560,397,0.041527196652719665,Europe
Slovakia,2018,10+,9560,6228,0.6514644351464435,Europe
Slovakia,2018,3-4,9560,785,0.08211297071129707,Europe
Slovakia,2018,5-9,9560,1817,0.19006276150627616,Europe
Slovakia,2019,0-1,9466,349,0.03686879357701246,Europe
Slovakia,2019,1-2,9466,422,0.04458060426790619,Europe
Slovakia,2019,10+,9466,6039,0.6379674624973589,Europe
Slovakia,2019,3-4,9466,833,0.08799915487006127,Europe
Slovakia,2019,5-9,9466,1823,0.19258398478766112,Europe
Slovakia,2021,0-1,8131,274,0.033698192104292216,Europe
Slovakia,2021,1-2,8131,359,0.044152010822777026,Europe
Slovakia,2021,10+,8131,5039,0.6197269708522937,Europe
Slovakia,2021,3-4,8131,833,0.10244742344115115,Europe
Slovakia,2021,5-9,8131,1626,0.19997540277948592,Europe
Slovakia,2022,0-1,8180,287,0.03508557457212714,Europe
Slovakia,2022,1-2,8180,301,0.03679706601466993,Europe
Slovakia,2022,10+,8180,5045,0.6167481662591687,Europe
Slovakia,2022,3-4,8180,822,0.10048899755501223,Europe
Slovakia,2022,5-9,8180,1725,0.210880195599022,Europe
Slovakia,2023,0-1,8205,364,0.04436319317489336,Europe
Slovakia,2023,1-2,8205,314,0.03826934795856185,Europe
Slovakia,2023,10+,8205,4913,0.5987812309567337,Europe
Slovakia,2023,3-4,8205,771,0.09396709323583181,Europe
Slovakia,2023,5-9,8205,1843,0.2246191346739793,Europe
Slovenia,1995,0-1,1585,51,0.032176656151419555,Europe
Slovenia,1995,1-2,1585,54,0.03406940063091483,Europe
Slovenia,1995,10+,1585,1016,0.6410094637223974,Europe
Slovenia,1995,3-4,1585,132,0.0832807570977918,Europe
Slovenia,1995,5-9,1585,332,0.20946372239747635,Europe
Slovenia,1996,0-1,2004,67,0.03343313373253493,Europe
Slovenia,1996,1-2,2004,76,0.03792415169660679,Europe
Slovenia,1996,10+,2004,1231,0.6142714570858283,Europe
Slovenia,1996,3-4,2004,181,0.09031936127744511,Europe
Slovenia,1996,5-9,2004,449,0.22405189620758484,Europe
Slovenia,2004,0-1,2411,78,0.03235172127747823,Europe
Slovenia,2004,1-2,2411,86,0.03566984653670676,Europe
Slovenia,2004,10+,2411,1613,0.6690170053919535,Europe
Slovenia,2004,3-4,2411,197,0.08170883450850269,Europe
Slovenia,2004,5-9,2411,437,0.18125259228535878,Europe
Slovenia,2007,0-1,2617,99,0.03782957585021016,Europe
Slovenia,2007,1-2,2617,111,0.042414978983568975,Europe
Slovenia,2007,10+,2617,1720,0.6572411157814291,Europe
Slovenia,2007,3-4,2617,200,0.07642338555598013,Europe
Slovenia,2007,5-9,2617,487,0.1860909438288116,Europe
Slovenia,2008,0-1,2246,101,0.044968833481745324,Europe
Slovenia,2008,1-2,2246,76,0.03383793410507569,Europe
Slovenia,2008,10+,2246,1476,0.6571682991985752,Europe
Slovenia,2008,3-4,2246,174,0.07747105966162066,Europe
Slovenia,2008,5-9,2246,419,0.18655387355298308,Europe
Slovenia,2009,0-1,2297,78,0.03395733565520244,Europe
Slovenia,2009,1-2,2297,100,0.043535045711798,Europe
Slovenia,2009,10+,2297,1483,0.6456247279059643,Europe
Slovenia,2009,3-4,2297,181,0.07879843273835438,Europe
Slovenia,2009,5-9,2297,455,0.19808445798868088,Europe
Slovenia,2010,0-1,2430,111,0.04567901234567901,Europe
Slovenia,2010,1-2,2430,72,0.02962962962962963,Europe
Slovenia,2010,10+,2430,1582,0.6510288065843621,Europe
Slovenia,2010,3-4,2430,220,0.09053497942386832,Europe
Slovenia,2010,5-9,2430,445,0.1831275720164609,Europe
Slovenia,2011,0-1,2298,92,0.04003481288076589,Europe
Slovenia,2011,1-2,2298,95,0.04134029590948651,Europe
Slovenia,2011,10+,2298,1465,0.6375108790252393,Europe
Slovenia,2011,3-4,2298,214,0.09312445604873804,Europe
Slovenia,2011,5-9,2298,432,0.18798955613577023,Europe
Slovenia,2012,0-1,2509,101,0.04025508170585891,Europe
Slovenia,2012,1-2,2509,89,0.03547229972100439,Europe
Slovenia,2012,10+,2509,1629,0.6492626544440016,Europe
Slovenia,2012,3-4,2509,238,0.09485850936628139,Europe
Slovenia,2012,5-9,2509,452,0.1801514547628537,Europe
Slovenia,2013,0-1,2351,110,0.04678860059549128,Europe
Slovenia,2013,1-2,2351,88,0.03743088047639302,Europe
Slovenia,2013,10+,2351,1498,0.6371756699276904,Europe
Slovenia,2013,3-4,2351,204,0.0867715865589111,Europe
Slovenia,2013,5-9,2351,451,0.19183326244151425,Europe
Slovenia,2014,0-1,2469,102,0.041312272174969626,Europe
Slovenia,2014,1-2,2469,95,0.03847711624139328,Europe
Slovenia,2014,10+,2469,1565,0.6338598622924261,Europe
Slovenia,2014,3-4,2469,216,0.08748481166464156,Europe
Slovenia,2014,5-9,2469,491,0.19886593762656946,Europe
Slovenia,2015,0-1,2432,129,0.05304276315789474,Europe
Slovenia,2015,1-2,2432,129,0.05304276315789474,Europe
Slovenia,2015,10+,2432,1455,0.5982730263157895,Europe
Slovenia,2015,3-4,2432,233,0.09580592105263158,Europe
Slovenia,2015,5-9,2432,486,0.19983552631578946,Europe
Slovenia,2016,0-1,2531,101,0.039905175819834056,Europe
Slovenia,2016,1-2,2531,103,0.04069537732121691,Europe
Slovenia,2016,10+,2531,1567,0.6191228763334651,Europe
Slovenia,2016,3-4,2531,253,0.09996048992493085,Europe
Slovenia,2016,5-9,2531,507,0.20031608060055314,Europe
Slovenia,2017,0-1,2387,128,0.05362379555927943,Europe
Slovenia,2017,1-2,2387,94,0.03937997486384583,Europe
Slovenia,2017,10+,2387,1474,0.6175115207373272,Europe
Slovenia,2017,3-4,2387,202,0.08462505236698785,Europe
Slovenia,2017,5-9,2387,489,0.2048596564725597,Europe
Slovenia,2018,0-1,2347,120,0.05112910097997444,Europe
Slovenia,2018,1-2,2347,109,0.04644226672347678,Europe
Slovenia,2018,10+,2347,1435,0.6114188325521943,Europe
Slovenia,2018,3-4,2347,214,0.09118023008095441,Europe
Slovenia,2018,5-9,2347,469,0.1998295696634001,Europe
Slovenia,2019,0-1,2476,109,0.04402261712439418,Europe
Slovenia,2019,1-2,2476,119,0.048061389337641355,Europe
Slovenia,2019,10+,2476,1509,0.6094507269789984,Europe
Slovenia,2019,3-4,2476,239,0.09652665589660743,Europe
Slovenia,2019,5-9,2476,500,0.20193861066235863,Europe
Slovenia,2020,0-1,1774,114,0.06426155580608793,Europe
Slovenia,2020,1-2,1774,74,0.04171364148816235,Europe
Slovenia,2020,10+,1774,1087,0.612739571589628,Europe
Slovenia,2020,3-4,1774,173,0.09751972942502818,Europe
Slovenia,2020,5-9,1774,326,0.18376550169109357,Europe
Slovenia,2021,0-1,2322,111,0.04780361757105943,Europe
Slovenia,2021,1-2,2322,107,0.04608096468561585,Europe
Slovenia,2021,10+,2322,1425,0.6136950904392765,Europe
Slovenia,2021,3-4,2322,218,0.09388458225667529,Europe
Slovenia,2021,5-9,2322,461,0.19853574504737295,Europe
Slovenia,2022,0-1,2149,87,0.04048394602140531,Europe
Slovenia,2022,1-2,2149,80,0.03722661703117729,Europe
Slovenia,2022,10+,2149,1372,0.6384364820846905,Europe
Slovenia,2022,3-4,2149,203,0.09446254071661238,Europe
Slovenia,2022,5-9,2149,407,0.18939041414611446,Europe
Slovenia,2023,0-1,2165,101,0.046651270207852195,Europe
Slovenia,2023,1-2,2165,67,0.03094688221709007,Europe
Slovenia,2023,10+,2165,1354,0.6254041570438799,Europe
Slovenia,2023,3-4,2165,186,0.0859122401847575,Europe
Slovenia,2023,5-9,2165,457,0.21108545034642032,Europe
Spain,2001,0-1,39242,84,0.0021405636817695326,Europe
Spain,2001,1-2,39242,826,0.02104887620406707,Europe
Spain,2001,10+,39242,24767,0.6311350084093573,Europe
Spain,2001,3-4,39242,2959,0.075403903980429135,Europe
Spain,2001,5-9,39242,9006,0.22949900616686203,Europe
Spain,2002,0-1,41621,60,0.0014415799716489272,Europe
Spain,2002,1-2,41621,918,0.022056173566228587,Europe
Spain,2002,10+,41621,26129,0.627784051320247,Europe
Spain,2002,3-4,41621,3396,0.08159342639532928,Europe
Spain,2002,5-9,41621,9534,0.22906705749501455,Europe
Spain,2003,0-1,45448,89,0.0019582819926069355,Europe
Spain,2003,1-2,45448,997,0.02193715895088893,Europe
Spain,2003,10+,45448,28405,0.625,Europe
Spain,2003,3-4,45448,3832,0.08431614152437951,Europe
Spain,2003,5-9,45448,10474,0.23046118641084315,Europe
Spain,2004,0-1,50974,129,0.0025307019264723192,Europe
Spain,2004,1-2,50974,1051,0.02061835445521246,Europe
Spain,2004,10+,50974,32123,0.63018401538039,Europe
Spain,2004,3-4,50974,4203,0.08245379997645859,Europe
Spain,2004,5-9,50974,11585,0.22727272727272727,Europe
Spain,2005,0-1,72848,1629,0.022361629694706786,Europe
Spain,2005,1-2,72848,2580,0.03541620909290578,Europe
Spain,2005,10+,72848,42066,0.5774489347682846,Europe
Spain,2005,3-4,72848,6844,0.09394904458598727,Europe
Spain,2005,5-9,72848,16139,0.221543487810235,Europe
Spain,2006,0-1,126952,4564,0.03595059550066167,Europe
Spain,2006,1-2,126952,5533,0.043583401600604955,Europe
Spain,2006,10+,126952,73166,0.5763280609994329,Europe
Spain,2006,3-4,126952,11784,0.09282248408847438,Europe
Spain,2006,5-9,126952,27721,0.21835811960425988,Europe
Spain,2007,0-1,125721,4698,0.0373684587300451,Europe
Spain,2007,1-2,125721,4838,0.03848203561855219,Europe
Spain,2007,10+,125721,77519,0.6165954772870086,Europe
Spain,2007,3-4,125721,11401,0.09068492932763818,Europe
Spain,2007,5-9,125721,27265,0.216869099036756,Europe
Spain,2008,0-1,109922,4106,0.03735375993886574,Europe
Spain,2008,1-2,109922,4408,0.040101162642601114,Europe
Spain,2008,10+,109922,68273,0.621104055603064,Europe
Spain,2008,3-4,109922,9910,0.09015483706628337,Europe
Spain,2008,5-9,109922,23225,0.21128618474918578,Europe
Spain,2009,0-1,98207,3727,0.03795045159713666,Europe
Spain,2009,1-2,98207,4008,0.04081175476289878,Europe
Spain,2009,10+,98207,60119,0.612166138869938,Europe
Spain,2009,3-4,98207,9150,0.09317054792428238,Europe
Spain,2009,5-9,98207,21203,0.2159011068457442,Europe
Spain,2010,0-1,102690,3704,0.0360697244132827,Europe
Spain,2010,1-2,102690,4478,0.043606972441328266,Europe
Spain,2010,10+,102690,62292,0.6066023955594507,Europe
Spain,2010,3-4,102690,9975,0.09713701431492842,Europe
Spain,2010,5-9,102690,22241,0.21658389327100983,Europe
Spain,2011,0-1,103290,3361,0.03253945202826992,Europe
Spain,2011,1-2,103290,4002,0.03874528027882661,Europe
Spain,2011,10+,103290,63231,0.6121696195178623,Europe
Spain,2011,3-4,103290,10109,0.09787007454739084,Europe
Spain,2011,5-9,103290,22587,0.2186755736276503,Europe
Spain,2012,0-1,104262,3651,0.035017551936467745,Europe
Spain,2012,1-2,104262,3774,0.036197272256430914,Europe
Spain,2012,10+,104262,63691,0.6108745276323109,Europe
Spain,2012,3-4,104262,10128,0.09713989756574783,Europe
Spain,2012,5-9,104262,23018,0.2207707506090426,Europe
Spain,2013,0-1,95427,3316,0.03474907520932231,Europe
Spain,2013,1-2,95427,3308,0.034665241493497645,Europe
Spain,2013,10+,95427,57277,0.6002179676611441,Europe
Spain,2013,3-4,95427,9420,0.09871420038353924,Europe
Spain,2013,5-9,95427,22106,0.23165351525249667,Europe
Spain,2014,0-1,100746,2982,0.02959919004228456,Europe
Spain,2014,1-2,100746,3275,0.03250749409405832,Europe
Spain,2014,10+,100746,62362,0.6190022432652413,Europe
Spain,2014,3-4,100746,8679,0.08614734083735334,Europe
Spain,2014,5-9,100746,23448,0.23274373176106247,Europe
Spain,2015,0-1,96562,2979,0.030850645181334273,Europe
Spain,2015,1-2,96562,2915,0.030187858577908493,Europe
Spain,2015,10+,96562,60736,0.6289844866510635,Europe
Spain,2015,3-4,96562,8009,0.08294152979432903,Europe
Spain,2015,5-9,96562,21923,0.22703547979536465,Europe
Spain,2016,0-1,96824,2620,0.02705940675865488,Europe
Spain,2016,1-2,96824,2770,0.028608609435677106,Europe
Spain,2016,10+,96824,62815,0.6487544410476741,Europe
Spain,2016,3-4,96824,7369,0.07610716351317855,Europe
Spain,2016,5-9,96824,21250,0.21947037924481533,Europe
Spain,2017,0-1,97960,3301,0.03369742752143732,Europe
Spain,2017,1-2,97960,3058,0.031216823193140057,Europe
Spain,2017,10+,97960,63544,0.6486729277256023,Europe
Spain,2017,3-4,97960,7493,0.07649040424663128,Europe
Spain,2017,5-9,97960,20564,0.20992241731318906,Europe
Spain,2018,0-1,95254,2864,0.030066978814537973,Europe
Spain,2018,1-2,95254,3213,0.03373086694522015,Europe
Spain,2018,10+,95254,63216,0.6636571692527348,Europe
Spain,2018,3-4,95254,7265,0.07626976294958741,Europe
Spain,2018,5-9,95254,18696,0.19627522203791967,Europe
Spain,2019,0-1,91645,3129,0.03414261552730646,Europe
Spain,2019,1-2,91645,3267,0.035648425991598016,Europe
Spain,2019,10+,91645,59854,0.6531070980413552,Europe
Spain,2019,3-4,91645,7500,0.08183752523323695,Europe
Spain,2019,5-9,91645,17895,0.19526433520650335,Europe
Spain,2020,0-1,77200,2487,0.03221502590673575,Europe
Spain,2020,1-2,77200,2778,0.035984455958549225,Europe
Spain,2020,10+,77200,50307,0.6516450777202073,Europe
Spain,2020,3-4,77200,6943,0.08993523316062176,Europe
Spain,2020,5-9,77200,14685,0.190220207253886,Europe
Spain,2021,0-1,86851,2248,0.025883409517449423,Europe
Spain,2021,1-2,86851,2830,0.032584541340917206,Europe
Spain,2021,10+,86851,56814,0.6541548168702721,Europe
Spain,2021,3-4,86851,7655,0.08813945723135025,Europe
Spain,2021,5-9,86851,17304,0.19923777504001106,Europe
Spain,2022,0-1,81302,2004,0.024648840126934145,Europe
Spain,2022,1-2,81302,2296,0.02824038769033972,Europe
Spain,2022,10+,81302,52800,0.6494305183144327,Europe
Spain,2022,3-4,81302,7368,0.09062507687387764,Europe
Spain,2022,5-9,81302,16834,0.2070551769944159,Europe
Spain,2023,0-1,76685,2552,0.03327899850035861,Europe
Spain,2023,1-2,76685,1970,0.02568950903044924,Europe
Spain,2023,10+,76685,49443,0.6447545152246202,Europe
Spain,2023,3-4,76685,6304,0.08220642889743757,Europe
Spain,2023,5-9,76685,16416,0.21407054834713438,Europe
Sweden,1996,0-1,21921,1105,0.050408284293599746,Europe
Sweden,1996,1-2,21921,1189,0.054240226267049864,Europe
Sweden,1996,10+,21921,9738,0.44423155877925274,Europe
Sweden,1996,3-4,21921,2652,0.12097988230463938,Europe
Sweden,1996,5-9,21921,6669,0.30422882167784315,Europe
Sweden,2004,0-1,20106,1403,0.06978016512483835,Europe
Sweden,2004,1-2,20106,1234,0.0613747140157167,Europe
Sweden,2004,10+,20106,10562,0.5253158261215558,Europe
Sweden,2004,3-4,20106,2759,0.13722271958619317,Europe
Sweden,2004,5-9,20106,4136,0.20570973838655127,Europe
Sweden,2007,0-1,20669,1462,0.07073394939281048,Europe
Sweden,2007,1-2,20669,1402,0.06783105133291402,Europe
Sweden,2007,10+,20669,9701,0.4693502346509265,Europe
Sweden,2007,3-4,20669,3224,0.15598238908510328,Europe
Sweden,2007,5-9,20669,4726,0.22865160385117808,Europe
Sweden,2008,0-1,21377,1782,0.08336062122842307,Europe
Sweden,2008,1-2,21377,1468,0.06867193712868971,Europe
Sweden,2008,10+,21377,9645,0.45118585395518546,Europe
Sweden,2008,3-4,21377,3339,0.1561959114936614,Europe
Sweden,2008,5-9,21377,4961,0.23207185292604202,Europe
Sweden,2009,0-1,22211,1313,0.05911485300076539,Europe
Sweden,2009,1-2,22211,1632,0.07347710593849895,Europe
Sweden,2009,10+,22211,9668,0.43527981630723517,Europe
Sweden,2009,3-4,22211,3509,0.1579847823150691,Europe
Sweden,2009,5-9,22211,5410,0.24357300436720544,Europe
Sweden,2010,0-1,23593,1952,0.08273640486585004,Europe
Sweden,2010,1-2,23593,1877,0.0795574958674183,Europe
Sweden,2010,10+,23593,9930,0.4208875513923621,Europe
Sweden,2010,3-4,23593,3991,0.1691603441698809,Europe
Sweden,2010,5-9,23593,5647,0.23935065485525367,Europe
Sweden,2011,0-1,23389,1831,0.07828466373081364,Europe
Sweden,2011,1-2,23389,1848,0.07901150113301124,Europe
Sweden,2011,10+,23389,9764,0.41746119970926504,Europe
Sweden,2011,3-4,23389,4258,0.1820513916798495,Europe
Sweden,2011,5-9,23389,5523,0.23613664543161314,Europe
Sweden,2012,0-1,23422,1739,0.07424643497566391,Europe
Sweden,2012,1-2,23422,1806,0.07710699342498506,Europe
Sweden,2012,10+,23422,9408,0.401673640167364,Europe
Sweden,2012,3-4,23422,4378,0.1869182819571343,Europe
Sweden,2012,5-9,23422,5910,0.2523268721714627,Europe
Sweden,2013,0-1,26933,2176,0.08079307912226637,Europe
Sweden,2013,1-2,26933,2067,0.07674599933167489,Europe
Sweden,2013,10+,26933,10769,0.39984405747595886,Europe
Sweden,2013,3-4,26933,5076,0.18846767905543385,Europe
Sweden,2013,5-9,26933,6845,0.25414918501466605,Europe
Sweden,2014,0-1,26143,2102,0.08040393221894962,Europe
Sweden,2014,1-2,26143,1825,0.06980836170294151,Europe
Sweden,2014,10+,26143,10235,0.391500592892935,Europe
Sweden,2014,3-4,26143,4665,0.17844164785984776,Europe
Sweden,2014,5-9,26143,7022,0.2685996251386604,Europe
Sweden,2015,0-1,24876,1982,0.07967518893712816,Europe
Sweden,2015,1-2,24876,1862,0.07485126226081364,Europe
Sweden,2015,10+,24876,10037,0.4034812670847403,Europe
Sweden,2015,3-4,24876,3898,0.15669721820228333,Europe
Sweden,2015,5-9,24876,6813,0.2738784370477569,Europe
Sweden,2016,0-1,24258,1754,0.07230604336713661,Europe
Sweden,2016,1-2,24258,1816,0.07486190122846072,Europe
Sweden,2016,10+,24258,10070,0.41512078489570453,Europe
Sweden,2016,3-4,24258,3746,0.1544232830406464,Europe
Sweden,2016,5-9,24258,6627,0.27318822656443237,Europe
Sweden,2017,0-1,24210,1669,0.06893845518380834,Europe
Sweden,2017,1-2,24210,1654,0.06831887649731516,Europe
Sweden,2017,10+,24210,10189,0.4208591491119372,Europe
Sweden,2017,3-4,24210,3834,0.158364312267658,Europe
Sweden,2017,5-9,24210,6574,0.27154068566707973,Europe
Sweden,2018,0-1,24958,1649,0.06607099927878836,Europe
Sweden,2018,1-2,24958,1613,0.06462857600769292,Europe
Sweden,2018,10+,24958,10779,0.4318855677538264,Europe
Sweden,2018,3-4,24958,3638,0.14576488500681145,Europe
Sweden,2018,5-9,24958,6911,0.27690520073723857,Europe
Sweden,2019,0-1,25407,1602,0.06305348919589089,Europe
Sweden,2019,1-2,25407,1512,0.05951115834218916,Europe
Sweden,2019,10+,25407,11292,0.4444444444444444,Europe
Sweden,2019,3-4,25407,3686,0.14507812807493997,Europe
Sweden,2019,5-9,25407,7247,0.2852363521864053,Europe
Sweden,2020,0-1,25619,1608,0.06276591592177681,Europe
Sweden,2020,1-2,25619,1533,0.0598384011866193,Europe
Sweden,2020,10+,25619,11744,0.45840977399586247,Europe
Sweden,2020,3-4,25619,3325,0.12978648659198253,Europe
Sweden,2020,5-9,25619,7394,0.2886139193567274,Europe
Sweden,2022,0-1,21531,1105,0.051321350610747295,Europe
Sweden,2022,1-2,21531,1091,0.05067112535414054,Europe
Sweden,2022,10+,21531,10652,0.4947285309553667,Europe
Sweden,2022,3-4,21531,2649,0.12303190748223491,Europe
Sweden,2022,5-9,21531,6012,0.27922530305141424,Europe
Sweden,2023,0-1,21231,1285,0.060524704441618386,Europe
Sweden,2023,1-2,21231,898,0.04229664170316989,Europe
Sweden,2023,10+,21231,10849,0.5109980688615704,Europe
Sweden,2023,3-4,21231,2358,0.11106401017380246,Europe
Sweden,2023,5-9,21231,5818,0.2740332532617399,Europe
Switzerland,1995,0-1,15703,750,0.04776157422148634,Europe
Switzerland,1995,1-2,15703,848,0.054002419919760555,Europe
Switzerland,1995,10+,15703,7322,0.46628032859963064,Europe
Switzerland,1995,3-4,15703,2330,0.14837929058141755,Europe
Switzerland,1995,5-9,15703,4453,0.2835763866777049,Europe
Switzerland,1996,0-1,16172,672,0.04155330200346277,Europe
Switzerland,1996,1-2,16172,811,0.050148404650012364,Europe
Switzerland,1996,10+,16172,7758,0.4797180311649765,Europe
Switzerland,1996,3-4,16172,2170,0.13418253771951522,Europe
Switzerland,1996,5-9,16172,4761,0.29439772446203316,Europe
Switzerland,2004,0-1,17949,458,0.02551674187977046,Europe
Switzerland,2004,1-2,17949,579,0.03225806451612903,Europe
Switzerland,2004,10+,17949,10068,0.5609226140732074,Europe
Switzerland,2004,3-4,17949,1513,0.08429438965959106,Europe
Switzerland,2004,5-9,17949,5331,0.297008189871302,Europe
Switzerland,2007,0-1,19882,409,0.020571371089427623,Europe
Switzerland,2007,1-2,19882,573,0.02882003822553063,Europe
Switzerland,2007,10+,19882,11793,0.5931495825369681,Europe
Switzerland,2007,3-4,19882,1599,0.08042450457700433,Europe
Switzerland,2007,5-9,19882,5508,0.2770345035710693,Europe
Switzerland,2008,0-1,19613,423,0.021567327792790497,Europe
Switzerland,2008,1-2,19613,508,0.025901187987559273,Europe
Switzerland,2008,10+,19613,11678,0.5954214041707031,Europe
Switzerland,2008,3-4,19613,1553,0.07918217508795188,Europe
Switzerland,2008,5-9,19613,5451,0.27792790496099523,Europe
Switzerland,2009,0-1,19321,416,0.0215309766575229,Europe
Switzerland,2009,1-2,19321,545,0.02820764970757207,Europe
Switzerland,2009,10+,19321,11378,0.5888929144454221,Europe
Switzerland,2009,3-4,19321,1491,0.07716991874126598,Europe
Switzerland,2009,5-9,19321,5491,0.28419854044821696,Europe
Switzerland,2010,0-1,22081,585,0.026493365336714824,Europe
Switzerland,2010,1-2,22081,660,0.029889950636293645,Europe
Switzerland,2010,10+,22081,12945,0.5862506227073049,Europe
Switzerland,2010,3-4,22081,1745,0.079027217970200625,Europe
Switzerland,2010,5-9,22081,6146,0.278338843349486,Europe
Switzerland,2011,0-1,17566,530,0.030171923033132188,Europe
Switzerland,2011,1-2,17566,512,0.029147216213139017,Europe
Switzerland,2011,10+,17566,10305,0.586644654446089,Europe
Switzerland,2011,3-4,17566,1409,0.08021177274279859,Europe
Switzerland,2011,5-9,17566,4810,0.27382443356484115,Europe
Switzerland,2012,0-1,17550,503,0.02866096866096866,Europe
Switzerland,2012,1-2,17550,569,0.032421652421652424,Europe
Switzerland,2012,10+,17550,10292,0.5864387464387464,Europe
Switzerland,2012,3-4,17550,1451,0.08267806267806267,Europe
Switzerland,2012,5-9,17550,4735,0.2698005698005698,Europe
Switzerland,2013,0-1,17119,490,0.028623167241077167,Europe
Switzerland,2013,1-2,17119,567,0.033121093521817864,Europe
Switzerland,2013,10+,17119,10096,0.5897540744202349,Europe
Switzerland,2013,3-4,17119,1412,0.08248145335592032,Europe
Switzerland,2013,5-9,17119,4554,0.26602021146094984,Europe
Switzerland,2014,0-1,16756,535,0.0319288613034137,Europe
Switzerland,2014,1-2,16756,512,0.030556218667939842,Europe
Switzerland,2014,10+,16756,10027,0.5984125089520171,Europe
Switzerland,2014,3-4,16756,1426,0.08510384339937933,Europe
Switzerland,2014,5-9,16756,4256,0.25399856767724993,Europe
Switzerland,2015,0-1,16982,547,0.032210575903898246,Europe
Switzerland,2015,1-2,16982,496,0.029207396066423273,Europe
Switzerland,2015,10+,16982,9561,0.5630078907078083,Europe
Switzerland,2015,3-4,16982,1443,0.0849723236367919,Europe
Switzerland,2015,5-9,16982,4333,0.2551525144270404,Europe
Switzerland,2016,0-1,17028,529,0.031066478740897345,Europe
Switzerland,2016,1-2,17028,513,0.030126849894291756,Europe
Switzerland,2016,10+,17028,10395,0.6104651162790697,Europe
Switzerland,2016,3-4,17028,1361,0.07992717876438807,Europe
Switzerland,2016,5-9,17028,4230,0.24841437632135308,Europe
Switzerland,2017,0-1,15906,525,0.033006412674462464,Europe
Switzerland,2017,1-2,15906,471,0.02961146737080347,Europe
Switzerland,2017,10+,15906,9739,0.6122846724506475,Europe
Switzerland,2017,3-4,15906,1241,0.07802087262668175,Europe
Switzerland,2017,5-9,15906,3930,0.24707657487740475,Europe
Switzerland,2018,0-1,16542,522,0.031556039173014146,Europe
Switzerland,2018,1-2,16542,498,0.03010518679724338,Europe
Switzerland,2018,10+,16542,10234,0.6186676339015839,Europe
Switzerland,2018,3-4,16542,1307,0.07901100229718293,Europe
Switzerland,2018,5-9,16542,3981,0.2406601378309757,Europe
Switzerland,2019,0-1,16885,508,0.0300858750370151,Europe
Switzerland,2019,1-2,16885,506,0.02996742671009772,Europe
Switzerland,2019,10+,16885,10595,0.6274800118448327,Europe
Switzerland,2019,3-4,16885,1307,0.07740598164050932,Europe
Switzerland,2019,5-9,16885,3969,0.23506070476754515,Europe
Switzerland,2020,0-1,16210,417,0.025724861196792105,Europe
Switzerland,2020,1-2,16210,465,0.028685996298581123,Europe
Switzerland,2020,10+,16210,10362,0.6392350400987045,Europe
Switzerland,2020,3-4,16210,1252,0.07723627390499692,Europe
Switzerland,2020,5-9,16210,3714,0.22911782850092535,Europe
Switzerland,2022,0-1,16201,368,0.022714647243997285,Europe
Switzerland,2022,1-2,16201,365,0.022529473489290786,Europe
Switzerland,2022,10+,16201,10671,0.6586630454910191,Europe
Switzerland,2022,3-4,16201,1209,0.07462502314671934,Europe
Switzerland,2022,5-9,16201,3588,0.22146781062897353,Europe
Switzerland,2023,0-1,15562,415,0.026667523454568822,Europe
Switzerland,2023,1-2,15562,319,0.020498650559054105,Europe
Switzerland,2023,10+,15562,10196,0.655185708777792,Europe
Switzerland,2023,3-4,15562,1078,0.06927130188921732,Europe
Switzerland,2023,5-9,15562,3554,0.22837681531936768,Europe
Ukraine,1995,0-1,198300,25687,0.12953605648008068,Europe
Ukraine,1995,1-2,198300,16420,0.08280383257690369,Europe
Ukraine,1995,10+,198300,70535,0.3556984367120524,Europe
Ukraine,1995,3-4,198300,31720,0.15995965708522442,Europe
Ukraine,1995,5-9,198300,53938,0.2720020171457388,Europe
Ukraine,2004,0-1,173163,14698,0.08487956434111213,Europe
Ukraine,2004,1-2,173163,10774,0.062218834277530416,Europe
Ukraine,2004,10+,173163,84020,0.48520757898627304,Europe
Ukraine,2004,3-4,173163,20337,0.11744425772249269,Europe
Ukraine,2004,5-9,173163,43334,0.25024976467259175,Europe
Ukraine,2007,0-1,178364,16137,0.0904722926151017,Europe
Ukraine,2007,1-2,178364,11623,0.06516449507748201,Europe
Ukraine,2007,10+,178364,84778,0.47530891884012466,Europe
Ukraine,2007,3-4,178364,23679,0.13275661007826692,Europe
Ukraine,2007,5-9,178364,42147,0.23629768338902468,Europe
Ukraine,2008,0-1,166845,17553,0.10520543018969702,Europe
Ukraine,2008,1-2,166845,12577,0.07538134196409842,Europe
Ukraine,2008,10+,166845,75794,0.4542779226227936,Europe
Ukraine,2008,3-4,166845,21721,0.1301867002307531,Europe
Ukraine,2008,5-9,166845,39200,0.23494860499265785,Europe
Ukraine,2010,0-1,126068,12380,0.09820097090459118,Europe
Ukraine,2010,1-2,126068,12437,0.098653107846559,Europe
Ukraine,2010,10+,126068,52268,0.41460164355744517,Europe
Ukraine,2010,3-4,126068,19071,0.1512755021099724,Europe
Ukraine,2010,5-9,126068,29912,0.23726877558143225,Europe
United Kingdom,1995,0-1,167748,5219,0.03111214440708682,Europe
United Kingdom,1995,1-2,167748,9355,0.05576817607363426,Europe
United Kingdom,1995,10+,167748,83630,0.4985454372034242,Europe
United Kingdom,1995,3-4,167748,21841,0.1302012542623459,Europe
United Kingdom,1995,5-9,167748,47703,0.28437298805350886,Europe
United Kingdom,1996,0-1,171729,5313,0.030938280663137852,Europe
United Kingdom,1996,1-2,171729,9308,0.054201678225576345,Europe
United Kingdom,1996,10+,171729,86025,0.5009346120923083,Europe
United Kingdom,1996,3-4,171729,22395,0.13040895830057825,Europe
United Kingdom,1996,5-9,171729,48400,0.28183940976771543,Europe
United Kingdom,2003,0-1,166735,3407,0.020433622214891894,Europe
United Kingdom,2003,1-2,166735,7211,0.043248268210033886,Europe
United Kingdom,2003,10+,166735,94396,0.5661438810087864,Europe
United Kingdom,2003,3-4,166735,18163,0.10893333733169401,Europe
United Kingdom,2003,5-9,166735,43558,0.2612408912345938,Europe
United Kingdom,2011,0-1,129764,1901,0.014649671711722819,Europe
United Kingdom,2011,1-2,129764,4348,0.03350698190561327,Europe
United Kingdom,2011,10+,129764,74407,0.5734024845103418,Europe
United Kingdom,2011,3-4,129764,13523,0.10421226226071946,Europe
United Kingdom,2011,5-9,129764,35585,0.2742285996116026,Europe
United Kingdom,2016,0-1,118505,1786,0.015071094046664698,Europe
United Kingdom,2016,1-2,118505,3611,0.030471288131302475,Europe
United Kingdom,2016,10+,118505,70708,0.5966668073077085,Europe
United Kingdom,2016,3-4,118505,12089,0.10201257330914307,Europe
United Kingdom,2016,5-9,118505,30311,0.2557782372051812,Europe
United Kingdom,2017,0-1,102007,1643,0.01610673777289794,Europe
United Kingdom,2017,1-2,102007,3196,0.03133118315409727,Europe
United Kingdom,2017,10+,102007,60313,0.5912633446724245,Europe
United Kingdom,2017,3-4,102007,9980,0.09783642299057908,Europe
United Kingdom,2017,5-9,102007,26873,0.26344270491240795,Europe
United Kingdom,2018,0-1,91299,1269,0.013899385535438505,Europe
United Kingdom,2018,1-2,91299,2718,0.029770315118456937,Europe
United Kingdom,2018,10+,91299,55191,0.6045082640554661,Europe
United Kingdom,2018,3-4,91299,8151,0.08927808628791115,Europe
United Kingdom,2018,5-9,91299,23968,0.26252204295775416,Europe
United Kingdom,2019,0-1,108421,1324,0.012211656413425443,Europe
United Kingdom,2019,1-2,108421,3286,0.030307781702806652,Europe
United Kingdom,2019,10+,108421,64931,0.5988784460574981,Europe
United Kingdom,2019,3-4,108421,9788,0.0902777137270455,Europe
United Kingdom,2019,5-9,108421,29092,0.2683244020992243,Europe
United Kingdom,2020,0-1,103592,1608,0.015522434164800371,Europe
United Kingdom,2020,1-2,103592,3252,0.03139238551239478,Europe
United Kingdom,2020,10+,103592,60421,0.5832593250444049,Europe
United Kingdom,2020,3-4,103592,9852,0.09510386902463511,Europe
United Kingdom,2020,5-9,103592,28459,0.27472198625376476,Europe
United Kingdom,2021,0-1,113505,1371,0.0120787630500859,Europe
United Kingdom,2021,1-2,113505,3328,0.02932029426016475,Europe
United Kingdom,2021,10+,113505,68068,0.5996916435399322,Europe
United Kingdom,2021,3-4,113505,10253,0.09033082243072993,Europe
United Kingdom,2021,5-9,113505,30483,0.26856085634994054,Europe
